2025-10-02 01:06:28,126 [Worker-2: Loading available Gradle versions] INFO  o.e.b.c.i.u.g.PublishedGradleVersions - Gradle version information cache is up-to-date. Trying to read.
2025-10-02 14:04:57,743 [Worker-4: Loading available Gradle versions] INFO  o.e.b.c.i.u.g.PublishedGradleVersions - Gradle version information cache is up-to-date. Trying to read.
2025-10-02 15:55:34,928 [Worker-40: Creating project "maven-to-go"] INFO  o.e.m.c.i.l.LifecycleMappingFactory - Using org.maven.ide.eclipse.wtp.WarLifecycleMapping lifecycle mapping for MavenProject: com.orphan.basis:maven-to-go:0.0.1-SNAPSHOT @ D:\BackendJava\My_Workspace\Space_Deep\Session01_Maven\maven-to-go\pom.xml.
2025-10-02 15:55:37,393 [Worker-40: Creating project "maven-to-go"] INFO  o.e.m.j.i.AbstractJavaProjectConfigurator - Adding source folder /maven-to-go/src/main/java
2025-10-02 15:55:37,396 [Worker-40: Creating project "maven-to-go"] INFO  o.e.m.j.i.AbstractJavaProjectConfigurator - Adding resource folder /maven-to-go/src/main/resources
2025-10-02 15:55:37,397 [Worker-40: Creating project "maven-to-go"] INFO  o.e.m.j.i.AbstractJavaProjectConfigurator - Adding source folder /maven-to-go/src/test/java
2025-10-02 15:55:37,398 [Worker-40: Creating project "maven-to-go"] INFO  o.e.m.j.i.AbstractJavaProjectConfigurator - Adding resource folder /maven-to-go/src/test/resources
2025-10-02 15:55:39,205 [Worker-44: Building] WARN  o.a.m.s.f.DefaultMavenResourcesFiltering - Using platform encoding (UTF-8 actually) to copy filtered resources, i.e. build is platform dependent!
2025-10-02 15:55:39,212 [Worker-44: Building] INFO  o.a.m.s.f.DefaultMavenResourcesFiltering - Copying 0 resource from src\main\resources to target\classes
2025-10-02 15:55:39,235 [Worker-44: Building] WARN  o.a.m.s.f.DefaultMavenResourcesFiltering - Using platform encoding (UTF-8 actually) to copy filtered resources, i.e. build is platform dependent!
2025-10-02 15:55:39,236 [Worker-44: Building] INFO  o.a.m.s.f.DefaultMavenResourcesFiltering - Copying 0 resource from src\test\resources to target\test-classes
2025-10-02 15:55:40,176 [Worker-43: Building] WARN  o.a.m.s.f.DefaultMavenResourcesFiltering - Using platform encoding (UTF-8 actually) to copy filtered resources, i.e. build is platform dependent!
2025-10-02 15:55:40,179 [Worker-43: Building] INFO  o.a.m.s.f.DefaultMavenResourcesFiltering - Copying 0 resource from src\main\resources to target\classes
2025-10-02 15:55:40,184 [Worker-43: Building] WARN  o.a.m.s.f.DefaultMavenResourcesFiltering - Using platform encoding (UTF-8 actually) to copy filtered resources, i.e. build is platform dependent!
2025-10-02 15:55:40,185 [Worker-43: Building] INFO  o.a.m.s.f.DefaultMavenResourcesFiltering - Copying 0 resource from src\test\resources to target\test-classes
2025-10-02 15:58:32,631 [Worker-42: Creating project "maven-to-go"] INFO  o.e.m.c.i.l.LifecycleMappingFactory - Using org.eclipse.m2e.jdt.JarLifecycleMapping lifecycle mapping for MavenProject: com.spboot.basis:maven-to-go:0.0.1-SNAPSHOT @ D:\BackendJava\My_Workspace\Space_Deep\Session01_Maven\maven-to-go\pom.xml.
2025-10-02 15:58:33,792 [Worker-42: Creating project "maven-to-go"] INFO  o.e.m.j.i.AbstractJavaProjectConfigurator - Adding source folder /maven-to-go/src/main/java
2025-10-02 15:58:33,793 [Worker-42: Creating project "maven-to-go"] INFO  o.e.m.j.i.AbstractJavaProjectConfigurator - Adding resource folder /maven-to-go/src/main/resources
2025-10-02 15:58:33,795 [Worker-42: Creating project "maven-to-go"] INFO  o.e.m.j.i.AbstractJavaProjectConfigurator - Adding source folder /maven-to-go/src/test/java
2025-10-02 15:58:33,796 [Worker-42: Creating project "maven-to-go"] INFO  o.e.m.j.i.AbstractJavaProjectConfigurator - Adding resource folder /maven-to-go/src/test/resources
2025-10-02 15:58:34,058 [Worker-42: Building] WARN  o.a.m.s.f.DefaultMavenResourcesFiltering - Using platform encoding (UTF-8 actually) to copy filtered resources, i.e. build is platform dependent!
2025-10-02 15:58:34,059 [Worker-42: Building] INFO  o.a.m.s.f.DefaultMavenResourcesFiltering - Copying 0 resource from src\main\resources to target\classes
2025-10-02 15:58:34,063 [Worker-42: Building] WARN  o.a.m.s.f.DefaultMavenResourcesFiltering - Using platform encoding (UTF-8 actually) to copy filtered resources, i.e. build is platform dependent!
2025-10-02 15:58:34,064 [Worker-42: Building] INFO  o.a.m.s.f.DefaultMavenResourcesFiltering - Copying 0 resource from src\test\resources to target\test-classes
2025-10-02 16:07:24,280 [Worker-42: Building] WARN  o.a.m.s.f.DefaultMavenResourcesFiltering - Using platform encoding (UTF-8 actually) to copy filtered resources, i.e. build is platform dependent!
2025-10-02 16:07:24,281 [Worker-42: Building] INFO  o.a.m.s.f.DefaultMavenResourcesFiltering - Copying 0 resource from src\main\resources to target\classes
2025-10-02 16:07:24,283 [Worker-42: Building] WARN  o.a.m.s.f.DefaultMavenResourcesFiltering - Using platform encoding (UTF-8 actually) to copy filtered resources, i.e. build is platform dependent!
2025-10-02 16:07:24,284 [Worker-42: Building] INFO  o.a.m.s.f.DefaultMavenResourcesFiltering - Copying 0 resource from src\test\resources to target\test-classes
2025-10-02 16:10:43,904 [Worker-42: Building] WARN  o.a.m.s.f.DefaultMavenResourcesFiltering - Using platform encoding (UTF-8 actually) to copy filtered resources, i.e. build is platform dependent!
2025-10-02 16:10:43,906 [Worker-42: Building] INFO  o.a.m.s.f.DefaultMavenResourcesFiltering - Copying 0 resource from src\main\resources to target\classes
2025-10-02 16:10:43,909 [Worker-42: Building] WARN  o.a.m.s.f.DefaultMavenResourcesFiltering - Using platform encoding (UTF-8 actually) to copy filtered resources, i.e. build is platform dependent!
2025-10-02 16:10:43,913 [Worker-42: Building] INFO  o.a.m.s.f.DefaultMavenResourcesFiltering - Copying 0 resource from src\test\resources to target\test-classes
2025-10-02 16:12:16,001 [Worker-42: Building] WARN  o.a.m.s.f.DefaultMavenResourcesFiltering - Using platform encoding (UTF-8 actually) to copy filtered resources, i.e. build is platform dependent!
2025-10-02 16:12:16,001 [Worker-42: Building] INFO  o.a.m.s.f.DefaultMavenResourcesFiltering - Copying 0 resource from src\main\resources to target\classes
2025-10-02 16:12:16,003 [Worker-42: Building] WARN  o.a.m.s.f.DefaultMavenResourcesFiltering - Using platform encoding (UTF-8 actually) to copy filtered resources, i.e. build is platform dependent!
2025-10-02 16:12:16,009 [Worker-42: Building] INFO  o.a.m.s.f.DefaultMavenResourcesFiltering - Copying 0 resource from src\test\resources to target\test-classes
2025-10-02 16:13:04,258 [Worker-42: Building] WARN  o.a.m.s.f.DefaultMavenResourcesFiltering - Using platform encoding (UTF-8 actually) to copy filtered resources, i.e. build is platform dependent!
2025-10-02 16:13:04,260 [Worker-42: Building] INFO  o.a.m.s.f.DefaultMavenResourcesFiltering - Copying 0 resource from src\main\resources to target\classes
2025-10-02 16:13:04,262 [Worker-42: Building] WARN  o.a.m.s.f.DefaultMavenResourcesFiltering - Using platform encoding (UTF-8 actually) to copy filtered resources, i.e. build is platform dependent!
2025-10-02 16:13:04,265 [Worker-42: Building] INFO  o.a.m.s.f.DefaultMavenResourcesFiltering - Copying 0 resource from src\test\resources to target\test-classes
2025-10-02 16:14:31,746 [Worker-50: Building] WARN  o.a.m.s.f.DefaultMavenResourcesFiltering - Using platform encoding (UTF-8 actually) to copy filtered resources, i.e. build is platform dependent!
2025-10-02 16:14:31,747 [Worker-50: Building] INFO  o.a.m.s.f.DefaultMavenResourcesFiltering - Copying 0 resource from src\main\resources to target\classes
2025-10-02 16:14:31,749 [Worker-50: Building] WARN  o.a.m.s.f.DefaultMavenResourcesFiltering - Using platform encoding (UTF-8 actually) to copy filtered resources, i.e. build is platform dependent!
2025-10-02 16:14:31,750 [Worker-50: Building] INFO  o.a.m.s.f.DefaultMavenResourcesFiltering - Copying 0 resource from src\test\resources to target\test-classes
2025-10-02 16:15:52,971 [Worker-56: Building] WARN  o.a.m.s.f.DefaultMavenResourcesFiltering - Using platform encoding (UTF-8 actually) to copy filtered resources, i.e. build is platform dependent!
2025-10-02 16:15:52,972 [Worker-56: Building] INFO  o.a.m.s.f.DefaultMavenResourcesFiltering - Copying 0 resource from src\main\resources to target\classes
2025-10-02 16:15:52,978 [Worker-56: Building] WARN  o.a.m.s.f.DefaultMavenResourcesFiltering - Using platform encoding (UTF-8 actually) to copy filtered resources, i.e. build is platform dependent!
2025-10-02 16:15:52,979 [Worker-56: Building] INFO  o.a.m.s.f.DefaultMavenResourcesFiltering - Copying 0 resource from src\test\resources to target\test-classes
2025-10-02 16:16:02,031 [Worker-57: Building] WARN  o.a.m.s.f.DefaultMavenResourcesFiltering - Using platform encoding (UTF-8 actually) to copy filtered resources, i.e. build is platform dependent!
2025-10-02 16:16:02,032 [Worker-57: Building] INFO  o.a.m.s.f.DefaultMavenResourcesFiltering - Copying 0 resource from src\main\resources to target\classes
2025-10-02 16:16:02,034 [Worker-57: Building] WARN  o.a.m.s.f.DefaultMavenResourcesFiltering - Using platform encoding (UTF-8 actually) to copy filtered resources, i.e. build is platform dependent!
2025-10-02 16:16:02,034 [Worker-57: Building] INFO  o.a.m.s.f.DefaultMavenResourcesFiltering - Copying 0 resource from src\test\resources to target\test-classes
2025-10-02 16:16:06,057 [Worker-53: Building] WARN  o.a.m.s.f.DefaultMavenResourcesFiltering - Using platform encoding (UTF-8 actually) to copy filtered resources, i.e. build is platform dependent!
2025-10-02 16:16:06,058 [Worker-53: Building] INFO  o.a.m.s.f.DefaultMavenResourcesFiltering - Copying 0 resource from src\main\resources to target\classes
2025-10-02 16:16:06,062 [Worker-53: Building] WARN  o.a.m.s.f.DefaultMavenResourcesFiltering - Using platform encoding (UTF-8 actually) to copy filtered resources, i.e. build is platform dependent!
2025-10-02 16:16:06,062 [Worker-53: Building] INFO  o.a.m.s.f.DefaultMavenResourcesFiltering - Copying 0 resource from src\test\resources to target\test-classes
2025-10-02 16:16:31,120 [Worker-53: Building] WARN  o.a.m.s.f.DefaultMavenResourcesFiltering - Using platform encoding (UTF-8 actually) to copy filtered resources, i.e. build is platform dependent!
2025-10-02 16:16:31,121 [Worker-53: Building] INFO  o.a.m.s.f.DefaultMavenResourcesFiltering - Copying 0 resource from src\main\resources to target\classes
2025-10-02 16:16:31,123 [Worker-53: Building] WARN  o.a.m.s.f.DefaultMavenResourcesFiltering - Using platform encoding (UTF-8 actually) to copy filtered resources, i.e. build is platform dependent!
2025-10-02 16:16:31,124 [Worker-53: Building] INFO  o.a.m.s.f.DefaultMavenResourcesFiltering - Copying 0 resource from src\test\resources to target\test-classes
2025-10-02 16:17:23,058 [Worker-57: Building] WARN  o.a.m.s.f.DefaultMavenResourcesFiltering - Using platform encoding (UTF-8 actually) to copy filtered resources, i.e. build is platform dependent!
2025-10-02 16:17:23,060 [Worker-57: Building] INFO  o.a.m.s.f.DefaultMavenResourcesFiltering - Copying 0 resource from src\main\resources to target\classes
2025-10-02 16:17:23,065 [Worker-57: Building] WARN  o.a.m.s.f.DefaultMavenResourcesFiltering - Using platform encoding (UTF-8 actually) to copy filtered resources, i.e. build is platform dependent!
2025-10-02 16:17:23,066 [Worker-57: Building] INFO  o.a.m.s.f.DefaultMavenResourcesFiltering - Copying 0 resource from src\test\resources to target\test-classes
2025-10-02 16:18:16,821 [Worker-52: Updating Maven Dependencies] ERROR o.e.m.j.i.l.MavenLaunchConfigurationListener - Launch configuration Main references non-existing project maven-to-go.
org.eclipse.core.runtime.CoreException: Launch configuration Main references non-existing project maven-to-go.
	at org.eclipse.jdt.launching.JavaRuntime.abort(JavaRuntime.java:1870)
	at org.eclipse.jdt.launching.JavaRuntime.getJavaProject(JavaRuntime.java:1747)
	at org.eclipse.m2e.jdt.internal.launch.MavenLaunchConfigurationListener.updateLaunchConfiguration(MavenLaunchConfigurationListener.java:66)
	at org.eclipse.m2e.jdt.internal.launch.MavenLaunchConfigurationListener.launchConfigurationChanged(MavenLaunchConfigurationListener.java:52)
	at org.eclipse.debug.internal.core.LaunchManager$ConfigurationNotifier.run(LaunchManager.java:219)
	at org.eclipse.core.runtime.SafeRunner.run(SafeRunner.java:47)
	at org.eclipse.debug.internal.core.LaunchManager$ConfigurationNotifier.notify(LaunchManager.java:203)
	at org.eclipse.debug.internal.core.LaunchConfigurationWorkingCopy.setDirty(LaunchConfigurationWorkingCopy.java:527)
	at org.eclipse.debug.internal.core.LaunchConfigurationWorkingCopy.setAttribute(LaunchConfigurationWorkingCopy.java:415)
	at org.eclipse.m2e.jdt.internal.launch.MavenRuntimeClasspathProvider.disable(MavenRuntimeClasspathProvider.java:409)
	at org.eclipse.m2e.jdt.internal.launch.MavenRuntimeClasspathProvider.disable(MavenRuntimeClasspathProvider.java:435)
	at org.eclipse.m2e.jdt.internal.launch.MavenLaunchConfigurationListener.mavenProjectChanged(MavenLaunchConfigurationListener.java:137)
	at org.eclipse.m2e.core.internal.project.registry.ProjectRegistryManager.notifyProjectChangeListeners(ProjectRegistryManager.java:892)
	at org.eclipse.m2e.core.internal.project.registry.ProjectRegistryManager.applyMutableProjectRegistry(ProjectRegistryManager.java:1042)
	at org.eclipse.m2e.core.internal.project.registry.ProjectRegistryRefreshJob.lambda$0(ProjectRegistryRefreshJob.java:162)
	at org.eclipse.m2e.core.internal.embedder.MavenExecutionContext.executeBare(MavenExecutionContext.java:458)
	at org.eclipse.m2e.core.internal.embedder.MavenExecutionContext.execute(MavenExecutionContext.java:339)
	at org.eclipse.m2e.core.internal.embedder.MavenExecutionContext.execute(MavenExecutionContext.java:278)
	at org.eclipse.m2e.core.internal.project.registry.ProjectRegistryRefreshJob.run(ProjectRegistryRefreshJob.java:106)
	at org.eclipse.core.internal.jobs.Worker.run(Worker.java:63)
2025-10-02 16:18:16,834 [Worker-52: Updating Maven Dependencies] ERROR o.e.m.j.i.l.MavenLaunchConfigurationListener - Launch configuration Main references non-existing project maven-to-go.
org.eclipse.core.runtime.CoreException: Launch configuration Main references non-existing project maven-to-go.
	at org.eclipse.jdt.launching.JavaRuntime.abort(JavaRuntime.java:1870)
	at org.eclipse.jdt.launching.JavaRuntime.getJavaProject(JavaRuntime.java:1747)
	at org.eclipse.m2e.jdt.internal.launch.MavenLaunchConfigurationListener.updateLaunchConfiguration(MavenLaunchConfigurationListener.java:66)
	at org.eclipse.m2e.jdt.internal.launch.MavenLaunchConfigurationListener.launchConfigurationChanged(MavenLaunchConfigurationListener.java:52)
	at org.eclipse.debug.internal.core.LaunchManager$ConfigurationNotifier.run(LaunchManager.java:219)
	at org.eclipse.core.runtime.SafeRunner.run(SafeRunner.java:47)
	at org.eclipse.debug.internal.core.LaunchManager$ConfigurationNotifier.notify(LaunchManager.java:203)
	at org.eclipse.debug.internal.core.LaunchConfigurationWorkingCopy.setDirty(LaunchConfigurationWorkingCopy.java:527)
	at org.eclipse.debug.internal.core.LaunchConfigurationWorkingCopy.setAttribute(LaunchConfigurationWorkingCopy.java:415)
	at org.eclipse.m2e.jdt.internal.launch.MavenRuntimeClasspathProvider.disable(MavenRuntimeClasspathProvider.java:410)
	at org.eclipse.m2e.jdt.internal.launch.MavenRuntimeClasspathProvider.disable(MavenRuntimeClasspathProvider.java:435)
	at org.eclipse.m2e.jdt.internal.launch.MavenLaunchConfigurationListener.mavenProjectChanged(MavenLaunchConfigurationListener.java:137)
	at org.eclipse.m2e.core.internal.project.registry.ProjectRegistryManager.notifyProjectChangeListeners(ProjectRegistryManager.java:892)
	at org.eclipse.m2e.core.internal.project.registry.ProjectRegistryManager.applyMutableProjectRegistry(ProjectRegistryManager.java:1042)
	at org.eclipse.m2e.core.internal.project.registry.ProjectRegistryRefreshJob.lambda$0(ProjectRegistryRefreshJob.java:162)
	at org.eclipse.m2e.core.internal.embedder.MavenExecutionContext.executeBare(MavenExecutionContext.java:458)
	at org.eclipse.m2e.core.internal.embedder.MavenExecutionContext.execute(MavenExecutionContext.java:339)
	at org.eclipse.m2e.core.internal.embedder.MavenExecutionContext.execute(MavenExecutionContext.java:278)
	at org.eclipse.m2e.core.internal.project.registry.ProjectRegistryRefreshJob.run(ProjectRegistryRefreshJob.java:106)
	at org.eclipse.core.internal.jobs.Worker.run(Worker.java:63)
2025-10-02 16:18:16,853 [Worker-52: Updating Maven Dependencies] ERROR o.e.m.j.i.l.MavenLaunchConfigurationListener - Launch configuration Main references non-existing project maven-to-go.
org.eclipse.core.runtime.CoreException: Launch configuration Main references non-existing project maven-to-go.
	at org.eclipse.jdt.launching.JavaRuntime.abort(JavaRuntime.java:1870)
	at org.eclipse.jdt.launching.JavaRuntime.getJavaProject(JavaRuntime.java:1747)
	at org.eclipse.m2e.jdt.internal.launch.MavenLaunchConfigurationListener.updateLaunchConfiguration(MavenLaunchConfigurationListener.java:66)
	at org.eclipse.m2e.jdt.internal.launch.MavenLaunchConfigurationListener.launchConfigurationChanged(MavenLaunchConfigurationListener.java:52)
	at org.eclipse.debug.internal.core.LaunchManager$ConfigurationNotifier.run(LaunchManager.java:219)
	at org.eclipse.core.runtime.SafeRunner.run(SafeRunner.java:47)
	at org.eclipse.debug.internal.core.LaunchManager$ConfigurationNotifier.notify(LaunchManager.java:203)
	at org.eclipse.debug.internal.core.LaunchManager.launchConfigurationChanged(LaunchManager.java:1960)
	at org.eclipse.debug.internal.core.LaunchConfigurationWorkingCopy.writeNewFile(LaunchConfigurationWorkingCopy.java:380)
	at org.eclipse.debug.internal.core.LaunchConfigurationWorkingCopy.doSave0(LaunchConfigurationWorkingCopy.java:259)
	at org.eclipse.debug.internal.core.LaunchConfigurationWorkingCopy.doSave(LaunchConfigurationWorkingCopy.java:229)
	at org.eclipse.debug.internal.core.LaunchConfigurationWorkingCopy.doSave(LaunchConfigurationWorkingCopy.java:187)
	at org.eclipse.m2e.jdt.internal.launch.MavenRuntimeClasspathProvider.disable(MavenRuntimeClasspathProvider.java:411)
	at org.eclipse.m2e.jdt.internal.launch.MavenRuntimeClasspathProvider.disable(MavenRuntimeClasspathProvider.java:435)
	at org.eclipse.m2e.jdt.internal.launch.MavenLaunchConfigurationListener.mavenProjectChanged(MavenLaunchConfigurationListener.java:137)
	at org.eclipse.m2e.core.internal.project.registry.ProjectRegistryManager.notifyProjectChangeListeners(ProjectRegistryManager.java:892)
	at org.eclipse.m2e.core.internal.project.registry.ProjectRegistryManager.applyMutableProjectRegistry(ProjectRegistryManager.java:1042)
	at org.eclipse.m2e.core.internal.project.registry.ProjectRegistryRefreshJob.lambda$0(ProjectRegistryRefreshJob.java:162)
	at org.eclipse.m2e.core.internal.embedder.MavenExecutionContext.executeBare(MavenExecutionContext.java:458)
	at org.eclipse.m2e.core.internal.embedder.MavenExecutionContext.execute(MavenExecutionContext.java:339)
	at org.eclipse.m2e.core.internal.embedder.MavenExecutionContext.execute(MavenExecutionContext.java:278)
	at org.eclipse.m2e.core.internal.project.registry.ProjectRegistryRefreshJob.run(ProjectRegistryRefreshJob.java:106)
	at org.eclipse.core.internal.jobs.Worker.run(Worker.java:63)
2025-10-02 16:18:16,854 [Worker-52: Updating Maven Dependencies] ERROR o.e.m.j.i.l.MavenLaunchConfigurationListener - Launch configuration Main (1) references non-existing project maven-to-go.
org.eclipse.core.runtime.CoreException: Launch configuration Main (1) references non-existing project maven-to-go.
	at org.eclipse.jdt.launching.JavaRuntime.abort(JavaRuntime.java:1870)
	at org.eclipse.jdt.launching.JavaRuntime.getJavaProject(JavaRuntime.java:1747)
	at org.eclipse.m2e.jdt.internal.launch.MavenLaunchConfigurationListener.updateLaunchConfiguration(MavenLaunchConfigurationListener.java:66)
	at org.eclipse.m2e.jdt.internal.launch.MavenLaunchConfigurationListener.launchConfigurationChanged(MavenLaunchConfigurationListener.java:52)
	at org.eclipse.debug.internal.core.LaunchManager$ConfigurationNotifier.run(LaunchManager.java:219)
	at org.eclipse.core.runtime.SafeRunner.run(SafeRunner.java:47)
	at org.eclipse.debug.internal.core.LaunchManager$ConfigurationNotifier.notify(LaunchManager.java:203)
	at org.eclipse.debug.internal.core.LaunchConfigurationWorkingCopy.setDirty(LaunchConfigurationWorkingCopy.java:527)
	at org.eclipse.debug.internal.core.LaunchConfigurationWorkingCopy.setAttribute(LaunchConfigurationWorkingCopy.java:415)
	at org.eclipse.m2e.jdt.internal.launch.MavenRuntimeClasspathProvider.disable(MavenRuntimeClasspathProvider.java:409)
	at org.eclipse.m2e.jdt.internal.launch.MavenRuntimeClasspathProvider.disable(MavenRuntimeClasspathProvider.java:435)
	at org.eclipse.m2e.jdt.internal.launch.MavenLaunchConfigurationListener.mavenProjectChanged(MavenLaunchConfigurationListener.java:137)
	at org.eclipse.m2e.core.internal.project.registry.ProjectRegistryManager.notifyProjectChangeListeners(ProjectRegistryManager.java:892)
	at org.eclipse.m2e.core.internal.project.registry.ProjectRegistryManager.applyMutableProjectRegistry(ProjectRegistryManager.java:1042)
	at org.eclipse.m2e.core.internal.project.registry.ProjectRegistryRefreshJob.lambda$0(ProjectRegistryRefreshJob.java:162)
	at org.eclipse.m2e.core.internal.embedder.MavenExecutionContext.executeBare(MavenExecutionContext.java:458)
	at org.eclipse.m2e.core.internal.embedder.MavenExecutionContext.execute(MavenExecutionContext.java:339)
	at org.eclipse.m2e.core.internal.embedder.MavenExecutionContext.execute(MavenExecutionContext.java:278)
	at org.eclipse.m2e.core.internal.project.registry.ProjectRegistryRefreshJob.run(ProjectRegistryRefreshJob.java:106)
	at org.eclipse.core.internal.jobs.Worker.run(Worker.java:63)
2025-10-02 16:18:16,854 [Worker-52: Updating Maven Dependencies] ERROR o.e.m.j.i.l.MavenLaunchConfigurationListener - Launch configuration Main (1) references non-existing project maven-to-go.
org.eclipse.core.runtime.CoreException: Launch configuration Main (1) references non-existing project maven-to-go.
	at org.eclipse.jdt.launching.JavaRuntime.abort(JavaRuntime.java:1870)
	at org.eclipse.jdt.launching.JavaRuntime.getJavaProject(JavaRuntime.java:1747)
	at org.eclipse.m2e.jdt.internal.launch.MavenLaunchConfigurationListener.updateLaunchConfiguration(MavenLaunchConfigurationListener.java:66)
	at org.eclipse.m2e.jdt.internal.launch.MavenLaunchConfigurationListener.launchConfigurationChanged(MavenLaunchConfigurationListener.java:52)
	at org.eclipse.debug.internal.core.LaunchManager$ConfigurationNotifier.run(LaunchManager.java:219)
	at org.eclipse.core.runtime.SafeRunner.run(SafeRunner.java:47)
	at org.eclipse.debug.internal.core.LaunchManager$ConfigurationNotifier.notify(LaunchManager.java:203)
	at org.eclipse.debug.internal.core.LaunchConfigurationWorkingCopy.setDirty(LaunchConfigurationWorkingCopy.java:527)
	at org.eclipse.debug.internal.core.LaunchConfigurationWorkingCopy.setAttribute(LaunchConfigurationWorkingCopy.java:415)
	at org.eclipse.m2e.jdt.internal.launch.MavenRuntimeClasspathProvider.disable(MavenRuntimeClasspathProvider.java:410)
	at org.eclipse.m2e.jdt.internal.launch.MavenRuntimeClasspathProvider.disable(MavenRuntimeClasspathProvider.java:435)
	at org.eclipse.m2e.jdt.internal.launch.MavenLaunchConfigurationListener.mavenProjectChanged(MavenLaunchConfigurationListener.java:137)
	at org.eclipse.m2e.core.internal.project.registry.ProjectRegistryManager.notifyProjectChangeListeners(ProjectRegistryManager.java:892)
	at org.eclipse.m2e.core.internal.project.registry.ProjectRegistryManager.applyMutableProjectRegistry(ProjectRegistryManager.java:1042)
	at org.eclipse.m2e.core.internal.project.registry.ProjectRegistryRefreshJob.lambda$0(ProjectRegistryRefreshJob.java:162)
	at org.eclipse.m2e.core.internal.embedder.MavenExecutionContext.executeBare(MavenExecutionContext.java:458)
	at org.eclipse.m2e.core.internal.embedder.MavenExecutionContext.execute(MavenExecutionContext.java:339)
	at org.eclipse.m2e.core.internal.embedder.MavenExecutionContext.execute(MavenExecutionContext.java:278)
	at org.eclipse.m2e.core.internal.project.registry.ProjectRegistryRefreshJob.run(ProjectRegistryRefreshJob.java:106)
	at org.eclipse.core.internal.jobs.Worker.run(Worker.java:63)
2025-10-02 16:18:16,867 [Worker-52: Updating Maven Dependencies] ERROR o.e.m.j.i.l.MavenLaunchConfigurationListener - Launch configuration Main (1) references non-existing project maven-to-go.
org.eclipse.core.runtime.CoreException: Launch configuration Main (1) references non-existing project maven-to-go.
	at org.eclipse.jdt.launching.JavaRuntime.abort(JavaRuntime.java:1870)
	at org.eclipse.jdt.launching.JavaRuntime.getJavaProject(JavaRuntime.java:1747)
	at org.eclipse.m2e.jdt.internal.launch.MavenLaunchConfigurationListener.updateLaunchConfiguration(MavenLaunchConfigurationListener.java:66)
	at org.eclipse.m2e.jdt.internal.launch.MavenLaunchConfigurationListener.launchConfigurationChanged(MavenLaunchConfigurationListener.java:52)
	at org.eclipse.debug.internal.core.LaunchManager$ConfigurationNotifier.run(LaunchManager.java:219)
	at org.eclipse.core.runtime.SafeRunner.run(SafeRunner.java:47)
	at org.eclipse.debug.internal.core.LaunchManager$ConfigurationNotifier.notify(LaunchManager.java:203)
	at org.eclipse.debug.internal.core.LaunchManager.launchConfigurationChanged(LaunchManager.java:1960)
	at org.eclipse.debug.internal.core.LaunchConfigurationWorkingCopy.writeNewFile(LaunchConfigurationWorkingCopy.java:380)
	at org.eclipse.debug.internal.core.LaunchConfigurationWorkingCopy.doSave0(LaunchConfigurationWorkingCopy.java:259)
	at org.eclipse.debug.internal.core.LaunchConfigurationWorkingCopy.doSave(LaunchConfigurationWorkingCopy.java:229)
	at org.eclipse.debug.internal.core.LaunchConfigurationWorkingCopy.doSave(LaunchConfigurationWorkingCopy.java:187)
	at org.eclipse.m2e.jdt.internal.launch.MavenRuntimeClasspathProvider.disable(MavenRuntimeClasspathProvider.java:411)
	at org.eclipse.m2e.jdt.internal.launch.MavenRuntimeClasspathProvider.disable(MavenRuntimeClasspathProvider.java:435)
	at org.eclipse.m2e.jdt.internal.launch.MavenLaunchConfigurationListener.mavenProjectChanged(MavenLaunchConfigurationListener.java:137)
	at org.eclipse.m2e.core.internal.project.registry.ProjectRegistryManager.notifyProjectChangeListeners(ProjectRegistryManager.java:892)
	at org.eclipse.m2e.core.internal.project.registry.ProjectRegistryManager.applyMutableProjectRegistry(ProjectRegistryManager.java:1042)
	at org.eclipse.m2e.core.internal.project.registry.ProjectRegistryRefreshJob.lambda$0(ProjectRegistryRefreshJob.java:162)
	at org.eclipse.m2e.core.internal.embedder.MavenExecutionContext.executeBare(MavenExecutionContext.java:458)
	at org.eclipse.m2e.core.internal.embedder.MavenExecutionContext.execute(MavenExecutionContext.java:339)
	at org.eclipse.m2e.core.internal.embedder.MavenExecutionContext.execute(MavenExecutionContext.java:278)
	at org.eclipse.m2e.core.internal.project.registry.ProjectRegistryRefreshJob.run(ProjectRegistryRefreshJob.java:106)
	at org.eclipse.core.internal.jobs.Worker.run(Worker.java:63)
2025-10-02 16:20:30,326 [Worker-58: Creating project "maven-to-go"] INFO  o.e.m.c.i.l.LifecycleMappingFactory - Using org.eclipse.m2e.jdt.JarLifecycleMapping lifecycle mapping for MavenProject: com.maven.basis:maven-to-go:0.0.1-SNAPSHOT @ D:\BackendJava\My_Workspace\Space_Deep\Session01_Maven\maven-to-go\pom.xml.
2025-10-02 16:20:30,513 [Worker-58: Creating project "maven-to-go"] ERROR o.e.m.j.i.l.MavenLaunchConfigurationListener - Launch configuration Main references non-existing project maven-to-go.
org.eclipse.core.runtime.CoreException: Launch configuration Main references non-existing project maven-to-go.
	at org.eclipse.jdt.launching.JavaRuntime.abort(JavaRuntime.java:1870)
	at org.eclipse.jdt.launching.JavaRuntime.getJavaProject(JavaRuntime.java:1747)
	at org.eclipse.m2e.jdt.internal.launch.MavenLaunchConfigurationListener.updateLaunchConfiguration(MavenLaunchConfigurationListener.java:66)
	at org.eclipse.m2e.jdt.internal.launch.MavenLaunchConfigurationListener.launchConfigurationChanged(MavenLaunchConfigurationListener.java:52)
	at org.eclipse.debug.internal.core.LaunchManager$ConfigurationNotifier.run(LaunchManager.java:219)
	at org.eclipse.core.runtime.SafeRunner.run(SafeRunner.java:47)
	at org.eclipse.debug.internal.core.LaunchManager$ConfigurationNotifier.notify(LaunchManager.java:203)
	at org.eclipse.debug.internal.core.LaunchConfigurationWorkingCopy.setDirty(LaunchConfigurationWorkingCopy.java:527)
	at org.eclipse.debug.internal.core.LaunchConfigurationWorkingCopy.setAttribute(LaunchConfigurationWorkingCopy.java:415)
	at org.eclipse.m2e.jdt.internal.launch.MavenRuntimeClasspathProvider.enable(MavenRuntimeClasspathProvider.java:403)
	at org.eclipse.m2e.jdt.internal.launch.MavenRuntimeClasspathProvider.enable(MavenRuntimeClasspathProvider.java:397)
	at org.eclipse.m2e.jdt.internal.launch.MavenRuntimeClasspathProvider.enable(MavenRuntimeClasspathProvider.java:427)
	at org.eclipse.m2e.jdt.internal.launch.MavenLaunchConfigurationListener.mavenProjectChanged(MavenLaunchConfigurationListener.java:134)
	at org.eclipse.m2e.core.internal.project.registry.ProjectRegistryManager.notifyProjectChangeListeners(ProjectRegistryManager.java:892)
	at org.eclipse.m2e.core.internal.project.registry.ProjectRegistryManager.applyMutableProjectRegistry(ProjectRegistryManager.java:1042)
	at org.eclipse.m2e.core.internal.project.registry.ProjectRegistryManager.refresh(ProjectRegistryManager.java:324)
	at org.eclipse.m2e.core.internal.project.ProjectConfigurationManager.configureNewMavenProjects(ProjectConfigurationManager.java:256)
	at org.eclipse.m2e.core.internal.project.ProjectConfigurationManager$1.run(ProjectConfigurationManager.java:526)
	at org.eclipse.m2e.core.internal.embedder.AbstractRunnable.call(AbstractRunnable.java:29)
	at org.eclipse.m2e.core.internal.embedder.AbstractRunnable.call(AbstractRunnable.java:1)
	at org.eclipse.m2e.core.internal.embedder.MavenExecutionContext.executeBare(MavenExecutionContext.java:458)
	at org.eclipse.m2e.core.internal.embedder.MavenExecutionContext.execute(MavenExecutionContext.java:339)
	at org.eclipse.m2e.core.internal.embedder.MavenExecutionContext.execute(MavenExecutionContext.java:278)
	at org.eclipse.m2e.core.internal.project.ProjectConfigurationManager.enableMavenNature(ProjectConfigurationManager.java:522)
	at org.eclipse.m2e.core.internal.project.ProjectConfigurationManager.createSimpleProject(ProjectConfigurationManager.java:712)
	at org.eclipse.m2e.core.ui.internal.wizards.MavenProjectWizard$2.doCreateMavenProjects(MavenProjectWizard.java:226)
	at org.eclipse.m2e.core.ui.internal.wizards.AbstractCreateMavenProjectJob$1.doCreateMavenProjects(AbstractCreateMavenProjectJob.java:51)
	at org.eclipse.m2e.core.ui.internal.wizards.AbstractCreateMavenProjectsOperation.run(AbstractCreateMavenProjectsOperation.java:56)
	at org.eclipse.m2e.core.ui.internal.wizards.AbstractCreateMavenProjectJob.runInWorkspace(AbstractCreateMavenProjectJob.java:55)
	at org.eclipse.core.internal.resources.InternalWorkspaceJob.run(InternalWorkspaceJob.java:43)
	at org.eclipse.core.internal.jobs.Worker.run(Worker.java:63)
2025-10-02 16:20:30,514 [Worker-58: Creating project "maven-to-go"] ERROR o.e.m.j.i.l.MavenLaunchConfigurationListener - Launch configuration Main references non-existing project maven-to-go.
org.eclipse.core.runtime.CoreException: Launch configuration Main references non-existing project maven-to-go.
	at org.eclipse.jdt.launching.JavaRuntime.abort(JavaRuntime.java:1870)
	at org.eclipse.jdt.launching.JavaRuntime.getJavaProject(JavaRuntime.java:1747)
	at org.eclipse.m2e.jdt.internal.launch.MavenLaunchConfigurationListener.updateLaunchConfiguration(MavenLaunchConfigurationListener.java:66)
	at org.eclipse.m2e.jdt.internal.launch.MavenLaunchConfigurationListener.launchConfigurationChanged(MavenLaunchConfigurationListener.java:52)
	at org.eclipse.debug.internal.core.LaunchManager$ConfigurationNotifier.run(LaunchManager.java:219)
	at org.eclipse.core.runtime.SafeRunner.run(SafeRunner.java:47)
	at org.eclipse.debug.internal.core.LaunchManager$ConfigurationNotifier.notify(LaunchManager.java:203)
	at org.eclipse.debug.internal.core.LaunchConfigurationWorkingCopy.setDirty(LaunchConfigurationWorkingCopy.java:527)
	at org.eclipse.debug.internal.core.LaunchConfigurationWorkingCopy.setAttribute(LaunchConfigurationWorkingCopy.java:415)
	at org.eclipse.m2e.jdt.internal.launch.MavenRuntimeClasspathProvider.enable(MavenRuntimeClasspathProvider.java:404)
	at org.eclipse.m2e.jdt.internal.launch.MavenRuntimeClasspathProvider.enable(MavenRuntimeClasspathProvider.java:397)
	at org.eclipse.m2e.jdt.internal.launch.MavenRuntimeClasspathProvider.enable(MavenRuntimeClasspathProvider.java:427)
	at org.eclipse.m2e.jdt.internal.launch.MavenLaunchConfigurationListener.mavenProjectChanged(MavenLaunchConfigurationListener.java:134)
	at org.eclipse.m2e.core.internal.project.registry.ProjectRegistryManager.notifyProjectChangeListeners(ProjectRegistryManager.java:892)
	at org.eclipse.m2e.core.internal.project.registry.ProjectRegistryManager.applyMutableProjectRegistry(ProjectRegistryManager.java:1042)
	at org.eclipse.m2e.core.internal.project.registry.ProjectRegistryManager.refresh(ProjectRegistryManager.java:324)
	at org.eclipse.m2e.core.internal.project.ProjectConfigurationManager.configureNewMavenProjects(ProjectConfigurationManager.java:256)
	at org.eclipse.m2e.core.internal.project.ProjectConfigurationManager$1.run(ProjectConfigurationManager.java:526)
	at org.eclipse.m2e.core.internal.embedder.AbstractRunnable.call(AbstractRunnable.java:29)
	at org.eclipse.m2e.core.internal.embedder.AbstractRunnable.call(AbstractRunnable.java:1)
	at org.eclipse.m2e.core.internal.embedder.MavenExecutionContext.executeBare(MavenExecutionContext.java:458)
	at org.eclipse.m2e.core.internal.embedder.MavenExecutionContext.execute(MavenExecutionContext.java:339)
	at org.eclipse.m2e.core.internal.embedder.MavenExecutionContext.execute(MavenExecutionContext.java:278)
	at org.eclipse.m2e.core.internal.project.ProjectConfigurationManager.enableMavenNature(ProjectConfigurationManager.java:522)
	at org.eclipse.m2e.core.internal.project.ProjectConfigurationManager.createSimpleProject(ProjectConfigurationManager.java:712)
	at org.eclipse.m2e.core.ui.internal.wizards.MavenProjectWizard$2.doCreateMavenProjects(MavenProjectWizard.java:226)
	at org.eclipse.m2e.core.ui.internal.wizards.AbstractCreateMavenProjectJob$1.doCreateMavenProjects(AbstractCreateMavenProjectJob.java:51)
	at org.eclipse.m2e.core.ui.internal.wizards.AbstractCreateMavenProjectsOperation.run(AbstractCreateMavenProjectsOperation.java:56)
	at org.eclipse.m2e.core.ui.internal.wizards.AbstractCreateMavenProjectJob.runInWorkspace(AbstractCreateMavenProjectJob.java:55)
	at org.eclipse.core.internal.resources.InternalWorkspaceJob.run(InternalWorkspaceJob.java:43)
	at org.eclipse.core.internal.jobs.Worker.run(Worker.java:63)
2025-10-02 16:20:30,518 [Worker-58: Creating project "maven-to-go"] ERROR o.e.m.j.i.l.MavenLaunchConfigurationListener - Launch configuration Main references non-existing project maven-to-go.
org.eclipse.core.runtime.CoreException: Launch configuration Main references non-existing project maven-to-go.
	at org.eclipse.jdt.launching.JavaRuntime.abort(JavaRuntime.java:1870)
	at org.eclipse.jdt.launching.JavaRuntime.getJavaProject(JavaRuntime.java:1747)
	at org.eclipse.m2e.jdt.internal.launch.MavenLaunchConfigurationListener.updateLaunchConfiguration(MavenLaunchConfigurationListener.java:66)
	at org.eclipse.m2e.jdt.internal.launch.MavenLaunchConfigurationListener.launchConfigurationChanged(MavenLaunchConfigurationListener.java:52)
	at org.eclipse.debug.internal.core.LaunchManager$ConfigurationNotifier.run(LaunchManager.java:219)
	at org.eclipse.core.runtime.SafeRunner.run(SafeRunner.java:47)
	at org.eclipse.debug.internal.core.LaunchManager$ConfigurationNotifier.notify(LaunchManager.java:203)
	at org.eclipse.debug.internal.core.LaunchManager.launchConfigurationChanged(LaunchManager.java:1960)
	at org.eclipse.debug.internal.core.LaunchConfigurationWorkingCopy.writeNewFile(LaunchConfigurationWorkingCopy.java:380)
	at org.eclipse.debug.internal.core.LaunchConfigurationWorkingCopy.doSave0(LaunchConfigurationWorkingCopy.java:259)
	at org.eclipse.debug.internal.core.LaunchConfigurationWorkingCopy.doSave(LaunchConfigurationWorkingCopy.java:229)
	at org.eclipse.debug.internal.core.LaunchConfigurationWorkingCopy.doSave(LaunchConfigurationWorkingCopy.java:187)
	at org.eclipse.m2e.jdt.internal.launch.MavenRuntimeClasspathProvider.enable(MavenRuntimeClasspathProvider.java:398)
	at org.eclipse.m2e.jdt.internal.launch.MavenRuntimeClasspathProvider.enable(MavenRuntimeClasspathProvider.java:427)
	at org.eclipse.m2e.jdt.internal.launch.MavenLaunchConfigurationListener.mavenProjectChanged(MavenLaunchConfigurationListener.java:134)
	at org.eclipse.m2e.core.internal.project.registry.ProjectRegistryManager.notifyProjectChangeListeners(ProjectRegistryManager.java:892)
	at org.eclipse.m2e.core.internal.project.registry.ProjectRegistryManager.applyMutableProjectRegistry(ProjectRegistryManager.java:1042)
	at org.eclipse.m2e.core.internal.project.registry.ProjectRegistryManager.refresh(ProjectRegistryManager.java:324)
	at org.eclipse.m2e.core.internal.project.ProjectConfigurationManager.configureNewMavenProjects(ProjectConfigurationManager.java:256)
	at org.eclipse.m2e.core.internal.project.ProjectConfigurationManager$1.run(ProjectConfigurationManager.java:526)
	at org.eclipse.m2e.core.internal.embedder.AbstractRunnable.call(AbstractRunnable.java:29)
	at org.eclipse.m2e.core.internal.embedder.AbstractRunnable.call(AbstractRunnable.java:1)
	at org.eclipse.m2e.core.internal.embedder.MavenExecutionContext.executeBare(MavenExecutionContext.java:458)
	at org.eclipse.m2e.core.internal.embedder.MavenExecutionContext.execute(MavenExecutionContext.java:339)
	at org.eclipse.m2e.core.internal.embedder.MavenExecutionContext.execute(MavenExecutionContext.java:278)
	at org.eclipse.m2e.core.internal.project.ProjectConfigurationManager.enableMavenNature(ProjectConfigurationManager.java:522)
	at org.eclipse.m2e.core.internal.project.ProjectConfigurationManager.createSimpleProject(ProjectConfigurationManager.java:712)
	at org.eclipse.m2e.core.ui.internal.wizards.MavenProjectWizard$2.doCreateMavenProjects(MavenProjectWizard.java:226)
	at org.eclipse.m2e.core.ui.internal.wizards.AbstractCreateMavenProjectJob$1.doCreateMavenProjects(AbstractCreateMavenProjectJob.java:51)
	at org.eclipse.m2e.core.ui.internal.wizards.AbstractCreateMavenProjectsOperation.run(AbstractCreateMavenProjectsOperation.java:56)
	at org.eclipse.m2e.core.ui.internal.wizards.AbstractCreateMavenProjectJob.runInWorkspace(AbstractCreateMavenProjectJob.java:55)
	at org.eclipse.core.internal.resources.InternalWorkspaceJob.run(InternalWorkspaceJob.java:43)
	at org.eclipse.core.internal.jobs.Worker.run(Worker.java:63)
2025-10-02 16:20:30,519 [Worker-58: Creating project "maven-to-go"] ERROR o.e.m.j.i.l.MavenLaunchConfigurationListener - Launch configuration Main (1) references non-existing project maven-to-go.
org.eclipse.core.runtime.CoreException: Launch configuration Main (1) references non-existing project maven-to-go.
	at org.eclipse.jdt.launching.JavaRuntime.abort(JavaRuntime.java:1870)
	at org.eclipse.jdt.launching.JavaRuntime.getJavaProject(JavaRuntime.java:1747)
	at org.eclipse.m2e.jdt.internal.launch.MavenLaunchConfigurationListener.updateLaunchConfiguration(MavenLaunchConfigurationListener.java:66)
	at org.eclipse.m2e.jdt.internal.launch.MavenLaunchConfigurationListener.launchConfigurationChanged(MavenLaunchConfigurationListener.java:52)
	at org.eclipse.debug.internal.core.LaunchManager$ConfigurationNotifier.run(LaunchManager.java:219)
	at org.eclipse.core.runtime.SafeRunner.run(SafeRunner.java:47)
	at org.eclipse.debug.internal.core.LaunchManager$ConfigurationNotifier.notify(LaunchManager.java:203)
	at org.eclipse.debug.internal.core.LaunchConfigurationWorkingCopy.setDirty(LaunchConfigurationWorkingCopy.java:527)
	at org.eclipse.debug.internal.core.LaunchConfigurationWorkingCopy.setAttribute(LaunchConfigurationWorkingCopy.java:415)
	at org.eclipse.m2e.jdt.internal.launch.MavenRuntimeClasspathProvider.enable(MavenRuntimeClasspathProvider.java:403)
	at org.eclipse.m2e.jdt.internal.launch.MavenRuntimeClasspathProvider.enable(MavenRuntimeClasspathProvider.java:397)
	at org.eclipse.m2e.jdt.internal.launch.MavenRuntimeClasspathProvider.enable(MavenRuntimeClasspathProvider.java:427)
	at org.eclipse.m2e.jdt.internal.launch.MavenLaunchConfigurationListener.mavenProjectChanged(MavenLaunchConfigurationListener.java:134)
	at org.eclipse.m2e.core.internal.project.registry.ProjectRegistryManager.notifyProjectChangeListeners(ProjectRegistryManager.java:892)
	at org.eclipse.m2e.core.internal.project.registry.ProjectRegistryManager.applyMutableProjectRegistry(ProjectRegistryManager.java:1042)
	at org.eclipse.m2e.core.internal.project.registry.ProjectRegistryManager.refresh(ProjectRegistryManager.java:324)
	at org.eclipse.m2e.core.internal.project.ProjectConfigurationManager.configureNewMavenProjects(ProjectConfigurationManager.java:256)
	at org.eclipse.m2e.core.internal.project.ProjectConfigurationManager$1.run(ProjectConfigurationManager.java:526)
	at org.eclipse.m2e.core.internal.embedder.AbstractRunnable.call(AbstractRunnable.java:29)
	at org.eclipse.m2e.core.internal.embedder.AbstractRunnable.call(AbstractRunnable.java:1)
	at org.eclipse.m2e.core.internal.embedder.MavenExecutionContext.executeBare(MavenExecutionContext.java:458)
	at org.eclipse.m2e.core.internal.embedder.MavenExecutionContext.execute(MavenExecutionContext.java:339)
	at org.eclipse.m2e.core.internal.embedder.MavenExecutionContext.execute(MavenExecutionContext.java:278)
	at org.eclipse.m2e.core.internal.project.ProjectConfigurationManager.enableMavenNature(ProjectConfigurationManager.java:522)
	at org.eclipse.m2e.core.internal.project.ProjectConfigurationManager.createSimpleProject(ProjectConfigurationManager.java:712)
	at org.eclipse.m2e.core.ui.internal.wizards.MavenProjectWizard$2.doCreateMavenProjects(MavenProjectWizard.java:226)
	at org.eclipse.m2e.core.ui.internal.wizards.AbstractCreateMavenProjectJob$1.doCreateMavenProjects(AbstractCreateMavenProjectJob.java:51)
	at org.eclipse.m2e.core.ui.internal.wizards.AbstractCreateMavenProjectsOperation.run(AbstractCreateMavenProjectsOperation.java:56)
	at org.eclipse.m2e.core.ui.internal.wizards.AbstractCreateMavenProjectJob.runInWorkspace(AbstractCreateMavenProjectJob.java:55)
	at org.eclipse.core.internal.resources.InternalWorkspaceJob.run(InternalWorkspaceJob.java:43)
	at org.eclipse.core.internal.jobs.Worker.run(Worker.java:63)
2025-10-02 16:20:30,519 [Worker-58: Creating project "maven-to-go"] ERROR o.e.m.j.i.l.MavenLaunchConfigurationListener - Launch configuration Main (1) references non-existing project maven-to-go.
org.eclipse.core.runtime.CoreException: Launch configuration Main (1) references non-existing project maven-to-go.
	at org.eclipse.jdt.launching.JavaRuntime.abort(JavaRuntime.java:1870)
	at org.eclipse.jdt.launching.JavaRuntime.getJavaProject(JavaRuntime.java:1747)
	at org.eclipse.m2e.jdt.internal.launch.MavenLaunchConfigurationListener.updateLaunchConfiguration(MavenLaunchConfigurationListener.java:66)
	at org.eclipse.m2e.jdt.internal.launch.MavenLaunchConfigurationListener.launchConfigurationChanged(MavenLaunchConfigurationListener.java:52)
	at org.eclipse.debug.internal.core.LaunchManager$ConfigurationNotifier.run(LaunchManager.java:219)
	at org.eclipse.core.runtime.SafeRunner.run(SafeRunner.java:47)
	at org.eclipse.debug.internal.core.LaunchManager$ConfigurationNotifier.notify(LaunchManager.java:203)
	at org.eclipse.debug.internal.core.LaunchConfigurationWorkingCopy.setDirty(LaunchConfigurationWorkingCopy.java:527)
	at org.eclipse.debug.internal.core.LaunchConfigurationWorkingCopy.setAttribute(LaunchConfigurationWorkingCopy.java:415)
	at org.eclipse.m2e.jdt.internal.launch.MavenRuntimeClasspathProvider.enable(MavenRuntimeClasspathProvider.java:404)
	at org.eclipse.m2e.jdt.internal.launch.MavenRuntimeClasspathProvider.enable(MavenRuntimeClasspathProvider.java:397)
	at org.eclipse.m2e.jdt.internal.launch.MavenRuntimeClasspathProvider.enable(MavenRuntimeClasspathProvider.java:427)
	at org.eclipse.m2e.jdt.internal.launch.MavenLaunchConfigurationListener.mavenProjectChanged(MavenLaunchConfigurationListener.java:134)
	at org.eclipse.m2e.core.internal.project.registry.ProjectRegistryManager.notifyProjectChangeListeners(ProjectRegistryManager.java:892)
	at org.eclipse.m2e.core.internal.project.registry.ProjectRegistryManager.applyMutableProjectRegistry(ProjectRegistryManager.java:1042)
	at org.eclipse.m2e.core.internal.project.registry.ProjectRegistryManager.refresh(ProjectRegistryManager.java:324)
	at org.eclipse.m2e.core.internal.project.ProjectConfigurationManager.configureNewMavenProjects(ProjectConfigurationManager.java:256)
	at org.eclipse.m2e.core.internal.project.ProjectConfigurationManager$1.run(ProjectConfigurationManager.java:526)
	at org.eclipse.m2e.core.internal.embedder.AbstractRunnable.call(AbstractRunnable.java:29)
	at org.eclipse.m2e.core.internal.embedder.AbstractRunnable.call(AbstractRunnable.java:1)
	at org.eclipse.m2e.core.internal.embedder.MavenExecutionContext.executeBare(MavenExecutionContext.java:458)
	at org.eclipse.m2e.core.internal.embedder.MavenExecutionContext.execute(MavenExecutionContext.java:339)
	at org.eclipse.m2e.core.internal.embedder.MavenExecutionContext.execute(MavenExecutionContext.java:278)
	at org.eclipse.m2e.core.internal.project.ProjectConfigurationManager.enableMavenNature(ProjectConfigurationManager.java:522)
	at org.eclipse.m2e.core.internal.project.ProjectConfigurationManager.createSimpleProject(ProjectConfigurationManager.java:712)
	at org.eclipse.m2e.core.ui.internal.wizards.MavenProjectWizard$2.doCreateMavenProjects(MavenProjectWizard.java:226)
	at org.eclipse.m2e.core.ui.internal.wizards.AbstractCreateMavenProjectJob$1.doCreateMavenProjects(AbstractCreateMavenProjectJob.java:51)
	at org.eclipse.m2e.core.ui.internal.wizards.AbstractCreateMavenProjectsOperation.run(AbstractCreateMavenProjectsOperation.java:56)
	at org.eclipse.m2e.core.ui.internal.wizards.AbstractCreateMavenProjectJob.runInWorkspace(AbstractCreateMavenProjectJob.java:55)
	at org.eclipse.core.internal.resources.InternalWorkspaceJob.run(InternalWorkspaceJob.java:43)
	at org.eclipse.core.internal.jobs.Worker.run(Worker.java:63)
2025-10-02 16:20:30,523 [Worker-58: Creating project "maven-to-go"] ERROR o.e.m.j.i.l.MavenLaunchConfigurationListener - Launch configuration Main (1) references non-existing project maven-to-go.
org.eclipse.core.runtime.CoreException: Launch configuration Main (1) references non-existing project maven-to-go.
	at org.eclipse.jdt.launching.JavaRuntime.abort(JavaRuntime.java:1870)
	at org.eclipse.jdt.launching.JavaRuntime.getJavaProject(JavaRuntime.java:1747)
	at org.eclipse.m2e.jdt.internal.launch.MavenLaunchConfigurationListener.updateLaunchConfiguration(MavenLaunchConfigurationListener.java:66)
	at org.eclipse.m2e.jdt.internal.launch.MavenLaunchConfigurationListener.launchConfigurationChanged(MavenLaunchConfigurationListener.java:52)
	at org.eclipse.debug.internal.core.LaunchManager$ConfigurationNotifier.run(LaunchManager.java:219)
	at org.eclipse.core.runtime.SafeRunner.run(SafeRunner.java:47)
	at org.eclipse.debug.internal.core.LaunchManager$ConfigurationNotifier.notify(LaunchManager.java:203)
	at org.eclipse.debug.internal.core.LaunchManager.launchConfigurationChanged(LaunchManager.java:1960)
	at org.eclipse.debug.internal.core.LaunchConfigurationWorkingCopy.writeNewFile(LaunchConfigurationWorkingCopy.java:380)
	at org.eclipse.debug.internal.core.LaunchConfigurationWorkingCopy.doSave0(LaunchConfigurationWorkingCopy.java:259)
	at org.eclipse.debug.internal.core.LaunchConfigurationWorkingCopy.doSave(LaunchConfigurationWorkingCopy.java:229)
	at org.eclipse.debug.internal.core.LaunchConfigurationWorkingCopy.doSave(LaunchConfigurationWorkingCopy.java:187)
	at org.eclipse.m2e.jdt.internal.launch.MavenRuntimeClasspathProvider.enable(MavenRuntimeClasspathProvider.java:398)
	at org.eclipse.m2e.jdt.internal.launch.MavenRuntimeClasspathProvider.enable(MavenRuntimeClasspathProvider.java:427)
	at org.eclipse.m2e.jdt.internal.launch.MavenLaunchConfigurationListener.mavenProjectChanged(MavenLaunchConfigurationListener.java:134)
	at org.eclipse.m2e.core.internal.project.registry.ProjectRegistryManager.notifyProjectChangeListeners(ProjectRegistryManager.java:892)
	at org.eclipse.m2e.core.internal.project.registry.ProjectRegistryManager.applyMutableProjectRegistry(ProjectRegistryManager.java:1042)
	at org.eclipse.m2e.core.internal.project.registry.ProjectRegistryManager.refresh(ProjectRegistryManager.java:324)
	at org.eclipse.m2e.core.internal.project.ProjectConfigurationManager.configureNewMavenProjects(ProjectConfigurationManager.java:256)
	at org.eclipse.m2e.core.internal.project.ProjectConfigurationManager$1.run(ProjectConfigurationManager.java:526)
	at org.eclipse.m2e.core.internal.embedder.AbstractRunnable.call(AbstractRunnable.java:29)
	at org.eclipse.m2e.core.internal.embedder.AbstractRunnable.call(AbstractRunnable.java:1)
	at org.eclipse.m2e.core.internal.embedder.MavenExecutionContext.executeBare(MavenExecutionContext.java:458)
	at org.eclipse.m2e.core.internal.embedder.MavenExecutionContext.execute(MavenExecutionContext.java:339)
	at org.eclipse.m2e.core.internal.embedder.MavenExecutionContext.execute(MavenExecutionContext.java:278)
	at org.eclipse.m2e.core.internal.project.ProjectConfigurationManager.enableMavenNature(ProjectConfigurationManager.java:522)
	at org.eclipse.m2e.core.internal.project.ProjectConfigurationManager.createSimpleProject(ProjectConfigurationManager.java:712)
	at org.eclipse.m2e.core.ui.internal.wizards.MavenProjectWizard$2.doCreateMavenProjects(MavenProjectWizard.java:226)
	at org.eclipse.m2e.core.ui.internal.wizards.AbstractCreateMavenProjectJob$1.doCreateMavenProjects(AbstractCreateMavenProjectJob.java:51)
	at org.eclipse.m2e.core.ui.internal.wizards.AbstractCreateMavenProjectsOperation.run(AbstractCreateMavenProjectsOperation.java:56)
	at org.eclipse.m2e.core.ui.internal.wizards.AbstractCreateMavenProjectJob.runInWorkspace(AbstractCreateMavenProjectJob.java:55)
	at org.eclipse.core.internal.resources.InternalWorkspaceJob.run(InternalWorkspaceJob.java:43)
	at org.eclipse.core.internal.jobs.Worker.run(Worker.java:63)
2025-10-02 16:20:30,584 [Worker-58: Creating project "maven-to-go"] INFO  o.e.m.j.i.AbstractJavaProjectConfigurator - Adding source folder /maven-to-go/src/main/java
2025-10-02 16:20:30,584 [Worker-58: Creating project "maven-to-go"] INFO  o.e.m.j.i.AbstractJavaProjectConfigurator - Adding resource folder /maven-to-go/src/main/resources
2025-10-02 16:20:30,584 [Worker-58: Creating project "maven-to-go"] INFO  o.e.m.j.i.AbstractJavaProjectConfigurator - Adding source folder /maven-to-go/src/test/java
2025-10-02 16:20:30,585 [Worker-58: Creating project "maven-to-go"] INFO  o.e.m.j.i.AbstractJavaProjectConfigurator - Adding resource folder /maven-to-go/src/test/resources
2025-10-02 16:20:30,838 [Worker-53: Building] WARN  o.a.m.s.f.DefaultMavenResourcesFiltering - Using platform encoding (UTF-8 actually) to copy filtered resources, i.e. build is platform dependent!
2025-10-02 16:20:30,839 [Worker-53: Building] INFO  o.a.m.s.f.DefaultMavenResourcesFiltering - Copying 0 resource from src\main\resources to target\classes
2025-10-02 16:20:30,842 [Worker-53: Building] WARN  o.a.m.s.f.DefaultMavenResourcesFiltering - Using platform encoding (UTF-8 actually) to copy filtered resources, i.e. build is platform dependent!
2025-10-02 16:20:30,843 [Worker-53: Building] INFO  o.a.m.s.f.DefaultMavenResourcesFiltering - Copying 0 resource from src\test\resources to target\test-classes
2025-10-02 16:20:53,083 [Worker-62: Building] WARN  o.a.m.s.f.DefaultMavenResourcesFiltering - Using platform encoding (UTF-8 actually) to copy filtered resources, i.e. build is platform dependent!
2025-10-02 16:20:53,084 [Worker-62: Building] INFO  o.a.m.s.f.DefaultMavenResourcesFiltering - Copying 0 resource from src\main\resources to target\classes
2025-10-02 16:20:53,086 [Worker-62: Building] WARN  o.a.m.s.f.DefaultMavenResourcesFiltering - Using platform encoding (UTF-8 actually) to copy filtered resources, i.e. build is platform dependent!
2025-10-02 16:20:53,086 [Worker-62: Building] INFO  o.a.m.s.f.DefaultMavenResourcesFiltering - Copying 0 resource from src\test\resources to target\test-classes
2025-10-02 16:25:26,878 [Worker-60: Building] WARN  o.a.m.s.f.DefaultMavenResourcesFiltering - Using platform encoding (UTF-8 actually) to copy filtered resources, i.e. build is platform dependent!
2025-10-02 16:25:26,880 [Worker-60: Building] INFO  o.a.m.s.f.DefaultMavenResourcesFiltering - Copying 0 resource from src\main\resources to target\classes
2025-10-02 16:25:26,883 [Worker-60: Building] WARN  o.a.m.s.f.DefaultMavenResourcesFiltering - Using platform encoding (UTF-8 actually) to copy filtered resources, i.e. build is platform dependent!
2025-10-02 16:25:26,884 [Worker-60: Building] INFO  o.a.m.s.f.DefaultMavenResourcesFiltering - Copying 0 resource from src\test\resources to target\test-classes
2025-10-02 16:26:30,033 [Worker-63: Building] WARN  o.a.m.s.f.DefaultMavenResourcesFiltering - Using platform encoding (UTF-8 actually) to copy filtered resources, i.e. build is platform dependent!
2025-10-02 16:26:30,035 [Worker-63: Building] INFO  o.a.m.s.f.DefaultMavenResourcesFiltering - Copying 0 resource from src\main\resources to target\classes
2025-10-02 16:26:30,038 [Worker-63: Building] WARN  o.a.m.s.f.DefaultMavenResourcesFiltering - Using platform encoding (UTF-8 actually) to copy filtered resources, i.e. build is platform dependent!
2025-10-02 16:26:30,039 [Worker-63: Building] INFO  o.a.m.s.f.DefaultMavenResourcesFiltering - Copying 0 resource from src\test\resources to target\test-classes
2025-10-02 16:26:53,978 [Worker-63: Building] WARN  o.a.m.s.f.DefaultMavenResourcesFiltering - Using platform encoding (UTF-8 actually) to copy filtered resources, i.e. build is platform dependent!
2025-10-02 16:26:53,979 [Worker-63: Building] INFO  o.a.m.s.f.DefaultMavenResourcesFiltering - Copying 0 resource from src\main\resources to target\classes
2025-10-02 16:26:53,984 [Worker-63: Building] WARN  o.a.m.s.f.DefaultMavenResourcesFiltering - Using platform encoding (UTF-8 actually) to copy filtered resources, i.e. build is platform dependent!
2025-10-02 16:26:53,985 [Worker-63: Building] INFO  o.a.m.s.f.DefaultMavenResourcesFiltering - Copying 0 resource from src\test\resources to target\test-classes
2025-10-02 16:27:02,401 [Worker-65: Building] WARN  o.a.m.s.f.DefaultMavenResourcesFiltering - Using platform encoding (UTF-8 actually) to copy filtered resources, i.e. build is platform dependent!
2025-10-02 16:27:02,402 [Worker-65: Building] INFO  o.a.m.s.f.DefaultMavenResourcesFiltering - Copying 0 resource from src\main\resources to target\classes
2025-10-02 16:27:02,404 [Worker-65: Building] WARN  o.a.m.s.f.DefaultMavenResourcesFiltering - Using platform encoding (UTF-8 actually) to copy filtered resources, i.e. build is platform dependent!
2025-10-02 16:27:02,405 [Worker-65: Building] INFO  o.a.m.s.f.DefaultMavenResourcesFiltering - Copying 0 resource from src\test\resources to target\test-classes
2025-10-03 08:16:41,277 [Worker-1: Loading available Gradle versions] INFO  o.e.b.c.i.u.g.PublishedGradleVersions - Gradle version information cache is out-of-date. Trying to update.
2025-10-03 08:22:03,161 [Worker-18: Building] WARN  o.a.m.s.f.DefaultMavenResourcesFiltering - Using platform encoding (UTF-8 actually) to copy filtered resources, i.e. build is platform dependent!
2025-10-03 08:22:03,166 [Worker-18: Building] INFO  o.a.m.s.f.DefaultMavenResourcesFiltering - Copying 0 resource from src\main\resources to target\classes
2025-10-03 08:22:03,171 [Worker-18: Building] WARN  o.a.m.s.f.DefaultMavenResourcesFiltering - Using platform encoding (UTF-8 actually) to copy filtered resources, i.e. build is platform dependent!
2025-10-03 08:22:03,174 [Worker-18: Building] INFO  o.a.m.s.f.DefaultMavenResourcesFiltering - Copying 0 resource from src\test\resources to target\test-classes
2025-10-03 08:29:12,003 [Worker-27: Building] WARN  o.a.m.s.f.DefaultMavenResourcesFiltering - Using platform encoding (UTF-8 actually) to copy filtered resources, i.e. build is platform dependent!
2025-10-03 08:29:12,004 [Worker-27: Building] INFO  o.a.m.s.f.DefaultMavenResourcesFiltering - Copying 0 resource from src\main\resources to target\classes
2025-10-03 08:29:12,006 [Worker-27: Building] WARN  o.a.m.s.f.DefaultMavenResourcesFiltering - Using platform encoding (UTF-8 actually) to copy filtered resources, i.e. build is platform dependent!
2025-10-03 08:29:12,007 [Worker-27: Building] INFO  o.a.m.s.f.DefaultMavenResourcesFiltering - Copying 0 resource from src\test\resources to target\test-classes
2025-10-03 08:34:20,064 [Worker-31: Building] INFO  o.e.m.c.i.l.LifecycleMappingFactory - Using org.eclipse.m2e.jdt.JarLifecycleMapping lifecycle mapping for MavenProject: com.maven.basis:maven-to-go:0.0.1-SNAPSHOT @ D:\BackendJava\My_Workspace\Space_Deep\Session01_Maven\maven-to-go\pom.xml.
2025-10-03 08:34:20,175 [Worker-31: Building] WARN  o.a.m.s.f.DefaultMavenResourcesFiltering - Using platform encoding (UTF-8 actually) to copy filtered resources, i.e. build is platform dependent!
2025-10-03 08:34:20,179 [Worker-31: Building] INFO  o.a.m.s.f.DefaultMavenResourcesFiltering - Copying 0 resource from src\main\resources to target\classes
2025-10-03 08:34:20,184 [Worker-31: Building] WARN  o.a.m.s.f.DefaultMavenResourcesFiltering - Using platform encoding (UTF-8 actually) to copy filtered resources, i.e. build is platform dependent!
2025-10-03 08:34:20,185 [Worker-31: Building] INFO  o.a.m.s.f.DefaultMavenResourcesFiltering - Copying 0 resource from src\test\resources to target\test-classes
2025-10-03 08:34:55,466 [Worker-33: Building] INFO  o.e.m.c.i.l.LifecycleMappingFactory - Using org.eclipse.m2e.jdt.JarLifecycleMapping lifecycle mapping for MavenProject: com.maven.basis:maven-to-go:0.0.1-SNAPSHOT @ D:\BackendJava\My_Workspace\Space_Deep\Session01_Maven\maven-to-go\pom.xml.
2025-10-03 08:34:55,700 [Worker-33: Building] WARN  o.a.m.s.f.DefaultMavenResourcesFiltering - Using platform encoding (UTF-8 actually) to copy filtered resources, i.e. build is platform dependent!
2025-10-03 08:34:55,702 [Worker-33: Building] INFO  o.a.m.s.f.DefaultMavenResourcesFiltering - Copying 0 resource from src\main\resources to target\classes
2025-10-03 08:34:55,705 [Worker-33: Building] WARN  o.a.m.s.f.DefaultMavenResourcesFiltering - Using platform encoding (UTF-8 actually) to copy filtered resources, i.e. build is platform dependent!
2025-10-03 08:34:55,705 [Worker-33: Building] INFO  o.a.m.s.f.DefaultMavenResourcesFiltering - Copying 0 resource from src\test\resources to target\test-classes
2025-10-03 08:34:55,737 [Worker-34: Updating Maven Project] INFO  o.e.m.c.i.p.ProjectConfigurationManager - Update started
2025-10-03 08:34:55,897 [Worker-34: Updating Maven Project] INFO  o.e.m.c.i.l.LifecycleMappingFactory - Using org.eclipse.m2e.jdt.JarLifecycleMapping lifecycle mapping for MavenProject: com.maven.basis:maven-to-go:0.0.1-SNAPSHOT @ D:\BackendJava\My_Workspace\Space_Deep\Session01_Maven\maven-to-go\pom.xml.
2025-10-03 08:34:55,998 [Worker-34: Updating Maven Project] INFO  o.e.m.j.i.AbstractJavaProjectConfigurator - Adding source folder /maven-to-go/src/main/java
2025-10-03 08:34:55,999 [Worker-34: Updating Maven Project] INFO  o.e.m.j.i.AbstractJavaProjectConfigurator - Adding resource folder /maven-to-go/src/main/resources
2025-10-03 08:34:56,000 [Worker-34: Updating Maven Project] INFO  o.e.m.j.i.AbstractJavaProjectConfigurator - Adding source folder /maven-to-go/src/test/java
2025-10-03 08:34:56,001 [Worker-34: Updating Maven Project] INFO  o.e.m.j.i.AbstractJavaProjectConfigurator - Adding resource folder /maven-to-go/src/test/resources
2025-10-03 08:34:56,175 [Worker-34: Updating Maven Project] INFO  o.e.m.c.i.p.ProjectConfigurationManager - Update completed for 1 poms: local refresh takes 0.00 sec, refresh facades takes 0.00 sec, update config takes 0.00 sec 
2025-10-03 08:34:56,834 [Worker-29: Building] WARN  o.a.m.s.f.DefaultMavenResourcesFiltering - Using platform encoding (UTF-8 actually) to copy filtered resources, i.e. build is platform dependent!
2025-10-03 08:34:56,834 [Worker-29: Building] INFO  o.a.m.s.f.DefaultMavenResourcesFiltering - Copying 0 resource from src\main\resources to target\classes
2025-10-03 08:34:56,838 [Worker-29: Building] WARN  o.a.m.s.f.DefaultMavenResourcesFiltering - Using platform encoding (UTF-8 actually) to copy filtered resources, i.e. build is platform dependent!
2025-10-03 08:34:56,838 [Worker-29: Building] INFO  o.a.m.s.f.DefaultMavenResourcesFiltering - Copying 0 resource from src\test\resources to target\test-classes
2025-10-03 08:35:03,863 [Worker-32: Updating Maven Project] INFO  o.e.m.c.i.p.ProjectConfigurationManager - Update started
2025-10-03 08:35:04,053 [Worker-32: Updating Maven Project] INFO  o.e.m.c.i.l.LifecycleMappingFactory - Using org.eclipse.m2e.jdt.JarLifecycleMapping lifecycle mapping for MavenProject: com.maven.basis:maven-to-go:0.0.1-SNAPSHOT @ D:\BackendJava\My_Workspace\Space_Deep\Session01_Maven\maven-to-go\pom.xml.
2025-10-03 08:35:04,145 [Worker-32: Updating Maven Project] INFO  o.e.m.j.i.AbstractJavaProjectConfigurator - Adding source folder /maven-to-go/src/main/java
2025-10-03 08:35:04,145 [Worker-32: Updating Maven Project] INFO  o.e.m.j.i.AbstractJavaProjectConfigurator - Adding resource folder /maven-to-go/src/main/resources
2025-10-03 08:35:04,145 [Worker-32: Updating Maven Project] INFO  o.e.m.j.i.AbstractJavaProjectConfigurator - Adding source folder /maven-to-go/src/test/java
2025-10-03 08:35:04,146 [Worker-32: Updating Maven Project] INFO  o.e.m.j.i.AbstractJavaProjectConfigurator - Adding resource folder /maven-to-go/src/test/resources
2025-10-03 08:35:04,192 [Worker-32: Updating Maven Project] INFO  o.e.m.c.i.p.ProjectConfigurationManager - Update completed for 1 poms: local refresh takes 0.00 sec, refresh facades takes 0.00 sec, update config takes 0.00 sec 
2025-10-03 08:35:04,353 [Worker-27: Building] WARN  o.a.m.s.f.DefaultMavenResourcesFiltering - Using platform encoding (UTF-8 actually) to copy filtered resources, i.e. build is platform dependent!
2025-10-03 08:35:04,355 [Worker-27: Building] INFO  o.a.m.s.f.DefaultMavenResourcesFiltering - Copying 0 resource from src\main\resources to target\classes
2025-10-03 08:35:04,360 [Worker-27: Building] WARN  o.a.m.s.f.DefaultMavenResourcesFiltering - Using platform encoding (UTF-8 actually) to copy filtered resources, i.e. build is platform dependent!
2025-10-03 08:35:04,361 [Worker-27: Building] INFO  o.a.m.s.f.DefaultMavenResourcesFiltering - Copying 0 resource from src\test\resources to target\test-classes
2025-10-03 08:50:21,998 [Worker-0: Loading available Gradle versions] INFO  o.e.b.c.i.u.g.PublishedGradleVersions - Gradle version information cache is up-to-date. Trying to read.
2025-10-03 08:52:37,409 [Worker-0: Loading available Gradle versions] INFO  o.e.b.c.i.u.g.PublishedGradleVersions - Gradle version information cache is up-to-date. Trying to read.
2025-10-03 09:02:47,039 [Worker-24: Building] INFO  o.e.m.c.i.l.LifecycleMappingFactory - Using org.eclipse.m2e.jdt.JarLifecycleMapping lifecycle mapping for MavenProject: com.maven.basis:maven-to-go:18.23 @ D:\BackendJava\My_Workspace\Space_Deep\Session01_Maven\maven-to-go\pom.xml.
2025-10-03 09:02:47,524 [Worker-24: Building] WARN  o.a.m.s.f.DefaultMavenResourcesFiltering - Using platform encoding (UTF-8 actually) to copy filtered resources, i.e. build is platform dependent!
2025-10-03 09:02:47,527 [Worker-24: Building] INFO  o.a.m.s.f.DefaultMavenResourcesFiltering - Copying 0 resource from src\main\resources to target\classes
2025-10-03 09:02:47,532 [Worker-24: Building] WARN  o.a.m.s.f.DefaultMavenResourcesFiltering - Using platform encoding (UTF-8 actually) to copy filtered resources, i.e. build is platform dependent!
2025-10-03 09:02:47,533 [Worker-24: Building] INFO  o.a.m.s.f.DefaultMavenResourcesFiltering - Copying 0 resource from src\test\resources to target\test-classes
2025-10-03 09:02:48,669 [Worker-25: Building] WARN  o.a.m.s.f.DefaultMavenResourcesFiltering - Using platform encoding (UTF-8 actually) to copy filtered resources, i.e. build is platform dependent!
2025-10-03 09:02:48,670 [Worker-25: Building] INFO  o.a.m.s.f.DefaultMavenResourcesFiltering - Copying 0 resource from src\main\resources to target\classes
2025-10-03 09:02:48,672 [Worker-25: Building] WARN  o.a.m.s.f.DefaultMavenResourcesFiltering - Using platform encoding (UTF-8 actually) to copy filtered resources, i.e. build is platform dependent!
2025-10-03 09:02:48,673 [Worker-25: Building] INFO  o.a.m.s.f.DefaultMavenResourcesFiltering - Copying 0 resource from src\test\resources to target\test-classes
2025-10-03 09:51:09,036 [Worker-33: Updating Maven Project] INFO  o.e.m.c.i.p.ProjectConfigurationManager - Update started
2025-10-03 09:51:13,931 [Worker-33: Updating Maven Project] INFO  o.e.m.c.i.l.LifecycleMappingFactory - Using org.eclipse.m2e.jdt.JarLifecycleMapping lifecycle mapping for MavenProject: com.maven.basis:maven-to-go:18.23 @ D:\BackendJava\My_Workspace\Space_Deep\Session01_Maven\maven-to-go\pom.xml.
2025-10-03 09:51:16,128 [Worker-33: Updating Maven Project] INFO  o.e.m.j.i.AbstractJavaProjectConfigurator - Adding source folder /maven-to-go/src/main/java
2025-10-03 09:51:16,129 [Worker-33: Updating Maven Project] INFO  o.e.m.j.i.AbstractJavaProjectConfigurator - Adding resource folder /maven-to-go/src/main/resources
2025-10-03 09:51:16,130 [Worker-33: Updating Maven Project] INFO  o.e.m.j.i.AbstractJavaProjectConfigurator - Adding source folder /maven-to-go/src/test/java
2025-10-03 09:51:16,130 [Worker-33: Updating Maven Project] INFO  o.e.m.j.i.AbstractJavaProjectConfigurator - Adding resource folder /maven-to-go/src/test/resources
2025-10-03 09:51:16,571 [Worker-33: Updating Maven Project] INFO  o.e.m.c.i.p.ProjectConfigurationManager - Update completed for 1 poms: local refresh takes 0.00 sec, refresh facades takes 6.00 sec, update config takes 0.00 sec 
2025-10-03 09:51:16,845 [Worker-27: Building] WARN  o.a.m.s.f.DefaultMavenResourcesFiltering - Using platform encoding (UTF-8 actually) to copy filtered resources, i.e. build is platform dependent!
2025-10-03 09:51:16,846 [Worker-27: Building] INFO  o.a.m.s.f.DefaultMavenResourcesFiltering - Copying 0 resource from src\main\resources to target\classes
2025-10-03 09:51:16,850 [Worker-27: Building] WARN  o.a.m.s.f.DefaultMavenResourcesFiltering - Using platform encoding (UTF-8 actually) to copy filtered resources, i.e. build is platform dependent!
2025-10-03 09:51:16,851 [Worker-27: Building] INFO  o.a.m.s.f.DefaultMavenResourcesFiltering - Copying 0 resource from src\test\resources to target\test-classes
2025-10-03 13:54:45,203 [Worker-1: Loading available Gradle versions] INFO  o.e.b.c.i.u.g.PublishedGradleVersions - Gradle version information cache is up-to-date. Trying to read.
2025-10-03 15:04:43,254 [Worker-25: Building] INFO  o.e.m.c.i.l.LifecycleMappingFactory - Using org.eclipse.m2e.jdt.JarLifecycleMapping lifecycle mapping for MavenProject: com.maven.basis:maven-to-go:18.23 @ D:\BackendJava\My_Workspace\Space_Deep\Session01_Maven\maven-to-go\pom.xml.
2025-10-03 15:04:43,541 [Worker-25: Building] INFO  o.e.m.c.i.e.AbstractTransferListenerAdapter - Downloading https://repo.maven.apache.org/maven2/com/microsoft/sqlserver/mssql-jdbc/12.10.1.jre11/mssql-jdbc-12.10.1.jre11.pom
2025-10-03 15:04:43,583 [Worker-25: Building] INFO  o.e.m.c.i.e.AbstractTransferListenerAdapter - Downloaded https://repo.maven.apache.org/maven2/com/microsoft/sqlserver/mssql-jdbc/12.10.1.jre11/mssql-jdbc-12.10.1.jre11.pom
2025-10-03 15:04:43,682 [Worker-25: Building] INFO  o.e.m.c.i.e.AbstractTransferListenerAdapter - Downloading https://repo.maven.apache.org/maven2/com/microsoft/sqlserver/mssql-jdbc/12.10.1.jre11/mssql-jdbc-12.10.1.jre11.jar
2025-10-03 15:04:44,368 [Worker-25: Building] INFO  o.e.m.c.i.e.AbstractTransferListenerAdapter - Downloaded https://repo.maven.apache.org/maven2/com/microsoft/sqlserver/mssql-jdbc/12.10.1.jre11/mssql-jdbc-12.10.1.jre11.jar
2025-10-03 15:04:44,560 [Worker-25: Building] WARN  o.a.m.s.f.DefaultMavenResourcesFiltering - Using platform encoding (UTF-8 actually) to copy filtered resources, i.e. build is platform dependent!
2025-10-03 15:04:44,564 [Worker-25: Building] INFO  o.a.m.s.f.DefaultMavenResourcesFiltering - Copying 0 resource from src\main\resources to target\classes
2025-10-03 15:04:44,569 [Worker-25: Building] WARN  o.a.m.s.f.DefaultMavenResourcesFiltering - Using platform encoding (UTF-8 actually) to copy filtered resources, i.e. build is platform dependent!
2025-10-03 15:04:44,570 [Worker-25: Building] INFO  o.a.m.s.f.DefaultMavenResourcesFiltering - Copying 0 resource from src\test\resources to target\test-classes
2025-10-03 15:04:45,681 [Worker-31: Download sources and javadoc] INFO  o.e.m.c.i.e.AbstractTransferListenerAdapter - Downloading https://repo.maven.apache.org/maven2/com/microsoft/sqlserver/mssql-jdbc/12.10.1.jre11/mssql-jdbc-12.10.1.jre11-sources.jar
2025-10-03 15:04:45,989 [Worker-25: Building] WARN  o.a.m.s.f.DefaultMavenResourcesFiltering - Using platform encoding (UTF-8 actually) to copy filtered resources, i.e. build is platform dependent!
2025-10-03 15:04:45,990 [Worker-25: Building] INFO  o.a.m.s.f.DefaultMavenResourcesFiltering - Copying 0 resource from src\main\resources to target\classes
2025-10-03 15:04:45,993 [Worker-25: Building] WARN  o.a.m.s.f.DefaultMavenResourcesFiltering - Using platform encoding (UTF-8 actually) to copy filtered resources, i.e. build is platform dependent!
2025-10-03 15:04:45,994 [Worker-25: Building] INFO  o.a.m.s.f.DefaultMavenResourcesFiltering - Copying 0 resource from src\test\resources to target\test-classes
2025-10-03 15:04:46,308 [Worker-31: Download sources and javadoc] INFO  o.e.m.c.i.e.AbstractTransferListenerAdapter - Downloaded https://repo.maven.apache.org/maven2/com/microsoft/sqlserver/mssql-jdbc/12.10.1.jre11/mssql-jdbc-12.10.1.jre11-sources.jar
2025-10-03 15:04:46,314 [Worker-31: Download sources and javadoc] INFO  o.e.m.j.internal.DownloadSourcesJob - Downloaded sources for com.microsoft.sqlserver:mssql-jdbc:12.10.1.jre11
2025-10-03 15:06:42,318 [Worker-32: Building] INFO  o.e.m.c.i.l.LifecycleMappingFactory - Using org.eclipse.m2e.jdt.JarLifecycleMapping lifecycle mapping for MavenProject: com.maven.basis:maven-to-go:18.23 @ D:\BackendJava\My_Workspace\Space_Deep\Session01_Maven\maven-to-go\pom.xml.
2025-10-03 15:06:43,239 [Worker-32: Building] WARN  o.a.m.s.f.DefaultMavenResourcesFiltering - Using platform encoding (UTF-8 actually) to copy filtered resources, i.e. build is platform dependent!
2025-10-03 15:06:43,241 [Worker-32: Building] INFO  o.a.m.s.f.DefaultMavenResourcesFiltering - Copying 0 resource from src\main\resources to target\classes
2025-10-03 15:06:43,244 [Worker-32: Building] WARN  o.a.m.s.f.DefaultMavenResourcesFiltering - Using platform encoding (UTF-8 actually) to copy filtered resources, i.e. build is platform dependent!
2025-10-03 15:06:43,245 [Worker-32: Building] INFO  o.a.m.s.f.DefaultMavenResourcesFiltering - Copying 0 resource from src\test\resources to target\test-classes
2025-10-03 15:06:44,646 [Worker-28: Building] WARN  o.a.m.s.f.DefaultMavenResourcesFiltering - Using platform encoding (UTF-8 actually) to copy filtered resources, i.e. build is platform dependent!
2025-10-03 15:06:44,647 [Worker-28: Building] INFO  o.a.m.s.f.DefaultMavenResourcesFiltering - Copying 0 resource from src\main\resources to target\classes
2025-10-03 15:06:44,651 [Worker-28: Building] WARN  o.a.m.s.f.DefaultMavenResourcesFiltering - Using platform encoding (UTF-8 actually) to copy filtered resources, i.e. build is platform dependent!
2025-10-03 15:06:44,653 [Worker-28: Building] INFO  o.a.m.s.f.DefaultMavenResourcesFiltering - Copying 0 resource from src\test\resources to target\test-classes
2025-10-03 15:06:45,125 [Worker-32: Download sources and javadoc] INFO  o.e.m.c.i.e.AbstractTransferListenerAdapter - Downloading https://repo.maven.apache.org/maven2/org/apache/maven/plugins/maven-jar-plugin/3.4.2/maven-jar-plugin-3.4.2-sources.jar
2025-10-03 15:06:45,731 [Worker-32: Download sources and javadoc] INFO  o.e.m.c.i.e.AbstractTransferListenerAdapter - Downloaded https://repo.maven.apache.org/maven2/org/apache/maven/plugins/maven-jar-plugin/3.4.2/maven-jar-plugin-3.4.2-sources.jar
2025-10-03 15:06:45,734 [Worker-32: Download sources and javadoc] INFO  o.e.m.j.internal.DownloadSourcesJob - Downloaded sources for org.apache.maven.plugins:maven-jar-plugin:3.4.2
2025-10-03 15:06:45,958 [Worker-32: Download sources and javadoc] INFO  o.e.m.c.i.e.AbstractTransferListenerAdapter - Downloading https://repo.maven.apache.org/maven2/org/apache/maven/shared/file-management/3.1.0/file-management-3.1.0-sources.jar
2025-10-03 15:06:46,532 [Worker-32: Download sources and javadoc] INFO  o.e.m.c.i.e.AbstractTransferListenerAdapter - Downloaded https://repo.maven.apache.org/maven2/org/apache/maven/shared/file-management/3.1.0/file-management-3.1.0-sources.jar
2025-10-03 15:06:46,536 [Worker-32: Download sources and javadoc] INFO  o.e.m.j.internal.DownloadSourcesJob - Downloaded sources for org.apache.maven.shared:file-management:3.1.0
2025-10-03 15:06:46,841 [Worker-32: Download sources and javadoc] INFO  o.e.m.c.i.e.AbstractTransferListenerAdapter - Downloading https://repo.maven.apache.org/maven2/org/codehaus/plexus/plexus-utils/3.4.2/plexus-utils-3.4.2-sources.jar
2025-10-03 15:06:47,124 [Worker-32: Download sources and javadoc] INFO  o.e.m.c.i.e.AbstractTransferListenerAdapter - Downloaded https://repo.maven.apache.org/maven2/org/codehaus/plexus/plexus-utils/3.4.2/plexus-utils-3.4.2-sources.jar
2025-10-03 15:06:47,129 [Worker-32: Download sources and javadoc] INFO  o.e.m.j.internal.DownloadSourcesJob - Downloaded sources for org.codehaus.plexus:plexus-utils:3.4.2
2025-10-03 15:06:47,274 [Worker-32: Download sources and javadoc] INFO  o.e.m.c.i.e.AbstractTransferListenerAdapter - Downloading https://repo.maven.apache.org/maven2/commons-io/commons-io/2.11.0/commons-io-2.11.0-sources.jar
2025-10-03 15:06:47,513 [Worker-32: Download sources and javadoc] INFO  o.e.m.c.i.e.AbstractTransferListenerAdapter - Downloaded https://repo.maven.apache.org/maven2/commons-io/commons-io/2.11.0/commons-io-2.11.0-sources.jar
2025-10-03 15:06:47,517 [Worker-32: Download sources and javadoc] INFO  o.e.m.j.internal.DownloadSourcesJob - Downloaded sources for commons-io:commons-io:2.11.0
2025-10-03 15:06:48,575 [Worker-32: Download sources and javadoc] INFO  o.e.m.c.i.e.AbstractTransferListenerAdapter - Downloading https://repo.maven.apache.org/maven2/org/apache/maven/maven-archiver/3.6.2/maven-archiver-3.6.2-sources.jar
2025-10-03 15:06:48,897 [Worker-32: Download sources and javadoc] INFO  o.e.m.c.i.e.AbstractTransferListenerAdapter - Downloaded https://repo.maven.apache.org/maven2/org/apache/maven/maven-archiver/3.6.2/maven-archiver-3.6.2-sources.jar
2025-10-03 15:06:48,906 [Worker-32: Download sources and javadoc] INFO  o.e.m.j.internal.DownloadSourcesJob - Downloaded sources for org.apache.maven:maven-archiver:3.6.2
2025-10-03 15:06:49,191 [Worker-32: Download sources and javadoc] INFO  o.e.m.c.i.e.AbstractTransferListenerAdapter - Downloading https://repo.maven.apache.org/maven2/org/codehaus/plexus/plexus-interpolation/1.27/plexus-interpolation-1.27-sources.jar
2025-10-03 15:06:49,265 [Worker-32: Download sources and javadoc] INFO  o.e.m.c.i.e.AbstractTransferListenerAdapter - Downloaded https://repo.maven.apache.org/maven2/org/codehaus/plexus/plexus-interpolation/1.27/plexus-interpolation-1.27-sources.jar
2025-10-03 15:06:49,271 [Worker-32: Download sources and javadoc] INFO  o.e.m.j.internal.DownloadSourcesJob - Downloaded sources for org.codehaus.plexus:plexus-interpolation:1.27
2025-10-03 15:06:50,591 [Worker-32: Download sources and javadoc] INFO  o.e.m.c.i.e.AbstractTransferListenerAdapter - Downloading https://repo.maven.apache.org/maven2/org/codehaus/plexus/plexus-archiver/4.9.2/plexus-archiver-4.9.2-sources.jar
2025-10-03 15:06:50,712 [Worker-32: Download sources and javadoc] INFO  o.e.m.c.i.e.AbstractTransferListenerAdapter - Downloaded https://repo.maven.apache.org/maven2/org/codehaus/plexus/plexus-archiver/4.9.2/plexus-archiver-4.9.2-sources.jar
2025-10-03 15:06:50,717 [Worker-32: Download sources and javadoc] INFO  o.e.m.j.internal.DownloadSourcesJob - Downloaded sources for org.codehaus.plexus:plexus-archiver:4.9.2
2025-10-03 15:06:50,919 [Worker-32: Download sources and javadoc] INFO  o.e.m.c.i.e.AbstractTransferListenerAdapter - Downloading https://repo.maven.apache.org/maven2/org/codehaus/plexus/plexus-io/3.4.2/plexus-io-3.4.2-sources.jar
2025-10-03 15:06:50,985 [Worker-32: Download sources and javadoc] INFO  o.e.m.c.i.e.AbstractTransferListenerAdapter - Downloaded https://repo.maven.apache.org/maven2/org/codehaus/plexus/plexus-io/3.4.2/plexus-io-3.4.2-sources.jar
2025-10-03 15:06:50,990 [Worker-32: Download sources and javadoc] INFO  o.e.m.j.internal.DownloadSourcesJob - Downloaded sources for org.codehaus.plexus:plexus-io:3.4.2
2025-10-03 15:06:51,163 [Worker-32: Download sources and javadoc] INFO  o.e.m.c.i.e.AbstractTransferListenerAdapter - Downloading https://repo.maven.apache.org/maven2/org/apache/commons/commons-compress/1.26.1/commons-compress-1.26.1-sources.jar
2025-10-03 15:06:51,840 [Worker-32: Download sources and javadoc] INFO  o.e.m.c.i.e.AbstractTransferListenerAdapter - Downloaded https://repo.maven.apache.org/maven2/org/apache/commons/commons-compress/1.26.1/commons-compress-1.26.1-sources.jar
2025-10-03 15:06:51,846 [Worker-32: Download sources and javadoc] INFO  o.e.m.j.internal.DownloadSourcesJob - Downloaded sources for org.apache.commons:commons-compress:1.26.1
2025-10-03 15:06:52,250 [Worker-32: Download sources and javadoc] INFO  o.e.m.c.i.e.AbstractTransferListenerAdapter - Downloading https://repo.maven.apache.org/maven2/org/apache/commons/commons-lang3/3.14.0/commons-lang3-3.14.0-sources.jar
2025-10-03 15:06:52,808 [Worker-32: Download sources and javadoc] INFO  o.e.m.c.i.e.AbstractTransferListenerAdapter - Downloaded https://repo.maven.apache.org/maven2/org/apache/commons/commons-lang3/3.14.0/commons-lang3-3.14.0-sources.jar
2025-10-03 15:06:52,814 [Worker-32: Download sources and javadoc] INFO  o.e.m.j.internal.DownloadSourcesJob - Downloaded sources for org.apache.commons:commons-lang3:3.14.0
2025-10-03 15:06:53,253 [Worker-32: Download sources and javadoc] INFO  o.e.m.c.i.e.AbstractTransferListenerAdapter - Downloading https://repo.maven.apache.org/maven2/commons-codec/commons-codec/1.16.1/commons-codec-1.16.1-sources.jar
2025-10-03 15:06:53,565 [Worker-32: Download sources and javadoc] INFO  o.e.m.c.i.e.AbstractTransferListenerAdapter - Downloaded https://repo.maven.apache.org/maven2/commons-codec/commons-codec/1.16.1/commons-codec-1.16.1-sources.jar
2025-10-03 15:06:53,568 [Worker-32: Download sources and javadoc] INFO  o.e.m.j.internal.DownloadSourcesJob - Downloaded sources for commons-codec:commons-codec:1.16.1
2025-10-03 15:06:53,991 [Worker-32: Download sources and javadoc] INFO  o.e.m.c.i.e.AbstractTransferListenerAdapter - Downloading https://repo.maven.apache.org/maven2/org/iq80/snappy/snappy/0.4/snappy-0.4-sources.jar
2025-10-03 15:06:54,039 [Worker-32: Download sources and javadoc] INFO  o.e.m.c.i.e.AbstractTransferListenerAdapter - Downloaded https://repo.maven.apache.org/maven2/org/iq80/snappy/snappy/0.4/snappy-0.4-sources.jar
2025-10-03 15:06:54,044 [Worker-32: Download sources and javadoc] INFO  o.e.m.j.internal.DownloadSourcesJob - Downloaded sources for org.iq80.snappy:snappy:0.4
2025-10-03 15:06:54,359 [Worker-32: Download sources and javadoc] INFO  o.e.m.c.i.e.AbstractTransferListenerAdapter - Downloading https://repo.maven.apache.org/maven2/org/tukaani/xz/1.9/xz-1.9-sources.jar
2025-10-03 15:06:54,626 [Worker-32: Download sources and javadoc] INFO  o.e.m.c.i.e.AbstractTransferListenerAdapter - Downloaded https://repo.maven.apache.org/maven2/org/tukaani/xz/1.9/xz-1.9-sources.jar
2025-10-03 15:06:54,631 [Worker-32: Download sources and javadoc] INFO  o.e.m.j.internal.DownloadSourcesJob - Downloaded sources for org.tukaani:xz:1.9
2025-10-03 15:06:55,668 [Worker-32: Download sources and javadoc] INFO  o.e.m.c.i.e.AbstractTransferListenerAdapter - Downloading https://repo.maven.apache.org/maven2/com/github/luben/zstd-jni/1.5.5-11/zstd-jni-1.5.5-11-sources.jar
2025-10-03 15:06:56,375 [Worker-32: Download sources and javadoc] INFO  o.e.m.c.i.e.AbstractTransferListenerAdapter - Downloaded https://repo.maven.apache.org/maven2/com/github/luben/zstd-jni/1.5.5-11/zstd-jni-1.5.5-11-sources.jar
2025-10-03 15:06:56,383 [Worker-32: Download sources and javadoc] INFO  o.e.m.j.internal.DownloadSourcesJob - Downloaded sources for com.github.luben:zstd-jni:1.5.5-11
2025-10-03 15:06:56,722 [Worker-32: Download sources and javadoc] INFO  o.e.m.c.i.e.AbstractTransferListenerAdapter - Downloading https://repo.maven.apache.org/maven2/javax/inject/javax.inject/1/javax.inject-1-sources.jar
2025-10-03 15:06:56,816 [Worker-32: Download sources and javadoc] INFO  o.e.m.c.i.e.AbstractTransferListenerAdapter - Downloaded https://repo.maven.apache.org/maven2/javax/inject/javax.inject/1/javax.inject-1-sources.jar
2025-10-03 15:06:56,820 [Worker-32: Download sources and javadoc] INFO  o.e.m.j.internal.DownloadSourcesJob - Downloaded sources for javax.inject:javax.inject:1
2025-10-03 15:08:58,193 [Worker-37: Building] INFO  o.e.m.c.i.l.LifecycleMappingFactory - Using org.eclipse.m2e.jdt.JarLifecycleMapping lifecycle mapping for MavenProject: com.maven.basis:maven-to-go:18.23 @ D:\BackendJava\My_Workspace\Space_Deep\Session01_Maven\maven-to-go\pom.xml.
2025-10-03 15:08:58,389 [Worker-37: Building] WARN  o.a.m.s.f.DefaultMavenResourcesFiltering - Using platform encoding (UTF-8 actually) to copy filtered resources, i.e. build is platform dependent!
2025-10-03 15:08:58,392 [Worker-37: Building] INFO  o.a.m.s.f.DefaultMavenResourcesFiltering - Copying 0 resource from src\main\resources to target\classes
2025-10-03 15:08:58,396 [Worker-37: Building] WARN  o.a.m.s.f.DefaultMavenResourcesFiltering - Using platform encoding (UTF-8 actually) to copy filtered resources, i.e. build is platform dependent!
2025-10-03 15:08:58,398 [Worker-37: Building] INFO  o.a.m.s.f.DefaultMavenResourcesFiltering - Copying 0 resource from src\test\resources to target\test-classes
2025-10-03 16:21:10,863 [Worker-55: Building] INFO  o.e.m.c.i.l.LifecycleMappingFactory - Using org.eclipse.m2e.jdt.JarLifecycleMapping lifecycle mapping for MavenProject: com.maven.basis:maven-to-go:18.23 @ D:\BackendJava\My_Workspace\Space_Deep\Session01_Maven\maven-to-go\pom.xml.
2025-10-03 16:21:11,055 [Worker-55: Building] WARN  o.a.m.s.f.DefaultMavenResourcesFiltering - Using platform encoding (UTF-8 actually) to copy filtered resources, i.e. build is platform dependent!
2025-10-03 16:21:11,057 [Worker-55: Building] INFO  o.a.m.s.f.DefaultMavenResourcesFiltering - Copying 0 resource from src\main\resources to target\classes
2025-10-03 16:21:11,060 [Worker-55: Building] WARN  o.a.m.s.f.DefaultMavenResourcesFiltering - Using platform encoding (UTF-8 actually) to copy filtered resources, i.e. build is platform dependent!
2025-10-03 16:21:11,061 [Worker-55: Building] INFO  o.a.m.s.f.DefaultMavenResourcesFiltering - Copying 0 resource from src\test\resources to target\test-classes
2025-10-03 16:21:11,235 [Worker-52: Updating Maven Project] INFO  o.e.m.c.i.p.ProjectConfigurationManager - Update started
2025-10-03 16:21:11,385 [Worker-52: Updating Maven Project] INFO  o.e.m.c.i.l.LifecycleMappingFactory - Using org.eclipse.m2e.jdt.JarLifecycleMapping lifecycle mapping for MavenProject: com.maven.basis:maven-to-go:18.23 @ D:\BackendJava\My_Workspace\Space_Deep\Session01_Maven\maven-to-go\pom.xml.
2025-10-03 16:21:11,568 [Worker-52: Updating Maven Project] INFO  o.e.m.j.i.AbstractJavaProjectConfigurator - Adding source folder /maven-to-go/src/main/java
2025-10-03 16:21:11,571 [Worker-52: Updating Maven Project] INFO  o.e.m.j.i.AbstractJavaProjectConfigurator - Adding resource folder /maven-to-go/src/main/resources
2025-10-03 16:21:11,573 [Worker-52: Updating Maven Project] INFO  o.e.m.j.i.AbstractJavaProjectConfigurator - Adding source folder /maven-to-go/src/test/java
2025-10-03 16:21:11,574 [Worker-52: Updating Maven Project] INFO  o.e.m.j.i.AbstractJavaProjectConfigurator - Adding resource folder /maven-to-go/src/test/resources
2025-10-03 16:21:11,676 [Worker-52: Updating Maven Project] INFO  o.e.m.c.i.p.ProjectConfigurationManager - Update completed for 1 poms: local refresh takes 0.00 sec, refresh facades takes 0.00 sec, update config takes 0.00 sec 
2025-10-03 16:21:12,272 [Worker-55: Building] WARN  o.a.m.s.f.DefaultMavenResourcesFiltering - Using platform encoding (UTF-8 actually) to copy filtered resources, i.e. build is platform dependent!
2025-10-03 16:21:12,273 [Worker-55: Building] INFO  o.a.m.s.f.DefaultMavenResourcesFiltering - Copying 0 resource from src\main\resources to target\classes
2025-10-03 16:21:12,276 [Worker-55: Building] WARN  o.a.m.s.f.DefaultMavenResourcesFiltering - Using platform encoding (UTF-8 actually) to copy filtered resources, i.e. build is platform dependent!
2025-10-03 16:21:12,276 [Worker-55: Building] INFO  o.a.m.s.f.DefaultMavenResourcesFiltering - Copying 0 resource from src\test\resources to target\test-classes
2025-10-03 16:24:47,685 [Worker-58: Building] WARN  o.a.m.s.f.DefaultMavenResourcesFiltering - Using platform encoding (UTF-8 actually) to copy filtered resources, i.e. build is platform dependent!
2025-10-03 16:24:47,687 [Worker-58: Building] INFO  o.a.m.s.f.DefaultMavenResourcesFiltering - Copying 0 resource from src\main\resources to target\classes
2025-10-03 16:24:47,689 [Worker-58: Building] WARN  o.a.m.s.f.DefaultMavenResourcesFiltering - Using platform encoding (UTF-8 actually) to copy filtered resources, i.e. build is platform dependent!
2025-10-03 16:24:47,689 [Worker-58: Building] INFO  o.a.m.s.f.DefaultMavenResourcesFiltering - Copying 0 resource from src\test\resources to target\test-classes
2025-10-03 16:25:48,205 [Worker-56: Building] WARN  o.a.m.s.f.DefaultMavenResourcesFiltering - Using platform encoding (UTF-8 actually) to copy filtered resources, i.e. build is platform dependent!
2025-10-03 16:25:48,207 [Worker-56: Building] INFO  o.a.m.s.f.DefaultMavenResourcesFiltering - Copying 0 resource from src\main\resources to target\classes
2025-10-03 16:25:48,208 [Worker-56: Building] WARN  o.a.m.s.f.DefaultMavenResourcesFiltering - Using platform encoding (UTF-8 actually) to copy filtered resources, i.e. build is platform dependent!
2025-10-03 16:25:48,209 [Worker-56: Building] INFO  o.a.m.s.f.DefaultMavenResourcesFiltering - Copying 0 resource from src\test\resources to target\test-classes
2025-10-03 16:26:44,521 [Worker-52: Building] INFO  o.e.m.c.i.l.LifecycleMappingFactory - Using org.eclipse.m2e.jdt.JarLifecycleMapping lifecycle mapping for MavenProject: com.maven.basis:maven-to-go:18.90 @ D:\BackendJava\My_Workspace\Space_Deep\Session01_Maven\maven-to-go\pom.xml.
2025-10-03 16:26:44,651 [Worker-52: Building] WARN  o.a.m.s.f.DefaultMavenResourcesFiltering - Using platform encoding (UTF-8 actually) to copy filtered resources, i.e. build is platform dependent!
2025-10-03 16:26:44,653 [Worker-52: Building] INFO  o.a.m.s.f.DefaultMavenResourcesFiltering - Copying 0 resource from src\main\resources to target\classes
2025-10-03 16:26:44,655 [Worker-52: Building] WARN  o.a.m.s.f.DefaultMavenResourcesFiltering - Using platform encoding (UTF-8 actually) to copy filtered resources, i.e. build is platform dependent!
2025-10-03 16:26:44,656 [Worker-52: Building] INFO  o.a.m.s.f.DefaultMavenResourcesFiltering - Copying 0 resource from src\test\resources to target\test-classes
2025-10-04 08:32:15,602 [Worker-3: Loading available Gradle versions] INFO  o.e.b.c.i.u.g.PublishedGradleVersions - Gradle version information cache is out-of-date. Trying to update.
2025-10-04 09:05:43,899 [Worker-1: Loading available Gradle versions] INFO  o.e.b.c.i.u.g.PublishedGradleVersions - Gradle version information cache is up-to-date. Trying to read.
2025-10-04 09:34:30,113 [Worker-20: Building] WARN  o.a.m.s.f.DefaultMavenResourcesFiltering - Using platform encoding (UTF-8 actually) to copy filtered resources, i.e. build is platform dependent!
2025-10-04 09:34:30,117 [Worker-20: Building] INFO  o.a.m.s.f.DefaultMavenResourcesFiltering - Copying 0 resource from src\main\resources to target\classes
2025-10-04 09:34:30,122 [Worker-20: Building] WARN  o.a.m.s.f.DefaultMavenResourcesFiltering - Using platform encoding (UTF-8 actually) to copy filtered resources, i.e. build is platform dependent!
2025-10-04 09:34:30,123 [Worker-20: Building] INFO  o.a.m.s.f.DefaultMavenResourcesFiltering - Copying 0 resource from src\test\resources to target\test-classes
2025-10-04 09:34:38,949 [Worker-27: reload maven project] ERROR o.e.m.c.i.p.r.ProjectRegistryManager - Failed to read Maven project: Some problems were encountered while processing the POMs:
[FATAL] 'parent.artifactId' must be changed, the parent element cannot have the same groupId:artifactId as the project. @ line 5, column 17

org.apache.maven.project.ProjectBuildingException: Some problems were encountered while processing the POMs:
[FATAL] 'parent.artifactId' must be changed, the parent element cannot have the same groupId:artifactId as the project. @ line 5, column 17

	at org.eclipse.m2e.core.internal.IMavenToolbox.readMavenProjects(IMavenToolbox.java:140)
	at org.eclipse.m2e.core.internal.project.registry.ProjectRegistryManager.lambda$22(ProjectRegistryManager.java:943)
	at org.eclipse.m2e.core.internal.embedder.MavenExecutionContext.executeBare(MavenExecutionContext.java:458)
	at org.eclipse.m2e.core.internal.embedder.MavenExecutionContext.execute(MavenExecutionContext.java:339)
	at org.eclipse.m2e.core.internal.embedder.MavenExecutionContext.execute(MavenExecutionContext.java:278)
	at org.eclipse.m2e.core.internal.project.registry.ProjectRegistryManager.readProjectsWithDependencies(ProjectRegistryManager.java:939)
	at org.eclipse.m2e.core.internal.project.registry.ProjectRegistryManager.create(ProjectRegistryManager.java:219)
	at org.eclipse.m2e.core.internal.project.registry.MavenProjectManager.create(MavenProjectManager.java:105)
	at org.eclipse.m2e.core.ui.internal.actions.SelectionUtil.getMavenProject(SelectionUtil.java:239)
	at org.eclipse.m2e.editor.pom.MavenPomEditor.readMavenProject(MavenPomEditor.java:709)
	at org.eclipse.m2e.editor.pom.MavenPomEditor$4.run(MavenPomEditor.java:1029)
	at org.eclipse.core.internal.jobs.Worker.run(Worker.java:63)
2025-10-04 09:37:18,162 [Worker-30: Creating project "bmi"] INFO  o.e.m.c.i.l.LifecycleMappingFactory - Using org.eclipse.m2e.jdt.JarLifecycleMapping lifecycle mapping for MavenProject: com.jone.heath:bmi:0.0.1-SNAPSHOT @ D:\BackendJava\My_Workspace\Space_Deep\Session01_Maven\bmi\pom.xml.
2025-10-04 09:37:18,454 [Worker-30: Creating project "bmi"] INFO  o.e.m.j.i.AbstractJavaProjectConfigurator - Adding source folder /bmi/src/main/java
2025-10-04 09:37:18,456 [Worker-30: Creating project "bmi"] INFO  o.e.m.j.i.AbstractJavaProjectConfigurator - Adding resource folder /bmi/src/main/resources
2025-10-04 09:37:18,457 [Worker-30: Creating project "bmi"] INFO  o.e.m.j.i.AbstractJavaProjectConfigurator - Adding source folder /bmi/src/test/java
2025-10-04 09:37:18,458 [Worker-30: Creating project "bmi"] INFO  o.e.m.j.i.AbstractJavaProjectConfigurator - Adding resource folder /bmi/src/test/resources
2025-10-04 09:37:18,753 [Worker-30: Building] WARN  o.a.m.s.f.DefaultMavenResourcesFiltering - Using platform encoding (UTF-8 actually) to copy filtered resources, i.e. build is platform dependent!
2025-10-04 09:37:18,754 [Worker-30: Building] INFO  o.a.m.s.f.DefaultMavenResourcesFiltering - Copying 0 resource from src\main\resources to target\classes
2025-10-04 09:37:18,756 [Worker-30: Building] WARN  o.a.m.s.f.DefaultMavenResourcesFiltering - Using platform encoding (UTF-8 actually) to copy filtered resources, i.e. build is platform dependent!
2025-10-04 09:37:18,757 [Worker-30: Building] INFO  o.a.m.s.f.DefaultMavenResourcesFiltering - Copying 0 resource from src\test\resources to target\test-classes
2025-10-04 09:40:53,952 [Worker-34: Building] WARN  o.a.m.s.f.DefaultMavenResourcesFiltering - Using platform encoding (UTF-8 actually) to copy filtered resources, i.e. build is platform dependent!
2025-10-04 09:40:53,953 [Worker-34: Building] INFO  o.a.m.s.f.DefaultMavenResourcesFiltering - Copying 0 resource from src\main\resources to target\classes
2025-10-04 09:40:53,956 [Worker-34: Building] WARN  o.a.m.s.f.DefaultMavenResourcesFiltering - Using platform encoding (UTF-8 actually) to copy filtered resources, i.e. build is platform dependent!
2025-10-04 09:40:53,957 [Worker-34: Building] INFO  o.a.m.s.f.DefaultMavenResourcesFiltering - Copying 0 resource from src\test\resources to target\test-classes
2025-10-04 09:43:29,986 [Worker-36: Building] WARN  o.a.m.s.f.DefaultMavenResourcesFiltering - Using platform encoding (UTF-8 actually) to copy filtered resources, i.e. build is platform dependent!
2025-10-04 09:43:29,987 [Worker-36: Building] INFO  o.a.m.s.f.DefaultMavenResourcesFiltering - Copying 0 resource from src\main\resources to target\classes
2025-10-04 09:43:29,989 [Worker-36: Building] WARN  o.a.m.s.f.DefaultMavenResourcesFiltering - Using platform encoding (UTF-8 actually) to copy filtered resources, i.e. build is platform dependent!
2025-10-04 09:43:29,990 [Worker-36: Building] INFO  o.a.m.s.f.DefaultMavenResourcesFiltering - Copying 0 resource from src\test\resources to target\test-classes
2025-10-04 09:56:40,174 [ModalContext] INFO  o.e.m.c.i.e.AbstractTransferListenerAdapter - Downloading https://repo.maven.apache.org/maven2/com/haoxuer/maven/archetype/maven-archetype-quickstart/1.01/maven-archetype-quickstart-1.01.pom
2025-10-04 09:56:40,213 [ModalContext] INFO  o.e.m.c.i.e.AbstractTransferListenerAdapter - Downloaded https://repo.maven.apache.org/maven2/com/haoxuer/maven/archetype/maven-archetype-quickstart/1.01/maven-archetype-quickstart-1.01.pom
2025-10-04 09:56:40,876 [ModalContext] INFO  o.e.m.c.i.e.AbstractTransferListenerAdapter - Downloaded https://repo.maven.apache.org/maven2/com/haoxuer/maven/archetype/maven-archetype-bundles/1.01/maven-archetype-bundles-1.01.pom
2025-10-04 09:57:19,120 [Worker-37: Launching mavenrun-7139687f-760f-433a-8448-b32ef1b67df9] INFO  o.eclipse.m2e.core.internal.Bundles - getClasspathEntries(Bundle=org.eclipse.m2e.maven.runtime_3.9.900.20240824-1409 [640])
2025-10-04 09:57:19,124 [Worker-37: Launching mavenrun-7139687f-760f-433a-8448-b32ef1b67df9] INFO  o.eclipse.m2e.core.internal.Bundles - 	Entry: C:\Users\PHAN ANH TUAN\.p2\pool\plugins\org.eclipse.m2e.maven.runtime_3.9.900.20240824-1409
2025-10-04 09:57:19,124 [Worker-37: Launching mavenrun-7139687f-760f-433a-8448-b32ef1b67df9] INFO  o.eclipse.m2e.core.internal.Bundles - 	Entry: C:\Users\PHAN ANH TUAN\.p2\pool\plugins\org.eclipse.m2e.maven.runtime_3.9.900.20240824-1409\jars\aopalliance-1.0.jar
2025-10-04 09:57:19,124 [Worker-37: Launching mavenrun-7139687f-760f-433a-8448-b32ef1b67df9] INFO  o.eclipse.m2e.core.internal.Bundles - 	Entry: C:\Users\PHAN ANH TUAN\.p2\pool\plugins\org.eclipse.m2e.maven.runtime_3.9.900.20240824-1409\jars\guice-5.1.0.jar
2025-10-04 09:57:19,124 [Worker-37: Launching mavenrun-7139687f-760f-433a-8448-b32ef1b67df9] INFO  o.eclipse.m2e.core.internal.Bundles - 	Entry: C:\Users\PHAN ANH TUAN\.p2\pool\plugins\org.eclipse.m2e.maven.runtime_3.9.900.20240824-1409\jars\httpclient-4.5.14.jar
2025-10-04 09:57:19,124 [Worker-37: Launching mavenrun-7139687f-760f-433a-8448-b32ef1b67df9] INFO  o.eclipse.m2e.core.internal.Bundles - 	Entry: C:\Users\PHAN ANH TUAN\.p2\pool\plugins\org.eclipse.m2e.maven.runtime_3.9.900.20240824-1409\jars\httpcore-4.4.16.jar
2025-10-04 09:57:19,124 [Worker-37: Launching mavenrun-7139687f-760f-433a-8448-b32ef1b67df9] INFO  o.eclipse.m2e.core.internal.Bundles - 	Entry: C:\Users\PHAN ANH TUAN\.p2\pool\plugins\org.eclipse.m2e.maven.runtime_3.9.900.20240824-1409\jars\jansi-2.4.1.jar
2025-10-04 09:57:19,124 [Worker-37: Launching mavenrun-7139687f-760f-433a-8448-b32ef1b67df9] INFO  o.eclipse.m2e.core.internal.Bundles - 	Entry: C:\Users\PHAN ANH TUAN\.p2\pool\plugins\org.eclipse.m2e.maven.runtime_3.9.900.20240824-1409\jars\jcl-over-slf4j-1.7.36.jar
2025-10-04 09:57:19,125 [Worker-37: Launching mavenrun-7139687f-760f-433a-8448-b32ef1b67df9] INFO  o.eclipse.m2e.core.internal.Bundles - 	Entry: C:\Users\PHAN ANH TUAN\.p2\pool\plugins\org.eclipse.m2e.maven.runtime_3.9.900.20240824-1409\jars\maven-artifact-3.9.9.jar
2025-10-04 09:57:19,125 [Worker-37: Launching mavenrun-7139687f-760f-433a-8448-b32ef1b67df9] INFO  o.eclipse.m2e.core.internal.Bundles - 	Entry: C:\Users\PHAN ANH TUAN\.p2\pool\plugins\org.eclipse.m2e.maven.runtime_3.9.900.20240824-1409\jars\maven-builder-support-3.9.9.jar
2025-10-04 09:57:19,125 [Worker-37: Launching mavenrun-7139687f-760f-433a-8448-b32ef1b67df9] INFO  o.eclipse.m2e.core.internal.Bundles - 	Entry: C:\Users\PHAN ANH TUAN\.p2\pool\plugins\org.eclipse.m2e.maven.runtime_3.9.900.20240824-1409\jars\maven-compat-3.9.9.jar
2025-10-04 09:57:19,125 [Worker-37: Launching mavenrun-7139687f-760f-433a-8448-b32ef1b67df9] INFO  o.eclipse.m2e.core.internal.Bundles - 	Entry: C:\Users\PHAN ANH TUAN\.p2\pool\plugins\org.eclipse.m2e.maven.runtime_3.9.900.20240824-1409\jars\maven-core-3.9.9.jar
2025-10-04 09:57:19,125 [Worker-37: Launching mavenrun-7139687f-760f-433a-8448-b32ef1b67df9] INFO  o.eclipse.m2e.core.internal.Bundles - 	Entry: C:\Users\PHAN ANH TUAN\.p2\pool\plugins\org.eclipse.m2e.maven.runtime_3.9.900.20240824-1409\jars\maven-embedder-3.9.9.jar
2025-10-04 09:57:19,125 [Worker-37: Launching mavenrun-7139687f-760f-433a-8448-b32ef1b67df9] INFO  o.eclipse.m2e.core.internal.Bundles - 	Entry: C:\Users\PHAN ANH TUAN\.p2\pool\plugins\org.eclipse.m2e.maven.runtime_3.9.900.20240824-1409\jars\maven-model-3.9.9.jar
2025-10-04 09:57:19,125 [Worker-37: Launching mavenrun-7139687f-760f-433a-8448-b32ef1b67df9] INFO  o.eclipse.m2e.core.internal.Bundles - 	Entry: C:\Users\PHAN ANH TUAN\.p2\pool\plugins\org.eclipse.m2e.maven.runtime_3.9.900.20240824-1409\jars\maven-model-builder-3.9.9.jar
2025-10-04 09:57:19,125 [Worker-37: Launching mavenrun-7139687f-760f-433a-8448-b32ef1b67df9] INFO  o.eclipse.m2e.core.internal.Bundles - 	Entry: C:\Users\PHAN ANH TUAN\.p2\pool\plugins\org.eclipse.m2e.maven.runtime_3.9.900.20240824-1409\jars\maven-plugin-api-3.9.9.jar
2025-10-04 09:57:19,125 [Worker-37: Launching mavenrun-7139687f-760f-433a-8448-b32ef1b67df9] INFO  o.eclipse.m2e.core.internal.Bundles - 	Entry: C:\Users\PHAN ANH TUAN\.p2\pool\plugins\org.eclipse.m2e.maven.runtime_3.9.900.20240824-1409\jars\maven-repository-metadata-3.9.9.jar
2025-10-04 09:57:19,125 [Worker-37: Launching mavenrun-7139687f-760f-433a-8448-b32ef1b67df9] INFO  o.eclipse.m2e.core.internal.Bundles - 	Entry: C:\Users\PHAN ANH TUAN\.p2\pool\plugins\org.eclipse.m2e.maven.runtime_3.9.900.20240824-1409\jars\maven-resolver-api-1.9.22.jar
2025-10-04 09:57:19,125 [Worker-37: Launching mavenrun-7139687f-760f-433a-8448-b32ef1b67df9] INFO  o.eclipse.m2e.core.internal.Bundles - 	Entry: C:\Users\PHAN ANH TUAN\.p2\pool\plugins\org.eclipse.m2e.maven.runtime_3.9.900.20240824-1409\jars\maven-resolver-connector-basic-1.9.22.jar
2025-10-04 09:57:19,126 [Worker-37: Launching mavenrun-7139687f-760f-433a-8448-b32ef1b67df9] INFO  o.eclipse.m2e.core.internal.Bundles - 	Entry: C:\Users\PHAN ANH TUAN\.p2\pool\plugins\org.eclipse.m2e.maven.runtime_3.9.900.20240824-1409\jars\maven-resolver-impl-1.9.22.jar
2025-10-04 09:57:19,126 [Worker-37: Launching mavenrun-7139687f-760f-433a-8448-b32ef1b67df9] INFO  o.eclipse.m2e.core.internal.Bundles - 	Entry: C:\Users\PHAN ANH TUAN\.p2\pool\plugins\org.eclipse.m2e.maven.runtime_3.9.900.20240824-1409\jars\maven-resolver-named-locks-1.9.22.jar
2025-10-04 09:57:19,126 [Worker-37: Launching mavenrun-7139687f-760f-433a-8448-b32ef1b67df9] INFO  o.eclipse.m2e.core.internal.Bundles - 	Entry: C:\Users\PHAN ANH TUAN\.p2\pool\plugins\org.eclipse.m2e.maven.runtime_3.9.900.20240824-1409\jars\maven-resolver-provider-3.9.9.jar
2025-10-04 09:57:19,126 [Worker-37: Launching mavenrun-7139687f-760f-433a-8448-b32ef1b67df9] INFO  o.eclipse.m2e.core.internal.Bundles - 	Entry: C:\Users\PHAN ANH TUAN\.p2\pool\plugins\org.eclipse.m2e.maven.runtime_3.9.900.20240824-1409\jars\maven-resolver-spi-1.9.22.jar
2025-10-04 09:57:19,126 [Worker-37: Launching mavenrun-7139687f-760f-433a-8448-b32ef1b67df9] INFO  o.eclipse.m2e.core.internal.Bundles - 	Entry: C:\Users\PHAN ANH TUAN\.p2\pool\plugins\org.eclipse.m2e.maven.runtime_3.9.900.20240824-1409\jars\maven-resolver-transport-file-1.9.22.jar
2025-10-04 09:57:19,126 [Worker-37: Launching mavenrun-7139687f-760f-433a-8448-b32ef1b67df9] INFO  o.eclipse.m2e.core.internal.Bundles - 	Entry: C:\Users\PHAN ANH TUAN\.p2\pool\plugins\org.eclipse.m2e.maven.runtime_3.9.900.20240824-1409\jars\maven-resolver-transport-http-1.9.22.jar
2025-10-04 09:57:19,126 [Worker-37: Launching mavenrun-7139687f-760f-433a-8448-b32ef1b67df9] INFO  o.eclipse.m2e.core.internal.Bundles - 	Entry: C:\Users\PHAN ANH TUAN\.p2\pool\plugins\org.eclipse.m2e.maven.runtime_3.9.900.20240824-1409\jars\maven-resolver-transport-wagon-1.9.22.jar
2025-10-04 09:57:19,126 [Worker-37: Launching mavenrun-7139687f-760f-433a-8448-b32ef1b67df9] INFO  o.eclipse.m2e.core.internal.Bundles - 	Entry: C:\Users\PHAN ANH TUAN\.p2\pool\plugins\org.eclipse.m2e.maven.runtime_3.9.900.20240824-1409\jars\maven-resolver-util-1.9.22.jar
2025-10-04 09:57:19,126 [Worker-37: Launching mavenrun-7139687f-760f-433a-8448-b32ef1b67df9] INFO  o.eclipse.m2e.core.internal.Bundles - 	Entry: C:\Users\PHAN ANH TUAN\.p2\pool\plugins\org.eclipse.m2e.maven.runtime_3.9.900.20240824-1409\jars\maven-settings-3.9.9.jar
2025-10-04 09:57:19,126 [Worker-37: Launching mavenrun-7139687f-760f-433a-8448-b32ef1b67df9] INFO  o.eclipse.m2e.core.internal.Bundles - 	Entry: C:\Users\PHAN ANH TUAN\.p2\pool\plugins\org.eclipse.m2e.maven.runtime_3.9.900.20240824-1409\jars\maven-settings-builder-3.9.9.jar
2025-10-04 09:57:19,126 [Worker-37: Launching mavenrun-7139687f-760f-433a-8448-b32ef1b67df9] INFO  o.eclipse.m2e.core.internal.Bundles - 	Entry: C:\Users\PHAN ANH TUAN\.p2\pool\plugins\org.eclipse.m2e.maven.runtime_3.9.900.20240824-1409\jars\maven-shared-utils-3.4.2.jar
2025-10-04 09:57:19,127 [Worker-37: Launching mavenrun-7139687f-760f-433a-8448-b32ef1b67df9] INFO  o.eclipse.m2e.core.internal.Bundles - 	Entry: C:\Users\PHAN ANH TUAN\.p2\pool\plugins\org.eclipse.m2e.maven.runtime_3.9.900.20240824-1409\jars\org.eclipse.sisu.inject-0.9.0.M3.jar
2025-10-04 09:57:19,127 [Worker-37: Launching mavenrun-7139687f-760f-433a-8448-b32ef1b67df9] INFO  o.eclipse.m2e.core.internal.Bundles - 	Entry: C:\Users\PHAN ANH TUAN\.p2\pool\plugins\org.eclipse.m2e.maven.runtime_3.9.900.20240824-1409\jars\org.eclipse.sisu.plexus-0.9.0.M3.jar
2025-10-04 09:57:19,127 [Worker-37: Launching mavenrun-7139687f-760f-433a-8448-b32ef1b67df9] INFO  o.eclipse.m2e.core.internal.Bundles - 	Entry: C:\Users\PHAN ANH TUAN\.p2\pool\plugins\org.eclipse.m2e.maven.runtime_3.9.900.20240824-1409\jars\plexus-build-api-0.0.7.jar
2025-10-04 09:57:19,127 [Worker-37: Launching mavenrun-7139687f-760f-433a-8448-b32ef1b67df9] INFO  o.eclipse.m2e.core.internal.Bundles - 	Entry: C:\Users\PHAN ANH TUAN\.p2\pool\plugins\org.eclipse.m2e.maven.runtime_3.9.900.20240824-1409\jars\plexus-build-api-1.2.0.jar
2025-10-04 09:57:19,127 [Worker-37: Launching mavenrun-7139687f-760f-433a-8448-b32ef1b67df9] INFO  o.eclipse.m2e.core.internal.Bundles - 	Entry: C:\Users\PHAN ANH TUAN\.p2\pool\plugins\org.eclipse.m2e.maven.runtime_3.9.900.20240824-1409\jars\plexus-cipher-2.0.jar
2025-10-04 09:57:19,127 [Worker-37: Launching mavenrun-7139687f-760f-433a-8448-b32ef1b67df9] INFO  o.eclipse.m2e.core.internal.Bundles - 	Entry: C:\Users\PHAN ANH TUAN\.p2\pool\plugins\org.eclipse.m2e.maven.runtime_3.9.900.20240824-1409\jars\plexus-classworlds-2.8.0.jar
2025-10-04 09:57:19,127 [Worker-37: Launching mavenrun-7139687f-760f-433a-8448-b32ef1b67df9] INFO  o.eclipse.m2e.core.internal.Bundles - 	Entry: C:\Users\PHAN ANH TUAN\.p2\pool\plugins\org.eclipse.m2e.maven.runtime_3.9.900.20240824-1409\jars\plexus-component-annotations-2.1.0.jar
2025-10-04 09:57:19,127 [Worker-37: Launching mavenrun-7139687f-760f-433a-8448-b32ef1b67df9] INFO  o.eclipse.m2e.core.internal.Bundles - 	Entry: C:\Users\PHAN ANH TUAN\.p2\pool\plugins\org.eclipse.m2e.maven.runtime_3.9.900.20240824-1409\jars\plexus-interpolation-1.27.jar
2025-10-04 09:57:19,127 [Worker-37: Launching mavenrun-7139687f-760f-433a-8448-b32ef1b67df9] INFO  o.eclipse.m2e.core.internal.Bundles - 	Entry: C:\Users\PHAN ANH TUAN\.p2\pool\plugins\org.eclipse.m2e.maven.runtime_3.9.900.20240824-1409\jars\plexus-sec-dispatcher-2.0.jar
2025-10-04 09:57:19,127 [Worker-37: Launching mavenrun-7139687f-760f-433a-8448-b32ef1b67df9] INFO  o.eclipse.m2e.core.internal.Bundles - 	Entry: C:\Users\PHAN ANH TUAN\.p2\pool\plugins\org.eclipse.m2e.maven.runtime_3.9.900.20240824-1409\jars\plexus-utils-3.5.1.jar
2025-10-04 09:57:19,127 [Worker-37: Launching mavenrun-7139687f-760f-433a-8448-b32ef1b67df9] INFO  o.eclipse.m2e.core.internal.Bundles - 	Entry: C:\Users\PHAN ANH TUAN\.p2\pool\plugins\org.eclipse.m2e.maven.runtime_3.9.900.20240824-1409\jars\plexus-xml-3.0.1.jar
2025-10-04 09:57:19,128 [Worker-37: Launching mavenrun-7139687f-760f-433a-8448-b32ef1b67df9] INFO  o.eclipse.m2e.core.internal.Bundles - 	Entry: C:\Users\PHAN ANH TUAN\.p2\pool\plugins\org.eclipse.m2e.maven.runtime_3.9.900.20240824-1409\jars\wagon-file-3.5.3.jar
2025-10-04 09:57:19,128 [Worker-37: Launching mavenrun-7139687f-760f-433a-8448-b32ef1b67df9] INFO  o.eclipse.m2e.core.internal.Bundles - 	Entry: C:\Users\PHAN ANH TUAN\.p2\pool\plugins\org.eclipse.m2e.maven.runtime_3.9.900.20240824-1409\jars\wagon-http-3.5.3.jar
2025-10-04 09:57:19,128 [Worker-37: Launching mavenrun-7139687f-760f-433a-8448-b32ef1b67df9] INFO  o.eclipse.m2e.core.internal.Bundles - 	Entry: C:\Users\PHAN ANH TUAN\.p2\pool\plugins\org.eclipse.m2e.maven.runtime_3.9.900.20240824-1409\jars\wagon-http-shared-3.5.3.jar
2025-10-04 09:57:19,128 [Worker-37: Launching mavenrun-7139687f-760f-433a-8448-b32ef1b67df9] INFO  o.eclipse.m2e.core.internal.Bundles - 	Entry: C:\Users\PHAN ANH TUAN\.p2\pool\plugins\org.eclipse.m2e.maven.runtime_3.9.900.20240824-1409\jars\wagon-provider-api-3.5.3.jar
2025-10-04 09:57:19,129 [Worker-37: Launching mavenrun-7139687f-760f-433a-8448-b32ef1b67df9] INFO  o.eclipse.m2e.core.internal.Bundles - getClasspathEntries(Bundle=com.google.guava_33.3.1.jre [1026])
2025-10-04 09:57:19,129 [Worker-37: Launching mavenrun-7139687f-760f-433a-8448-b32ef1b67df9] INFO  o.eclipse.m2e.core.internal.Bundles - 	Entry: C:\Users\PHAN ANH TUAN\.p2\pool\plugins\com.google.guava_33.3.1.jre.jar
2025-10-04 09:57:19,129 [Worker-37: Launching mavenrun-7139687f-760f-433a-8448-b32ef1b67df9] INFO  o.eclipse.m2e.core.internal.Bundles - getClasspathEntries(Bundle=slf4j.api_2.0.16 [1005])
2025-10-04 09:57:19,129 [Worker-37: Launching mavenrun-7139687f-760f-433a-8448-b32ef1b67df9] INFO  o.eclipse.m2e.core.internal.Bundles - 	Entry: C:\Users\PHAN ANH TUAN\.p2\pool\plugins\slf4j.api_2.0.16.jar
2025-10-04 09:57:19,129 [Worker-37: Launching mavenrun-7139687f-760f-433a-8448-b32ef1b67df9] INFO  o.eclipse.m2e.core.internal.Bundles - getClasspathEntries(Bundle=jakarta.inject.jakarta.inject-api_1.0.5 [34])
2025-10-04 09:57:19,129 [Worker-37: Launching mavenrun-7139687f-760f-433a-8448-b32ef1b67df9] INFO  o.eclipse.m2e.core.internal.Bundles - 	Entry: C:\Users\PHAN ANH TUAN\.p2\pool\plugins\jakarta.inject.jakarta.inject-api_1.0.5.jar
2025-10-04 09:57:19,129 [Worker-37: Launching mavenrun-7139687f-760f-433a-8448-b32ef1b67df9] INFO  o.eclipse.m2e.core.internal.Bundles - getClasspathEntries(Bundle=jakarta.annotation-api_1.3.5 [29])
2025-10-04 09:57:19,130 [Worker-37: Launching mavenrun-7139687f-760f-433a-8448-b32ef1b67df9] INFO  o.eclipse.m2e.core.internal.Bundles - 	Entry: C:\Users\PHAN ANH TUAN\.p2\pool\plugins\jakarta.annotation-api_1.3.5.jar
2025-10-04 09:57:19,130 [Worker-37: Launching mavenrun-7139687f-760f-433a-8448-b32ef1b67df9] INFO  o.eclipse.m2e.core.internal.Bundles - getClasspathEntries(Bundle=org.apache.commons.cli_1.9.0 [78])
2025-10-04 09:57:19,130 [Worker-37: Launching mavenrun-7139687f-760f-433a-8448-b32ef1b67df9] INFO  o.eclipse.m2e.core.internal.Bundles - 	Entry: C:\Users\PHAN ANH TUAN\.p2\pool\plugins\org.apache.commons.cli_1.9.0.jar
2025-10-04 09:57:19,130 [Worker-37: Launching mavenrun-7139687f-760f-433a-8448-b32ef1b67df9] INFO  o.eclipse.m2e.core.internal.Bundles - getClasspathEntries(Bundle=org.apache.commons.commons-codec_1.16.0 [81])
2025-10-04 09:57:19,130 [Worker-37: Launching mavenrun-7139687f-760f-433a-8448-b32ef1b67df9] INFO  o.eclipse.m2e.core.internal.Bundles - 	Entry: C:\Users\PHAN ANH TUAN\.p2\pool\plugins\org.apache.commons.commons-codec_1.16.0.jar
2025-10-04 09:57:19,130 [Worker-37: Launching mavenrun-7139687f-760f-433a-8448-b32ef1b67df9] INFO  o.eclipse.m2e.core.internal.Bundles - getClasspathEntries(Bundle=com.google.guava.failureaccess_1.0.2 [17])
2025-10-04 09:57:19,131 [Worker-37: Launching mavenrun-7139687f-760f-433a-8448-b32ef1b67df9] INFO  o.eclipse.m2e.core.internal.Bundles - 	Entry: C:\Users\PHAN ANH TUAN\.p2\pool\plugins\com.google.guava.failureaccess_1.0.2.jar
2025-10-04 09:57:19,133 [Worker-37: Launching mavenrun-7139687f-760f-433a-8448-b32ef1b67df9] INFO  o.e.m.i.launch.MavenLaunchDelegate - Run build in "C:\Users\PHANAN~1\AppData\Local\Temp\m2e-archetypeGenerator5425759402686804143":
2025-10-04 09:57:19,137 [Worker-37: Launching mavenrun-7139687f-760f-433a-8448-b32ef1b67df9] INFO  o.e.m.i.launch.MavenLaunchDelegate -  mvn  -DarchetypeGroupId=com.haoxuer.maven.archetype -DarchetypeArtifactId=maven-archetype-quickstart -DarchetypeVersion=1.01 -DgroupId=com.jone.heath -DartifactId=bmi -Dversion=0.0.1-SNAPSHOT -Dpackage=com.jone.heath.bmi -DoutputDirectory=D:\BackendJava\My_Workspace\Space_Deep\Session01_Maven -Dstyle.color=always -U archetype:generate
2025-10-04 10:01:56,008 [ModalContext] INFO  o.e.m.c.i.e.AbstractTransferListenerAdapter - Downloading https://repo.maven.apache.org/maven2/org/apache/maven/archetypes/maven-archetype-quickstart/1.5/maven-archetype-quickstart-1.5.pom
2025-10-04 10:01:56,046 [ModalContext] INFO  o.e.m.c.i.e.AbstractTransferListenerAdapter - Downloaded https://repo.maven.apache.org/maven2/org/apache/maven/archetypes/maven-archetype-quickstart/1.5/maven-archetype-quickstart-1.5.pom
2025-10-04 10:01:56,241 [ModalContext] INFO  o.e.m.c.i.e.AbstractTransferListenerAdapter - Downloading https://repo.maven.apache.org/maven2/org/apache/maven/archetypes/maven-archetype-bundles/1.5/maven-archetype-bundles-1.5.pom
2025-10-04 10:01:56,270 [ModalContext] INFO  o.e.m.c.i.e.AbstractTransferListenerAdapter - Downloaded https://repo.maven.apache.org/maven2/org/apache/maven/archetypes/maven-archetype-bundles/1.5/maven-archetype-bundles-1.5.pom
2025-10-04 10:01:56,501 [ModalContext] INFO  o.e.m.c.i.e.AbstractTransferListenerAdapter - Downloading https://repo.maven.apache.org/maven2/org/apache/maven/archetypes/maven-archetype-quickstart/1.5/maven-archetype-quickstart-1.5.jar
2025-10-04 10:01:56,676 [ModalContext] INFO  o.e.m.c.i.e.AbstractTransferListenerAdapter - Downloaded https://repo.maven.apache.org/maven2/org/apache/maven/archetypes/maven-archetype-quickstart/1.5/maven-archetype-quickstart-1.5.jar
2025-10-04 10:02:12,345 [Worker-49: Launching mavenrun-df77971f-7e9e-40c6-acd8-4b27302f9ca5] INFO  o.eclipse.m2e.core.internal.Bundles - getClasspathEntries(Bundle=org.eclipse.m2e.maven.runtime_3.9.900.20240824-1409 [640])
2025-10-04 10:02:12,346 [Worker-49: Launching mavenrun-df77971f-7e9e-40c6-acd8-4b27302f9ca5] INFO  o.eclipse.m2e.core.internal.Bundles - 	Entry: C:\Users\PHAN ANH TUAN\.p2\pool\plugins\org.eclipse.m2e.maven.runtime_3.9.900.20240824-1409
2025-10-04 10:02:12,346 [Worker-49: Launching mavenrun-df77971f-7e9e-40c6-acd8-4b27302f9ca5] INFO  o.eclipse.m2e.core.internal.Bundles - 	Entry: C:\Users\PHAN ANH TUAN\.p2\pool\plugins\org.eclipse.m2e.maven.runtime_3.9.900.20240824-1409\jars\aopalliance-1.0.jar
2025-10-04 10:02:12,347 [Worker-49: Launching mavenrun-df77971f-7e9e-40c6-acd8-4b27302f9ca5] INFO  o.eclipse.m2e.core.internal.Bundles - 	Entry: C:\Users\PHAN ANH TUAN\.p2\pool\plugins\org.eclipse.m2e.maven.runtime_3.9.900.20240824-1409\jars\guice-5.1.0.jar
2025-10-04 10:02:12,347 [Worker-49: Launching mavenrun-df77971f-7e9e-40c6-acd8-4b27302f9ca5] INFO  o.eclipse.m2e.core.internal.Bundles - 	Entry: C:\Users\PHAN ANH TUAN\.p2\pool\plugins\org.eclipse.m2e.maven.runtime_3.9.900.20240824-1409\jars\httpclient-4.5.14.jar
2025-10-04 10:02:12,348 [Worker-49: Launching mavenrun-df77971f-7e9e-40c6-acd8-4b27302f9ca5] INFO  o.eclipse.m2e.core.internal.Bundles - 	Entry: C:\Users\PHAN ANH TUAN\.p2\pool\plugins\org.eclipse.m2e.maven.runtime_3.9.900.20240824-1409\jars\httpcore-4.4.16.jar
2025-10-04 10:02:12,348 [Worker-49: Launching mavenrun-df77971f-7e9e-40c6-acd8-4b27302f9ca5] INFO  o.eclipse.m2e.core.internal.Bundles - 	Entry: C:\Users\PHAN ANH TUAN\.p2\pool\plugins\org.eclipse.m2e.maven.runtime_3.9.900.20240824-1409\jars\jansi-2.4.1.jar
2025-10-04 10:02:12,348 [Worker-49: Launching mavenrun-df77971f-7e9e-40c6-acd8-4b27302f9ca5] INFO  o.eclipse.m2e.core.internal.Bundles - 	Entry: C:\Users\PHAN ANH TUAN\.p2\pool\plugins\org.eclipse.m2e.maven.runtime_3.9.900.20240824-1409\jars\jcl-over-slf4j-1.7.36.jar
2025-10-04 10:02:12,348 [Worker-49: Launching mavenrun-df77971f-7e9e-40c6-acd8-4b27302f9ca5] INFO  o.eclipse.m2e.core.internal.Bundles - 	Entry: C:\Users\PHAN ANH TUAN\.p2\pool\plugins\org.eclipse.m2e.maven.runtime_3.9.900.20240824-1409\jars\maven-artifact-3.9.9.jar
2025-10-04 10:02:12,348 [Worker-49: Launching mavenrun-df77971f-7e9e-40c6-acd8-4b27302f9ca5] INFO  o.eclipse.m2e.core.internal.Bundles - 	Entry: C:\Users\PHAN ANH TUAN\.p2\pool\plugins\org.eclipse.m2e.maven.runtime_3.9.900.20240824-1409\jars\maven-builder-support-3.9.9.jar
2025-10-04 10:02:12,349 [Worker-49: Launching mavenrun-df77971f-7e9e-40c6-acd8-4b27302f9ca5] INFO  o.eclipse.m2e.core.internal.Bundles - 	Entry: C:\Users\PHAN ANH TUAN\.p2\pool\plugins\org.eclipse.m2e.maven.runtime_3.9.900.20240824-1409\jars\maven-compat-3.9.9.jar
2025-10-04 10:02:12,349 [Worker-49: Launching mavenrun-df77971f-7e9e-40c6-acd8-4b27302f9ca5] INFO  o.eclipse.m2e.core.internal.Bundles - 	Entry: C:\Users\PHAN ANH TUAN\.p2\pool\plugins\org.eclipse.m2e.maven.runtime_3.9.900.20240824-1409\jars\maven-core-3.9.9.jar
2025-10-04 10:02:12,349 [Worker-49: Launching mavenrun-df77971f-7e9e-40c6-acd8-4b27302f9ca5] INFO  o.eclipse.m2e.core.internal.Bundles - 	Entry: C:\Users\PHAN ANH TUAN\.p2\pool\plugins\org.eclipse.m2e.maven.runtime_3.9.900.20240824-1409\jars\maven-embedder-3.9.9.jar
2025-10-04 10:02:12,349 [Worker-49: Launching mavenrun-df77971f-7e9e-40c6-acd8-4b27302f9ca5] INFO  o.eclipse.m2e.core.internal.Bundles - 	Entry: C:\Users\PHAN ANH TUAN\.p2\pool\plugins\org.eclipse.m2e.maven.runtime_3.9.900.20240824-1409\jars\maven-model-3.9.9.jar
2025-10-04 10:02:12,349 [Worker-49: Launching mavenrun-df77971f-7e9e-40c6-acd8-4b27302f9ca5] INFO  o.eclipse.m2e.core.internal.Bundles - 	Entry: C:\Users\PHAN ANH TUAN\.p2\pool\plugins\org.eclipse.m2e.maven.runtime_3.9.900.20240824-1409\jars\maven-model-builder-3.9.9.jar
2025-10-04 10:02:12,349 [Worker-49: Launching mavenrun-df77971f-7e9e-40c6-acd8-4b27302f9ca5] INFO  o.eclipse.m2e.core.internal.Bundles - 	Entry: C:\Users\PHAN ANH TUAN\.p2\pool\plugins\org.eclipse.m2e.maven.runtime_3.9.900.20240824-1409\jars\maven-plugin-api-3.9.9.jar
2025-10-04 10:02:12,349 [Worker-49: Launching mavenrun-df77971f-7e9e-40c6-acd8-4b27302f9ca5] INFO  o.eclipse.m2e.core.internal.Bundles - 	Entry: C:\Users\PHAN ANH TUAN\.p2\pool\plugins\org.eclipse.m2e.maven.runtime_3.9.900.20240824-1409\jars\maven-repository-metadata-3.9.9.jar
2025-10-04 10:02:12,350 [Worker-49: Launching mavenrun-df77971f-7e9e-40c6-acd8-4b27302f9ca5] INFO  o.eclipse.m2e.core.internal.Bundles - 	Entry: C:\Users\PHAN ANH TUAN\.p2\pool\plugins\org.eclipse.m2e.maven.runtime_3.9.900.20240824-1409\jars\maven-resolver-api-1.9.22.jar
2025-10-04 10:02:12,350 [Worker-49: Launching mavenrun-df77971f-7e9e-40c6-acd8-4b27302f9ca5] INFO  o.eclipse.m2e.core.internal.Bundles - 	Entry: C:\Users\PHAN ANH TUAN\.p2\pool\plugins\org.eclipse.m2e.maven.runtime_3.9.900.20240824-1409\jars\maven-resolver-connector-basic-1.9.22.jar
2025-10-04 10:02:12,351 [Worker-49: Launching mavenrun-df77971f-7e9e-40c6-acd8-4b27302f9ca5] INFO  o.eclipse.m2e.core.internal.Bundles - 	Entry: C:\Users\PHAN ANH TUAN\.p2\pool\plugins\org.eclipse.m2e.maven.runtime_3.9.900.20240824-1409\jars\maven-resolver-impl-1.9.22.jar
2025-10-04 10:02:12,351 [Worker-49: Launching mavenrun-df77971f-7e9e-40c6-acd8-4b27302f9ca5] INFO  o.eclipse.m2e.core.internal.Bundles - 	Entry: C:\Users\PHAN ANH TUAN\.p2\pool\plugins\org.eclipse.m2e.maven.runtime_3.9.900.20240824-1409\jars\maven-resolver-named-locks-1.9.22.jar
2025-10-04 10:02:12,351 [Worker-49: Launching mavenrun-df77971f-7e9e-40c6-acd8-4b27302f9ca5] INFO  o.eclipse.m2e.core.internal.Bundles - 	Entry: C:\Users\PHAN ANH TUAN\.p2\pool\plugins\org.eclipse.m2e.maven.runtime_3.9.900.20240824-1409\jars\maven-resolver-provider-3.9.9.jar
2025-10-04 10:02:12,351 [Worker-49: Launching mavenrun-df77971f-7e9e-40c6-acd8-4b27302f9ca5] INFO  o.eclipse.m2e.core.internal.Bundles - 	Entry: C:\Users\PHAN ANH TUAN\.p2\pool\plugins\org.eclipse.m2e.maven.runtime_3.9.900.20240824-1409\jars\maven-resolver-spi-1.9.22.jar
2025-10-04 10:02:12,351 [Worker-49: Launching mavenrun-df77971f-7e9e-40c6-acd8-4b27302f9ca5] INFO  o.eclipse.m2e.core.internal.Bundles - 	Entry: C:\Users\PHAN ANH TUAN\.p2\pool\plugins\org.eclipse.m2e.maven.runtime_3.9.900.20240824-1409\jars\maven-resolver-transport-file-1.9.22.jar
2025-10-04 10:02:12,351 [Worker-49: Launching mavenrun-df77971f-7e9e-40c6-acd8-4b27302f9ca5] INFO  o.eclipse.m2e.core.internal.Bundles - 	Entry: C:\Users\PHAN ANH TUAN\.p2\pool\plugins\org.eclipse.m2e.maven.runtime_3.9.900.20240824-1409\jars\maven-resolver-transport-http-1.9.22.jar
2025-10-04 10:02:12,351 [Worker-49: Launching mavenrun-df77971f-7e9e-40c6-acd8-4b27302f9ca5] INFO  o.eclipse.m2e.core.internal.Bundles - 	Entry: C:\Users\PHAN ANH TUAN\.p2\pool\plugins\org.eclipse.m2e.maven.runtime_3.9.900.20240824-1409\jars\maven-resolver-transport-wagon-1.9.22.jar
2025-10-04 10:02:12,351 [Worker-49: Launching mavenrun-df77971f-7e9e-40c6-acd8-4b27302f9ca5] INFO  o.eclipse.m2e.core.internal.Bundles - 	Entry: C:\Users\PHAN ANH TUAN\.p2\pool\plugins\org.eclipse.m2e.maven.runtime_3.9.900.20240824-1409\jars\maven-resolver-util-1.9.22.jar
2025-10-04 10:02:12,351 [Worker-49: Launching mavenrun-df77971f-7e9e-40c6-acd8-4b27302f9ca5] INFO  o.eclipse.m2e.core.internal.Bundles - 	Entry: C:\Users\PHAN ANH TUAN\.p2\pool\plugins\org.eclipse.m2e.maven.runtime_3.9.900.20240824-1409\jars\maven-settings-3.9.9.jar
2025-10-04 10:02:12,352 [Worker-49: Launching mavenrun-df77971f-7e9e-40c6-acd8-4b27302f9ca5] INFO  o.eclipse.m2e.core.internal.Bundles - 	Entry: C:\Users\PHAN ANH TUAN\.p2\pool\plugins\org.eclipse.m2e.maven.runtime_3.9.900.20240824-1409\jars\maven-settings-builder-3.9.9.jar
2025-10-04 10:02:12,352 [Worker-49: Launching mavenrun-df77971f-7e9e-40c6-acd8-4b27302f9ca5] INFO  o.eclipse.m2e.core.internal.Bundles - 	Entry: C:\Users\PHAN ANH TUAN\.p2\pool\plugins\org.eclipse.m2e.maven.runtime_3.9.900.20240824-1409\jars\maven-shared-utils-3.4.2.jar
2025-10-04 10:02:12,352 [Worker-49: Launching mavenrun-df77971f-7e9e-40c6-acd8-4b27302f9ca5] INFO  o.eclipse.m2e.core.internal.Bundles - 	Entry: C:\Users\PHAN ANH TUAN\.p2\pool\plugins\org.eclipse.m2e.maven.runtime_3.9.900.20240824-1409\jars\org.eclipse.sisu.inject-0.9.0.M3.jar
2025-10-04 10:02:12,352 [Worker-49: Launching mavenrun-df77971f-7e9e-40c6-acd8-4b27302f9ca5] INFO  o.eclipse.m2e.core.internal.Bundles - 	Entry: C:\Users\PHAN ANH TUAN\.p2\pool\plugins\org.eclipse.m2e.maven.runtime_3.9.900.20240824-1409\jars\org.eclipse.sisu.plexus-0.9.0.M3.jar
2025-10-04 10:02:12,353 [Worker-49: Launching mavenrun-df77971f-7e9e-40c6-acd8-4b27302f9ca5] INFO  o.eclipse.m2e.core.internal.Bundles - 	Entry: C:\Users\PHAN ANH TUAN\.p2\pool\plugins\org.eclipse.m2e.maven.runtime_3.9.900.20240824-1409\jars\plexus-build-api-0.0.7.jar
2025-10-04 10:02:12,353 [Worker-49: Launching mavenrun-df77971f-7e9e-40c6-acd8-4b27302f9ca5] INFO  o.eclipse.m2e.core.internal.Bundles - 	Entry: C:\Users\PHAN ANH TUAN\.p2\pool\plugins\org.eclipse.m2e.maven.runtime_3.9.900.20240824-1409\jars\plexus-build-api-1.2.0.jar
2025-10-04 10:02:12,354 [Worker-49: Launching mavenrun-df77971f-7e9e-40c6-acd8-4b27302f9ca5] INFO  o.eclipse.m2e.core.internal.Bundles - 	Entry: C:\Users\PHAN ANH TUAN\.p2\pool\plugins\org.eclipse.m2e.maven.runtime_3.9.900.20240824-1409\jars\plexus-cipher-2.0.jar
2025-10-04 10:02:12,354 [Worker-49: Launching mavenrun-df77971f-7e9e-40c6-acd8-4b27302f9ca5] INFO  o.eclipse.m2e.core.internal.Bundles - 	Entry: C:\Users\PHAN ANH TUAN\.p2\pool\plugins\org.eclipse.m2e.maven.runtime_3.9.900.20240824-1409\jars\plexus-classworlds-2.8.0.jar
2025-10-04 10:02:12,355 [Worker-49: Launching mavenrun-df77971f-7e9e-40c6-acd8-4b27302f9ca5] INFO  o.eclipse.m2e.core.internal.Bundles - 	Entry: C:\Users\PHAN ANH TUAN\.p2\pool\plugins\org.eclipse.m2e.maven.runtime_3.9.900.20240824-1409\jars\plexus-component-annotations-2.1.0.jar
2025-10-04 10:02:12,355 [Worker-49: Launching mavenrun-df77971f-7e9e-40c6-acd8-4b27302f9ca5] INFO  o.eclipse.m2e.core.internal.Bundles - 	Entry: C:\Users\PHAN ANH TUAN\.p2\pool\plugins\org.eclipse.m2e.maven.runtime_3.9.900.20240824-1409\jars\plexus-interpolation-1.27.jar
2025-10-04 10:02:12,355 [Worker-49: Launching mavenrun-df77971f-7e9e-40c6-acd8-4b27302f9ca5] INFO  o.eclipse.m2e.core.internal.Bundles - 	Entry: C:\Users\PHAN ANH TUAN\.p2\pool\plugins\org.eclipse.m2e.maven.runtime_3.9.900.20240824-1409\jars\plexus-sec-dispatcher-2.0.jar
2025-10-04 10:02:12,356 [Worker-49: Launching mavenrun-df77971f-7e9e-40c6-acd8-4b27302f9ca5] INFO  o.eclipse.m2e.core.internal.Bundles - 	Entry: C:\Users\PHAN ANH TUAN\.p2\pool\plugins\org.eclipse.m2e.maven.runtime_3.9.900.20240824-1409\jars\plexus-utils-3.5.1.jar
2025-10-04 10:02:12,357 [Worker-49: Launching mavenrun-df77971f-7e9e-40c6-acd8-4b27302f9ca5] INFO  o.eclipse.m2e.core.internal.Bundles - 	Entry: C:\Users\PHAN ANH TUAN\.p2\pool\plugins\org.eclipse.m2e.maven.runtime_3.9.900.20240824-1409\jars\plexus-xml-3.0.1.jar
2025-10-04 10:02:12,357 [Worker-49: Launching mavenrun-df77971f-7e9e-40c6-acd8-4b27302f9ca5] INFO  o.eclipse.m2e.core.internal.Bundles - 	Entry: C:\Users\PHAN ANH TUAN\.p2\pool\plugins\org.eclipse.m2e.maven.runtime_3.9.900.20240824-1409\jars\wagon-file-3.5.3.jar
2025-10-04 10:02:12,357 [Worker-49: Launching mavenrun-df77971f-7e9e-40c6-acd8-4b27302f9ca5] INFO  o.eclipse.m2e.core.internal.Bundles - 	Entry: C:\Users\PHAN ANH TUAN\.p2\pool\plugins\org.eclipse.m2e.maven.runtime_3.9.900.20240824-1409\jars\wagon-http-3.5.3.jar
2025-10-04 10:02:12,357 [Worker-49: Launching mavenrun-df77971f-7e9e-40c6-acd8-4b27302f9ca5] INFO  o.eclipse.m2e.core.internal.Bundles - 	Entry: C:\Users\PHAN ANH TUAN\.p2\pool\plugins\org.eclipse.m2e.maven.runtime_3.9.900.20240824-1409\jars\wagon-http-shared-3.5.3.jar
2025-10-04 10:02:12,357 [Worker-49: Launching mavenrun-df77971f-7e9e-40c6-acd8-4b27302f9ca5] INFO  o.eclipse.m2e.core.internal.Bundles - 	Entry: C:\Users\PHAN ANH TUAN\.p2\pool\plugins\org.eclipse.m2e.maven.runtime_3.9.900.20240824-1409\jars\wagon-provider-api-3.5.3.jar
2025-10-04 10:02:12,357 [Worker-49: Launching mavenrun-df77971f-7e9e-40c6-acd8-4b27302f9ca5] INFO  o.eclipse.m2e.core.internal.Bundles - getClasspathEntries(Bundle=com.google.guava_33.3.1.jre [1026])
2025-10-04 10:02:12,358 [Worker-49: Launching mavenrun-df77971f-7e9e-40c6-acd8-4b27302f9ca5] INFO  o.eclipse.m2e.core.internal.Bundles - 	Entry: C:\Users\PHAN ANH TUAN\.p2\pool\plugins\com.google.guava_33.3.1.jre.jar
2025-10-04 10:02:12,358 [Worker-49: Launching mavenrun-df77971f-7e9e-40c6-acd8-4b27302f9ca5] INFO  o.eclipse.m2e.core.internal.Bundles - getClasspathEntries(Bundle=slf4j.api_2.0.16 [1005])
2025-10-04 10:02:12,358 [Worker-49: Launching mavenrun-df77971f-7e9e-40c6-acd8-4b27302f9ca5] INFO  o.eclipse.m2e.core.internal.Bundles - 	Entry: C:\Users\PHAN ANH TUAN\.p2\pool\plugins\slf4j.api_2.0.16.jar
2025-10-04 10:02:12,358 [Worker-49: Launching mavenrun-df77971f-7e9e-40c6-acd8-4b27302f9ca5] INFO  o.eclipse.m2e.core.internal.Bundles - getClasspathEntries(Bundle=jakarta.inject.jakarta.inject-api_1.0.5 [34])
2025-10-04 10:02:12,358 [Worker-49: Launching mavenrun-df77971f-7e9e-40c6-acd8-4b27302f9ca5] INFO  o.eclipse.m2e.core.internal.Bundles - 	Entry: C:\Users\PHAN ANH TUAN\.p2\pool\plugins\jakarta.inject.jakarta.inject-api_1.0.5.jar
2025-10-04 10:02:12,358 [Worker-49: Launching mavenrun-df77971f-7e9e-40c6-acd8-4b27302f9ca5] INFO  o.eclipse.m2e.core.internal.Bundles - getClasspathEntries(Bundle=jakarta.annotation-api_1.3.5 [29])
2025-10-04 10:02:12,358 [Worker-49: Launching mavenrun-df77971f-7e9e-40c6-acd8-4b27302f9ca5] INFO  o.eclipse.m2e.core.internal.Bundles - 	Entry: C:\Users\PHAN ANH TUAN\.p2\pool\plugins\jakarta.annotation-api_1.3.5.jar
2025-10-04 10:02:12,358 [Worker-49: Launching mavenrun-df77971f-7e9e-40c6-acd8-4b27302f9ca5] INFO  o.eclipse.m2e.core.internal.Bundles - getClasspathEntries(Bundle=org.apache.commons.cli_1.9.0 [78])
2025-10-04 10:02:12,358 [Worker-49: Launching mavenrun-df77971f-7e9e-40c6-acd8-4b27302f9ca5] INFO  o.eclipse.m2e.core.internal.Bundles - 	Entry: C:\Users\PHAN ANH TUAN\.p2\pool\plugins\org.apache.commons.cli_1.9.0.jar
2025-10-04 10:02:12,358 [Worker-49: Launching mavenrun-df77971f-7e9e-40c6-acd8-4b27302f9ca5] INFO  o.eclipse.m2e.core.internal.Bundles - getClasspathEntries(Bundle=org.apache.commons.commons-codec_1.16.0 [81])
2025-10-04 10:02:12,359 [Worker-49: Launching mavenrun-df77971f-7e9e-40c6-acd8-4b27302f9ca5] INFO  o.eclipse.m2e.core.internal.Bundles - 	Entry: C:\Users\PHAN ANH TUAN\.p2\pool\plugins\org.apache.commons.commons-codec_1.16.0.jar
2025-10-04 10:02:12,359 [Worker-49: Launching mavenrun-df77971f-7e9e-40c6-acd8-4b27302f9ca5] INFO  o.eclipse.m2e.core.internal.Bundles - getClasspathEntries(Bundle=com.google.guava.failureaccess_1.0.2 [17])
2025-10-04 10:02:12,359 [Worker-49: Launching mavenrun-df77971f-7e9e-40c6-acd8-4b27302f9ca5] INFO  o.eclipse.m2e.core.internal.Bundles - 	Entry: C:\Users\PHAN ANH TUAN\.p2\pool\plugins\com.google.guava.failureaccess_1.0.2.jar
2025-10-04 10:02:12,360 [Worker-49: Launching mavenrun-df77971f-7e9e-40c6-acd8-4b27302f9ca5] INFO  o.e.m.i.launch.MavenLaunchDelegate - Run build in "C:\Users\PHANAN~1\AppData\Local\Temp\m2e-archetypeGenerator11300897591167947265":
2025-10-04 10:02:12,360 [Worker-49: Launching mavenrun-df77971f-7e9e-40c6-acd8-4b27302f9ca5] INFO  o.e.m.i.launch.MavenLaunchDelegate -  mvn  -DjavaCompilerVersion=17 -DjunitVersion=5.11.0 -DarchetypeGroupId=org.apache.maven.archetypes -DarchetypeArtifactId=maven-archetype-quickstart -DarchetypeVersion=1.5 -DgroupId=com.jone.heath -DartifactId=bmi -Dversion=0.0.1-SNAPSHOT -Dpackage=com.jone.heath.bmi -DoutputDirectory=D:\BackendJava\My_Workspace\Space_Deep\Session01_Maven -Dstyle.color=always -U archetype:generate
2025-10-04 10:02:22,561 [Worker-46: Creating maven-archetype-quickstart] INFO  o.e.m.c.i.p.ProjectConfigurationManager - Collecting project info '/pom.xml' D:\BackendJava\My_Workspace\Space_Deep\Session01_Maven\bmi\pom.xml
2025-10-04 10:02:23,035 [Worker-46: Creating maven-archetype-quickstart] INFO  o.e.m.c.i.e.AbstractTransferListenerAdapter - Downloading https://repo.maven.apache.org/maven2/org/apache/maven/plugins/maven-surefire-plugin/3.3.0/maven-surefire-plugin-3.3.0.jar
2025-10-04 10:02:23,259 [Worker-46: Creating maven-archetype-quickstart] INFO  o.e.m.c.i.e.AbstractTransferListenerAdapter - Downloaded https://repo.maven.apache.org/maven2/org/apache/maven/plugins/maven-surefire-plugin/3.3.0/maven-surefire-plugin-3.3.0.jar
2025-10-04 10:02:23,502 [Worker-46: Creating maven-archetype-quickstart] INFO  o.e.m.c.i.l.LifecycleMappingFactory - Using org.eclipse.m2e.jdt.JarLifecycleMapping lifecycle mapping for MavenProject: com.jone.heath:bmi:0.0.1-SNAPSHOT @ D:\BackendJava\My_Workspace\Space_Deep\Session01_Maven\bmi\pom.xml.
2025-10-04 10:02:23,714 [Worker-46: Creating maven-archetype-quickstart] INFO  o.e.m.c.i.e.AbstractTransferListenerAdapter - Downloading https://repo.maven.apache.org/maven2/org/junit/jupiter/junit-jupiter-api/5.11.0/junit-jupiter-api-5.11.0.pom
2025-10-04 10:02:23,745 [Worker-46: Creating maven-archetype-quickstart] INFO  o.e.m.c.i.e.AbstractTransferListenerAdapter - Downloaded https://repo.maven.apache.org/maven2/org/junit/jupiter/junit-jupiter-api/5.11.0/junit-jupiter-api-5.11.0.pom
2025-10-04 10:02:23,909 [Worker-46: Creating maven-archetype-quickstart] INFO  o.e.m.c.i.e.AbstractTransferListenerAdapter - Downloading https://repo.maven.apache.org/maven2/org/junit/platform/junit-platform-commons/1.11.0/junit-platform-commons-1.11.0.pom
2025-10-04 10:02:23,936 [Worker-46: Creating maven-archetype-quickstart] INFO  o.e.m.c.i.e.AbstractTransferListenerAdapter - Downloaded https://repo.maven.apache.org/maven2/org/junit/platform/junit-platform-commons/1.11.0/junit-platform-commons-1.11.0.pom
2025-10-04 10:02:24,114 [Worker-46: Creating maven-archetype-quickstart] INFO  o.e.m.c.i.e.AbstractTransferListenerAdapter - Downloading https://repo.maven.apache.org/maven2/org/junit/jupiter/junit-jupiter-params/5.11.0/junit-jupiter-params-5.11.0.pom
2025-10-04 10:02:24,145 [Worker-46: Creating maven-archetype-quickstart] INFO  o.e.m.c.i.e.AbstractTransferListenerAdapter - Downloaded https://repo.maven.apache.org/maven2/org/junit/jupiter/junit-jupiter-params/5.11.0/junit-jupiter-params-5.11.0.pom
2025-10-04 10:02:24,299 [Worker-46: Creating maven-archetype-quickstart] INFO  o.e.m.c.i.e.AbstractTransferListenerAdapter - Downloading https://repo.maven.apache.org/maven2/org/junit/jupiter/junit-jupiter-api/5.11.0/junit-jupiter-api-5.11.0.jar
2025-10-04 10:02:24,461 [Worker-46: Creating maven-archetype-quickstart] INFO  o.e.m.c.i.e.AbstractTransferListenerAdapter - Downloaded https://repo.maven.apache.org/maven2/org/junit/jupiter/junit-jupiter-api/5.11.0/junit-jupiter-api-5.11.0.jar
2025-10-04 10:02:24,608 [BasicRepositoryConnector-repo.maven.apache.org-0-0] INFO  o.e.m.c.i.e.AbstractTransferListenerAdapter - Downloading https://repo.maven.apache.org/maven2/org/junit/platform/junit-platform-commons/1.11.0/junit-platform-commons-1.11.0.jar
2025-10-04 10:02:24,684 [BasicRepositoryConnector-repo.maven.apache.org-0-0] INFO  o.e.m.c.i.e.AbstractTransferListenerAdapter - Downloaded https://repo.maven.apache.org/maven2/org/junit/platform/junit-platform-commons/1.11.0/junit-platform-commons-1.11.0.jar
2025-10-04 10:02:24,727 [BasicRepositoryConnector-repo.maven.apache.org-0-1] INFO  o.e.m.c.i.e.AbstractTransferListenerAdapter - Downloading https://repo.maven.apache.org/maven2/org/junit/jupiter/junit-jupiter-params/5.11.0/junit-jupiter-params-5.11.0.jar
2025-10-04 10:02:25,085 [BasicRepositoryConnector-repo.maven.apache.org-0-1] INFO  o.e.m.c.i.e.AbstractTransferListenerAdapter - Downloaded https://repo.maven.apache.org/maven2/org/junit/jupiter/junit-jupiter-params/5.11.0/junit-jupiter-params-5.11.0.jar
2025-10-04 10:02:25,225 [Worker-46: Creating maven-archetype-quickstart] INFO  o.e.m.c.i.e.AbstractTransferListenerAdapter - Downloading https://repo.maven.apache.org/maven2/org/apache/maven/plugins/maven-surefire-plugin/3.3.0/maven-surefire-plugin-3.3.0.pom
2025-10-04 10:02:25,253 [Worker-46: Creating maven-archetype-quickstart] INFO  o.e.m.c.i.e.AbstractTransferListenerAdapter - Downloaded https://repo.maven.apache.org/maven2/org/apache/maven/plugins/maven-surefire-plugin/3.3.0/maven-surefire-plugin-3.3.0.pom
2025-10-04 10:02:25,383 [Worker-46: Creating maven-archetype-quickstart] INFO  o.e.m.c.i.e.AbstractTransferListenerAdapter - Downloading https://repo.maven.apache.org/maven2/org/apache/maven/surefire/surefire/3.3.0/surefire-3.3.0.pom
2025-10-04 10:02:25,417 [Worker-46: Creating maven-archetype-quickstart] INFO  o.e.m.c.i.e.AbstractTransferListenerAdapter - Downloaded https://repo.maven.apache.org/maven2/org/apache/maven/surefire/surefire/3.3.0/surefire-3.3.0.pom
2025-10-04 10:02:25,661 [Worker-46: Creating maven-archetype-quickstart] INFO  o.e.m.j.i.AbstractJavaProjectConfigurator - Adding source folder /bmi/src/main/java
2025-10-04 10:02:25,662 [Worker-46: Creating maven-archetype-quickstart] INFO  o.e.m.j.i.AbstractJavaProjectConfigurator - Adding resource folder /bmi/src/main/resources
2025-10-04 10:02:25,672 [Worker-46: Creating maven-archetype-quickstart] INFO  o.e.m.j.i.AbstractJavaProjectConfigurator - Adding source folder /bmi/src/test/java
2025-10-04 10:02:25,673 [Worker-46: Creating maven-archetype-quickstart] INFO  o.e.m.j.i.AbstractJavaProjectConfigurator - Adding resource folder /bmi/src/test/resources
2025-10-04 10:02:25,878 [Worker-46: Creating maven-archetype-quickstart] INFO  o.e.m.c.i.p.ProjectConfigurationManager - Imported and configured 1 project(s) in 3 sec
2025-10-04 10:02:26,323 [Worker-51: Building] INFO  o.a.m.s.f.DefaultMavenResourcesFiltering - skip non existing resourceDirectory D:\BackendJava\My_Workspace\Space_Deep\Session01_Maven\bmi\src\main\resources
2025-10-04 10:02:26,327 [Worker-51: Building] INFO  o.a.m.s.f.DefaultMavenResourcesFiltering - skip non existing resourceDirectory D:\BackendJava\My_Workspace\Space_Deep\Session01_Maven\bmi\src\test\resources
2025-10-04 10:02:26,859 [Worker-54: Download sources and javadoc] INFO  o.e.m.c.i.e.AbstractTransferListenerAdapter - Downloading https://repo.maven.apache.org/maven2/org/junit/jupiter/junit-jupiter-api/5.11.0/junit-jupiter-api-5.11.0-sources.jar
2025-10-04 10:02:26,986 [Worker-54: Download sources and javadoc] INFO  o.e.m.c.i.e.AbstractTransferListenerAdapter - Downloaded https://repo.maven.apache.org/maven2/org/junit/jupiter/junit-jupiter-api/5.11.0/junit-jupiter-api-5.11.0-sources.jar
2025-10-04 10:02:26,991 [Worker-54: Download sources and javadoc] INFO  o.e.m.j.internal.DownloadSourcesJob - Downloaded sources for org.junit.jupiter:junit-jupiter-api:5.11.0
2025-10-04 10:02:27,166 [Worker-54: Download sources and javadoc] INFO  o.e.m.c.i.e.AbstractTransferListenerAdapter - Downloading https://repo.maven.apache.org/maven2/org/junit/platform/junit-platform-commons/1.11.0/junit-platform-commons-1.11.0-sources.jar
2025-10-04 10:02:27,237 [Worker-54: Download sources and javadoc] INFO  o.e.m.c.i.e.AbstractTransferListenerAdapter - Downloaded https://repo.maven.apache.org/maven2/org/junit/platform/junit-platform-commons/1.11.0/junit-platform-commons-1.11.0-sources.jar
2025-10-04 10:02:27,241 [Worker-54: Download sources and javadoc] INFO  o.e.m.j.internal.DownloadSourcesJob - Downloaded sources for org.junit.platform:junit-platform-commons:1.11.0
2025-10-04 10:02:28,521 [Worker-54: Download sources and javadoc] INFO  o.e.m.c.i.e.AbstractTransferListenerAdapter - Downloading https://repo.maven.apache.org/maven2/org/junit/jupiter/junit-jupiter-params/5.11.0/junit-jupiter-params-5.11.0-sources.jar
2025-10-04 10:02:28,591 [Worker-54: Download sources and javadoc] INFO  o.e.m.c.i.e.AbstractTransferListenerAdapter - Downloaded https://repo.maven.apache.org/maven2/org/junit/jupiter/junit-jupiter-params/5.11.0/junit-jupiter-params-5.11.0-sources.jar
2025-10-04 10:02:28,595 [Worker-54: Download sources and javadoc] INFO  o.e.m.j.internal.DownloadSourcesJob - Downloaded sources for org.junit.jupiter:junit-jupiter-params:5.11.0
2025-10-04 10:04:10,924 [Worker-52: Building] INFO  o.a.m.s.f.DefaultMavenResourcesFiltering - skip non existing resourceDirectory D:\BackendJava\My_Workspace\Space_Deep\Session01_Maven\bmi\src\main\resources
2025-10-04 10:04:10,931 [Worker-52: Building] INFO  o.a.m.s.f.DefaultMavenResourcesFiltering - skip non existing resourceDirectory D:\BackendJava\My_Workspace\Space_Deep\Session01_Maven\bmi\src\test\resources
2025-10-04 10:08:52,010 [Worker-52: Building] INFO  o.a.m.s.f.DefaultMavenResourcesFiltering - skip non existing resourceDirectory D:\BackendJava\My_Workspace\Space_Deep\Session01_Maven\bmi\src\main\resources
2025-10-04 10:08:52,012 [Worker-52: Building] INFO  o.a.m.s.f.DefaultMavenResourcesFiltering - skip non existing resourceDirectory D:\BackendJava\My_Workspace\Space_Deep\Session01_Maven\bmi\src\test\resources
2025-10-04 10:09:23,847 [Worker-60: Updating Maven Dependencies] ERROR o.e.m.j.i.l.MavenLaunchConfigurationListener - Launch configuration Main (1) references non-existing project maven-to-go.
org.eclipse.core.runtime.CoreException: Launch configuration Main (1) references non-existing project maven-to-go.
	at org.eclipse.jdt.launching.JavaRuntime.abort(JavaRuntime.java:1870)
	at org.eclipse.jdt.launching.JavaRuntime.getJavaProject(JavaRuntime.java:1747)
	at org.eclipse.m2e.jdt.internal.launch.MavenLaunchConfigurationListener.updateLaunchConfiguration(MavenLaunchConfigurationListener.java:66)
	at org.eclipse.m2e.jdt.internal.launch.MavenLaunchConfigurationListener.launchConfigurationChanged(MavenLaunchConfigurationListener.java:52)
	at org.eclipse.debug.internal.core.LaunchManager$ConfigurationNotifier.run(LaunchManager.java:219)
	at org.eclipse.core.runtime.SafeRunner.run(SafeRunner.java:47)
	at org.eclipse.debug.internal.core.LaunchManager$ConfigurationNotifier.notify(LaunchManager.java:203)
	at org.eclipse.debug.internal.core.LaunchConfigurationWorkingCopy.setDirty(LaunchConfigurationWorkingCopy.java:527)
	at org.eclipse.debug.internal.core.LaunchConfigurationWorkingCopy.setAttribute(LaunchConfigurationWorkingCopy.java:415)
	at org.eclipse.m2e.jdt.internal.launch.MavenRuntimeClasspathProvider.disable(MavenRuntimeClasspathProvider.java:409)
	at org.eclipse.m2e.jdt.internal.launch.MavenRuntimeClasspathProvider.disable(MavenRuntimeClasspathProvider.java:435)
	at org.eclipse.m2e.jdt.internal.launch.MavenLaunchConfigurationListener.mavenProjectChanged(MavenLaunchConfigurationListener.java:137)
	at org.eclipse.m2e.core.internal.project.registry.ProjectRegistryManager.notifyProjectChangeListeners(ProjectRegistryManager.java:892)
	at org.eclipse.m2e.core.internal.project.registry.ProjectRegistryManager.applyMutableProjectRegistry(ProjectRegistryManager.java:1042)
	at org.eclipse.m2e.core.internal.project.registry.ProjectRegistryRefreshJob.lambda$0(ProjectRegistryRefreshJob.java:162)
	at org.eclipse.m2e.core.internal.embedder.MavenExecutionContext.executeBare(MavenExecutionContext.java:458)
	at org.eclipse.m2e.core.internal.embedder.MavenExecutionContext.execute(MavenExecutionContext.java:339)
	at org.eclipse.m2e.core.internal.embedder.MavenExecutionContext.execute(MavenExecutionContext.java:278)
	at org.eclipse.m2e.core.internal.project.registry.ProjectRegistryRefreshJob.run(ProjectRegistryRefreshJob.java:106)
	at org.eclipse.core.internal.jobs.Worker.run(Worker.java:63)
2025-10-04 10:09:23,849 [Worker-60: Updating Maven Dependencies] ERROR o.e.m.j.i.l.MavenLaunchConfigurationListener - Launch configuration Main (1) references non-existing project maven-to-go.
org.eclipse.core.runtime.CoreException: Launch configuration Main (1) references non-existing project maven-to-go.
	at org.eclipse.jdt.launching.JavaRuntime.abort(JavaRuntime.java:1870)
	at org.eclipse.jdt.launching.JavaRuntime.getJavaProject(JavaRuntime.java:1747)
	at org.eclipse.m2e.jdt.internal.launch.MavenLaunchConfigurationListener.updateLaunchConfiguration(MavenLaunchConfigurationListener.java:66)
	at org.eclipse.m2e.jdt.internal.launch.MavenLaunchConfigurationListener.launchConfigurationChanged(MavenLaunchConfigurationListener.java:52)
	at org.eclipse.debug.internal.core.LaunchManager$ConfigurationNotifier.run(LaunchManager.java:219)
	at org.eclipse.core.runtime.SafeRunner.run(SafeRunner.java:47)
	at org.eclipse.debug.internal.core.LaunchManager$ConfigurationNotifier.notify(LaunchManager.java:203)
	at org.eclipse.debug.internal.core.LaunchConfigurationWorkingCopy.setDirty(LaunchConfigurationWorkingCopy.java:527)
	at org.eclipse.debug.internal.core.LaunchConfigurationWorkingCopy.setAttribute(LaunchConfigurationWorkingCopy.java:415)
	at org.eclipse.m2e.jdt.internal.launch.MavenRuntimeClasspathProvider.disable(MavenRuntimeClasspathProvider.java:410)
	at org.eclipse.m2e.jdt.internal.launch.MavenRuntimeClasspathProvider.disable(MavenRuntimeClasspathProvider.java:435)
	at org.eclipse.m2e.jdt.internal.launch.MavenLaunchConfigurationListener.mavenProjectChanged(MavenLaunchConfigurationListener.java:137)
	at org.eclipse.m2e.core.internal.project.registry.ProjectRegistryManager.notifyProjectChangeListeners(ProjectRegistryManager.java:892)
	at org.eclipse.m2e.core.internal.project.registry.ProjectRegistryManager.applyMutableProjectRegistry(ProjectRegistryManager.java:1042)
	at org.eclipse.m2e.core.internal.project.registry.ProjectRegistryRefreshJob.lambda$0(ProjectRegistryRefreshJob.java:162)
	at org.eclipse.m2e.core.internal.embedder.MavenExecutionContext.executeBare(MavenExecutionContext.java:458)
	at org.eclipse.m2e.core.internal.embedder.MavenExecutionContext.execute(MavenExecutionContext.java:339)
	at org.eclipse.m2e.core.internal.embedder.MavenExecutionContext.execute(MavenExecutionContext.java:278)
	at org.eclipse.m2e.core.internal.project.registry.ProjectRegistryRefreshJob.run(ProjectRegistryRefreshJob.java:106)
	at org.eclipse.core.internal.jobs.Worker.run(Worker.java:63)
2025-10-04 10:09:23,874 [Worker-60: Updating Maven Dependencies] ERROR o.e.m.j.i.l.MavenLaunchConfigurationListener - Launch configuration Main (1) references non-existing project maven-to-go.
org.eclipse.core.runtime.CoreException: Launch configuration Main (1) references non-existing project maven-to-go.
	at org.eclipse.jdt.launching.JavaRuntime.abort(JavaRuntime.java:1870)
	at org.eclipse.jdt.launching.JavaRuntime.getJavaProject(JavaRuntime.java:1747)
	at org.eclipse.m2e.jdt.internal.launch.MavenLaunchConfigurationListener.updateLaunchConfiguration(MavenLaunchConfigurationListener.java:66)
	at org.eclipse.m2e.jdt.internal.launch.MavenLaunchConfigurationListener.launchConfigurationChanged(MavenLaunchConfigurationListener.java:52)
	at org.eclipse.debug.internal.core.LaunchManager$ConfigurationNotifier.run(LaunchManager.java:219)
	at org.eclipse.core.runtime.SafeRunner.run(SafeRunner.java:47)
	at org.eclipse.debug.internal.core.LaunchManager$ConfigurationNotifier.notify(LaunchManager.java:203)
	at org.eclipse.debug.internal.core.LaunchManager.launchConfigurationChanged(LaunchManager.java:1960)
	at org.eclipse.debug.internal.core.LaunchConfigurationWorkingCopy.writeNewFile(LaunchConfigurationWorkingCopy.java:380)
	at org.eclipse.debug.internal.core.LaunchConfigurationWorkingCopy.doSave0(LaunchConfigurationWorkingCopy.java:259)
	at org.eclipse.debug.internal.core.LaunchConfigurationWorkingCopy.doSave(LaunchConfigurationWorkingCopy.java:229)
	at org.eclipse.debug.internal.core.LaunchConfigurationWorkingCopy.doSave(LaunchConfigurationWorkingCopy.java:187)
	at org.eclipse.m2e.jdt.internal.launch.MavenRuntimeClasspathProvider.disable(MavenRuntimeClasspathProvider.java:411)
	at org.eclipse.m2e.jdt.internal.launch.MavenRuntimeClasspathProvider.disable(MavenRuntimeClasspathProvider.java:435)
	at org.eclipse.m2e.jdt.internal.launch.MavenLaunchConfigurationListener.mavenProjectChanged(MavenLaunchConfigurationListener.java:137)
	at org.eclipse.m2e.core.internal.project.registry.ProjectRegistryManager.notifyProjectChangeListeners(ProjectRegistryManager.java:892)
	at org.eclipse.m2e.core.internal.project.registry.ProjectRegistryManager.applyMutableProjectRegistry(ProjectRegistryManager.java:1042)
	at org.eclipse.m2e.core.internal.project.registry.ProjectRegistryRefreshJob.lambda$0(ProjectRegistryRefreshJob.java:162)
	at org.eclipse.m2e.core.internal.embedder.MavenExecutionContext.executeBare(MavenExecutionContext.java:458)
	at org.eclipse.m2e.core.internal.embedder.MavenExecutionContext.execute(MavenExecutionContext.java:339)
	at org.eclipse.m2e.core.internal.embedder.MavenExecutionContext.execute(MavenExecutionContext.java:278)
	at org.eclipse.m2e.core.internal.project.registry.ProjectRegistryRefreshJob.run(ProjectRegistryRefreshJob.java:106)
	at org.eclipse.core.internal.jobs.Worker.run(Worker.java:63)
2025-10-04 10:09:23,875 [Worker-60: Updating Maven Dependencies] ERROR o.e.m.j.i.l.MavenLaunchConfigurationListener - Launch configuration Main references non-existing project maven-to-go.
org.eclipse.core.runtime.CoreException: Launch configuration Main references non-existing project maven-to-go.
	at org.eclipse.jdt.launching.JavaRuntime.abort(JavaRuntime.java:1870)
	at org.eclipse.jdt.launching.JavaRuntime.getJavaProject(JavaRuntime.java:1747)
	at org.eclipse.m2e.jdt.internal.launch.MavenLaunchConfigurationListener.updateLaunchConfiguration(MavenLaunchConfigurationListener.java:66)
	at org.eclipse.m2e.jdt.internal.launch.MavenLaunchConfigurationListener.launchConfigurationChanged(MavenLaunchConfigurationListener.java:52)
	at org.eclipse.debug.internal.core.LaunchManager$ConfigurationNotifier.run(LaunchManager.java:219)
	at org.eclipse.core.runtime.SafeRunner.run(SafeRunner.java:47)
	at org.eclipse.debug.internal.core.LaunchManager$ConfigurationNotifier.notify(LaunchManager.java:203)
	at org.eclipse.debug.internal.core.LaunchConfigurationWorkingCopy.setDirty(LaunchConfigurationWorkingCopy.java:527)
	at org.eclipse.debug.internal.core.LaunchConfigurationWorkingCopy.setAttribute(LaunchConfigurationWorkingCopy.java:415)
	at org.eclipse.m2e.jdt.internal.launch.MavenRuntimeClasspathProvider.disable(MavenRuntimeClasspathProvider.java:409)
	at org.eclipse.m2e.jdt.internal.launch.MavenRuntimeClasspathProvider.disable(MavenRuntimeClasspathProvider.java:435)
	at org.eclipse.m2e.jdt.internal.launch.MavenLaunchConfigurationListener.mavenProjectChanged(MavenLaunchConfigurationListener.java:137)
	at org.eclipse.m2e.core.internal.project.registry.ProjectRegistryManager.notifyProjectChangeListeners(ProjectRegistryManager.java:892)
	at org.eclipse.m2e.core.internal.project.registry.ProjectRegistryManager.applyMutableProjectRegistry(ProjectRegistryManager.java:1042)
	at org.eclipse.m2e.core.internal.project.registry.ProjectRegistryRefreshJob.lambda$0(ProjectRegistryRefreshJob.java:162)
	at org.eclipse.m2e.core.internal.embedder.MavenExecutionContext.executeBare(MavenExecutionContext.java:458)
	at org.eclipse.m2e.core.internal.embedder.MavenExecutionContext.execute(MavenExecutionContext.java:339)
	at org.eclipse.m2e.core.internal.embedder.MavenExecutionContext.execute(MavenExecutionContext.java:278)
	at org.eclipse.m2e.core.internal.project.registry.ProjectRegistryRefreshJob.run(ProjectRegistryRefreshJob.java:106)
	at org.eclipse.core.internal.jobs.Worker.run(Worker.java:63)
2025-10-04 10:09:23,876 [Worker-60: Updating Maven Dependencies] ERROR o.e.m.j.i.l.MavenLaunchConfigurationListener - Launch configuration Main references non-existing project maven-to-go.
org.eclipse.core.runtime.CoreException: Launch configuration Main references non-existing project maven-to-go.
	at org.eclipse.jdt.launching.JavaRuntime.abort(JavaRuntime.java:1870)
	at org.eclipse.jdt.launching.JavaRuntime.getJavaProject(JavaRuntime.java:1747)
	at org.eclipse.m2e.jdt.internal.launch.MavenLaunchConfigurationListener.updateLaunchConfiguration(MavenLaunchConfigurationListener.java:66)
	at org.eclipse.m2e.jdt.internal.launch.MavenLaunchConfigurationListener.launchConfigurationChanged(MavenLaunchConfigurationListener.java:52)
	at org.eclipse.debug.internal.core.LaunchManager$ConfigurationNotifier.run(LaunchManager.java:219)
	at org.eclipse.core.runtime.SafeRunner.run(SafeRunner.java:47)
	at org.eclipse.debug.internal.core.LaunchManager$ConfigurationNotifier.notify(LaunchManager.java:203)
	at org.eclipse.debug.internal.core.LaunchConfigurationWorkingCopy.setDirty(LaunchConfigurationWorkingCopy.java:527)
	at org.eclipse.debug.internal.core.LaunchConfigurationWorkingCopy.setAttribute(LaunchConfigurationWorkingCopy.java:415)
	at org.eclipse.m2e.jdt.internal.launch.MavenRuntimeClasspathProvider.disable(MavenRuntimeClasspathProvider.java:410)
	at org.eclipse.m2e.jdt.internal.launch.MavenRuntimeClasspathProvider.disable(MavenRuntimeClasspathProvider.java:435)
	at org.eclipse.m2e.jdt.internal.launch.MavenLaunchConfigurationListener.mavenProjectChanged(MavenLaunchConfigurationListener.java:137)
	at org.eclipse.m2e.core.internal.project.registry.ProjectRegistryManager.notifyProjectChangeListeners(ProjectRegistryManager.java:892)
	at org.eclipse.m2e.core.internal.project.registry.ProjectRegistryManager.applyMutableProjectRegistry(ProjectRegistryManager.java:1042)
	at org.eclipse.m2e.core.internal.project.registry.ProjectRegistryRefreshJob.lambda$0(ProjectRegistryRefreshJob.java:162)
	at org.eclipse.m2e.core.internal.embedder.MavenExecutionContext.executeBare(MavenExecutionContext.java:458)
	at org.eclipse.m2e.core.internal.embedder.MavenExecutionContext.execute(MavenExecutionContext.java:339)
	at org.eclipse.m2e.core.internal.embedder.MavenExecutionContext.execute(MavenExecutionContext.java:278)
	at org.eclipse.m2e.core.internal.project.registry.ProjectRegistryRefreshJob.run(ProjectRegistryRefreshJob.java:106)
	at org.eclipse.core.internal.jobs.Worker.run(Worker.java:63)
2025-10-04 10:09:23,892 [Worker-60: Updating Maven Dependencies] ERROR o.e.m.j.i.l.MavenLaunchConfigurationListener - Launch configuration Main references non-existing project maven-to-go.
org.eclipse.core.runtime.CoreException: Launch configuration Main references non-existing project maven-to-go.
	at org.eclipse.jdt.launching.JavaRuntime.abort(JavaRuntime.java:1870)
	at org.eclipse.jdt.launching.JavaRuntime.getJavaProject(JavaRuntime.java:1747)
	at org.eclipse.m2e.jdt.internal.launch.MavenLaunchConfigurationListener.updateLaunchConfiguration(MavenLaunchConfigurationListener.java:66)
	at org.eclipse.m2e.jdt.internal.launch.MavenLaunchConfigurationListener.launchConfigurationChanged(MavenLaunchConfigurationListener.java:52)
	at org.eclipse.debug.internal.core.LaunchManager$ConfigurationNotifier.run(LaunchManager.java:219)
	at org.eclipse.core.runtime.SafeRunner.run(SafeRunner.java:47)
	at org.eclipse.debug.internal.core.LaunchManager$ConfigurationNotifier.notify(LaunchManager.java:203)
	at org.eclipse.debug.internal.core.LaunchManager.launchConfigurationChanged(LaunchManager.java:1960)
	at org.eclipse.debug.internal.core.LaunchConfigurationWorkingCopy.writeNewFile(LaunchConfigurationWorkingCopy.java:380)
	at org.eclipse.debug.internal.core.LaunchConfigurationWorkingCopy.doSave0(LaunchConfigurationWorkingCopy.java:259)
	at org.eclipse.debug.internal.core.LaunchConfigurationWorkingCopy.doSave(LaunchConfigurationWorkingCopy.java:229)
	at org.eclipse.debug.internal.core.LaunchConfigurationWorkingCopy.doSave(LaunchConfigurationWorkingCopy.java:187)
	at org.eclipse.m2e.jdt.internal.launch.MavenRuntimeClasspathProvider.disable(MavenRuntimeClasspathProvider.java:411)
	at org.eclipse.m2e.jdt.internal.launch.MavenRuntimeClasspathProvider.disable(MavenRuntimeClasspathProvider.java:435)
	at org.eclipse.m2e.jdt.internal.launch.MavenLaunchConfigurationListener.mavenProjectChanged(MavenLaunchConfigurationListener.java:137)
	at org.eclipse.m2e.core.internal.project.registry.ProjectRegistryManager.notifyProjectChangeListeners(ProjectRegistryManager.java:892)
	at org.eclipse.m2e.core.internal.project.registry.ProjectRegistryManager.applyMutableProjectRegistry(ProjectRegistryManager.java:1042)
	at org.eclipse.m2e.core.internal.project.registry.ProjectRegistryRefreshJob.lambda$0(ProjectRegistryRefreshJob.java:162)
	at org.eclipse.m2e.core.internal.embedder.MavenExecutionContext.executeBare(MavenExecutionContext.java:458)
	at org.eclipse.m2e.core.internal.embedder.MavenExecutionContext.execute(MavenExecutionContext.java:339)
	at org.eclipse.m2e.core.internal.embedder.MavenExecutionContext.execute(MavenExecutionContext.java:278)
	at org.eclipse.m2e.core.internal.project.registry.ProjectRegistryRefreshJob.run(ProjectRegistryRefreshJob.java:106)
	at org.eclipse.core.internal.jobs.Worker.run(Worker.java:63)
2025-10-04 10:11:08,618 [Worker-59: Launching mavenrun-aefd53e7-b31c-4fb7-95e8-7cc25087ee60] INFO  o.eclipse.m2e.core.internal.Bundles - getClasspathEntries(Bundle=org.eclipse.m2e.maven.runtime_3.9.900.20240824-1409 [640])
2025-10-04 10:11:08,620 [Worker-59: Launching mavenrun-aefd53e7-b31c-4fb7-95e8-7cc25087ee60] INFO  o.eclipse.m2e.core.internal.Bundles - 	Entry: C:\Users\PHAN ANH TUAN\.p2\pool\plugins\org.eclipse.m2e.maven.runtime_3.9.900.20240824-1409
2025-10-04 10:11:08,621 [Worker-59: Launching mavenrun-aefd53e7-b31c-4fb7-95e8-7cc25087ee60] INFO  o.eclipse.m2e.core.internal.Bundles - 	Entry: C:\Users\PHAN ANH TUAN\.p2\pool\plugins\org.eclipse.m2e.maven.runtime_3.9.900.20240824-1409\jars\aopalliance-1.0.jar
2025-10-04 10:11:08,622 [Worker-59: Launching mavenrun-aefd53e7-b31c-4fb7-95e8-7cc25087ee60] INFO  o.eclipse.m2e.core.internal.Bundles - 	Entry: C:\Users\PHAN ANH TUAN\.p2\pool\plugins\org.eclipse.m2e.maven.runtime_3.9.900.20240824-1409\jars\guice-5.1.0.jar
2025-10-04 10:11:08,622 [Worker-59: Launching mavenrun-aefd53e7-b31c-4fb7-95e8-7cc25087ee60] INFO  o.eclipse.m2e.core.internal.Bundles - 	Entry: C:\Users\PHAN ANH TUAN\.p2\pool\plugins\org.eclipse.m2e.maven.runtime_3.9.900.20240824-1409\jars\httpclient-4.5.14.jar
2025-10-04 10:11:08,622 [Worker-59: Launching mavenrun-aefd53e7-b31c-4fb7-95e8-7cc25087ee60] INFO  o.eclipse.m2e.core.internal.Bundles - 	Entry: C:\Users\PHAN ANH TUAN\.p2\pool\plugins\org.eclipse.m2e.maven.runtime_3.9.900.20240824-1409\jars\httpcore-4.4.16.jar
2025-10-04 10:11:08,622 [Worker-59: Launching mavenrun-aefd53e7-b31c-4fb7-95e8-7cc25087ee60] INFO  o.eclipse.m2e.core.internal.Bundles - 	Entry: C:\Users\PHAN ANH TUAN\.p2\pool\plugins\org.eclipse.m2e.maven.runtime_3.9.900.20240824-1409\jars\jansi-2.4.1.jar
2025-10-04 10:11:08,622 [Worker-59: Launching mavenrun-aefd53e7-b31c-4fb7-95e8-7cc25087ee60] INFO  o.eclipse.m2e.core.internal.Bundles - 	Entry: C:\Users\PHAN ANH TUAN\.p2\pool\plugins\org.eclipse.m2e.maven.runtime_3.9.900.20240824-1409\jars\jcl-over-slf4j-1.7.36.jar
2025-10-04 10:11:08,623 [Worker-59: Launching mavenrun-aefd53e7-b31c-4fb7-95e8-7cc25087ee60] INFO  o.eclipse.m2e.core.internal.Bundles - 	Entry: C:\Users\PHAN ANH TUAN\.p2\pool\plugins\org.eclipse.m2e.maven.runtime_3.9.900.20240824-1409\jars\maven-artifact-3.9.9.jar
2025-10-04 10:11:08,623 [Worker-59: Launching mavenrun-aefd53e7-b31c-4fb7-95e8-7cc25087ee60] INFO  o.eclipse.m2e.core.internal.Bundles - 	Entry: C:\Users\PHAN ANH TUAN\.p2\pool\plugins\org.eclipse.m2e.maven.runtime_3.9.900.20240824-1409\jars\maven-builder-support-3.9.9.jar
2025-10-04 10:11:08,623 [Worker-59: Launching mavenrun-aefd53e7-b31c-4fb7-95e8-7cc25087ee60] INFO  o.eclipse.m2e.core.internal.Bundles - 	Entry: C:\Users\PHAN ANH TUAN\.p2\pool\plugins\org.eclipse.m2e.maven.runtime_3.9.900.20240824-1409\jars\maven-compat-3.9.9.jar
2025-10-04 10:11:08,623 [Worker-59: Launching mavenrun-aefd53e7-b31c-4fb7-95e8-7cc25087ee60] INFO  o.eclipse.m2e.core.internal.Bundles - 	Entry: C:\Users\PHAN ANH TUAN\.p2\pool\plugins\org.eclipse.m2e.maven.runtime_3.9.900.20240824-1409\jars\maven-core-3.9.9.jar
2025-10-04 10:11:08,623 [Worker-59: Launching mavenrun-aefd53e7-b31c-4fb7-95e8-7cc25087ee60] INFO  o.eclipse.m2e.core.internal.Bundles - 	Entry: C:\Users\PHAN ANH TUAN\.p2\pool\plugins\org.eclipse.m2e.maven.runtime_3.9.900.20240824-1409\jars\maven-embedder-3.9.9.jar
2025-10-04 10:11:08,623 [Worker-59: Launching mavenrun-aefd53e7-b31c-4fb7-95e8-7cc25087ee60] INFO  o.eclipse.m2e.core.internal.Bundles - 	Entry: C:\Users\PHAN ANH TUAN\.p2\pool\plugins\org.eclipse.m2e.maven.runtime_3.9.900.20240824-1409\jars\maven-model-3.9.9.jar
2025-10-04 10:11:08,624 [Worker-59: Launching mavenrun-aefd53e7-b31c-4fb7-95e8-7cc25087ee60] INFO  o.eclipse.m2e.core.internal.Bundles - 	Entry: C:\Users\PHAN ANH TUAN\.p2\pool\plugins\org.eclipse.m2e.maven.runtime_3.9.900.20240824-1409\jars\maven-model-builder-3.9.9.jar
2025-10-04 10:11:08,624 [Worker-59: Launching mavenrun-aefd53e7-b31c-4fb7-95e8-7cc25087ee60] INFO  o.eclipse.m2e.core.internal.Bundles - 	Entry: C:\Users\PHAN ANH TUAN\.p2\pool\plugins\org.eclipse.m2e.maven.runtime_3.9.900.20240824-1409\jars\maven-plugin-api-3.9.9.jar
2025-10-04 10:11:08,624 [Worker-59: Launching mavenrun-aefd53e7-b31c-4fb7-95e8-7cc25087ee60] INFO  o.eclipse.m2e.core.internal.Bundles - 	Entry: C:\Users\PHAN ANH TUAN\.p2\pool\plugins\org.eclipse.m2e.maven.runtime_3.9.900.20240824-1409\jars\maven-repository-metadata-3.9.9.jar
2025-10-04 10:11:08,624 [Worker-59: Launching mavenrun-aefd53e7-b31c-4fb7-95e8-7cc25087ee60] INFO  o.eclipse.m2e.core.internal.Bundles - 	Entry: C:\Users\PHAN ANH TUAN\.p2\pool\plugins\org.eclipse.m2e.maven.runtime_3.9.900.20240824-1409\jars\maven-resolver-api-1.9.22.jar
2025-10-04 10:11:08,624 [Worker-59: Launching mavenrun-aefd53e7-b31c-4fb7-95e8-7cc25087ee60] INFO  o.eclipse.m2e.core.internal.Bundles - 	Entry: C:\Users\PHAN ANH TUAN\.p2\pool\plugins\org.eclipse.m2e.maven.runtime_3.9.900.20240824-1409\jars\maven-resolver-connector-basic-1.9.22.jar
2025-10-04 10:11:08,624 [Worker-59: Launching mavenrun-aefd53e7-b31c-4fb7-95e8-7cc25087ee60] INFO  o.eclipse.m2e.core.internal.Bundles - 	Entry: C:\Users\PHAN ANH TUAN\.p2\pool\plugins\org.eclipse.m2e.maven.runtime_3.9.900.20240824-1409\jars\maven-resolver-impl-1.9.22.jar
2025-10-04 10:11:08,624 [Worker-59: Launching mavenrun-aefd53e7-b31c-4fb7-95e8-7cc25087ee60] INFO  o.eclipse.m2e.core.internal.Bundles - 	Entry: C:\Users\PHAN ANH TUAN\.p2\pool\plugins\org.eclipse.m2e.maven.runtime_3.9.900.20240824-1409\jars\maven-resolver-named-locks-1.9.22.jar
2025-10-04 10:11:08,624 [Worker-59: Launching mavenrun-aefd53e7-b31c-4fb7-95e8-7cc25087ee60] INFO  o.eclipse.m2e.core.internal.Bundles - 	Entry: C:\Users\PHAN ANH TUAN\.p2\pool\plugins\org.eclipse.m2e.maven.runtime_3.9.900.20240824-1409\jars\maven-resolver-provider-3.9.9.jar
2025-10-04 10:11:08,625 [Worker-59: Launching mavenrun-aefd53e7-b31c-4fb7-95e8-7cc25087ee60] INFO  o.eclipse.m2e.core.internal.Bundles - 	Entry: C:\Users\PHAN ANH TUAN\.p2\pool\plugins\org.eclipse.m2e.maven.runtime_3.9.900.20240824-1409\jars\maven-resolver-spi-1.9.22.jar
2025-10-04 10:11:08,625 [Worker-59: Launching mavenrun-aefd53e7-b31c-4fb7-95e8-7cc25087ee60] INFO  o.eclipse.m2e.core.internal.Bundles - 	Entry: C:\Users\PHAN ANH TUAN\.p2\pool\plugins\org.eclipse.m2e.maven.runtime_3.9.900.20240824-1409\jars\maven-resolver-transport-file-1.9.22.jar
2025-10-04 10:11:08,625 [Worker-59: Launching mavenrun-aefd53e7-b31c-4fb7-95e8-7cc25087ee60] INFO  o.eclipse.m2e.core.internal.Bundles - 	Entry: C:\Users\PHAN ANH TUAN\.p2\pool\plugins\org.eclipse.m2e.maven.runtime_3.9.900.20240824-1409\jars\maven-resolver-transport-http-1.9.22.jar
2025-10-04 10:11:08,625 [Worker-59: Launching mavenrun-aefd53e7-b31c-4fb7-95e8-7cc25087ee60] INFO  o.eclipse.m2e.core.internal.Bundles - 	Entry: C:\Users\PHAN ANH TUAN\.p2\pool\plugins\org.eclipse.m2e.maven.runtime_3.9.900.20240824-1409\jars\maven-resolver-transport-wagon-1.9.22.jar
2025-10-04 10:11:08,625 [Worker-59: Launching mavenrun-aefd53e7-b31c-4fb7-95e8-7cc25087ee60] INFO  o.eclipse.m2e.core.internal.Bundles - 	Entry: C:\Users\PHAN ANH TUAN\.p2\pool\plugins\org.eclipse.m2e.maven.runtime_3.9.900.20240824-1409\jars\maven-resolver-util-1.9.22.jar
2025-10-04 10:11:08,625 [Worker-59: Launching mavenrun-aefd53e7-b31c-4fb7-95e8-7cc25087ee60] INFO  o.eclipse.m2e.core.internal.Bundles - 	Entry: C:\Users\PHAN ANH TUAN\.p2\pool\plugins\org.eclipse.m2e.maven.runtime_3.9.900.20240824-1409\jars\maven-settings-3.9.9.jar
2025-10-04 10:11:08,625 [Worker-59: Launching mavenrun-aefd53e7-b31c-4fb7-95e8-7cc25087ee60] INFO  o.eclipse.m2e.core.internal.Bundles - 	Entry: C:\Users\PHAN ANH TUAN\.p2\pool\plugins\org.eclipse.m2e.maven.runtime_3.9.900.20240824-1409\jars\maven-settings-builder-3.9.9.jar
2025-10-04 10:11:08,625 [Worker-59: Launching mavenrun-aefd53e7-b31c-4fb7-95e8-7cc25087ee60] INFO  o.eclipse.m2e.core.internal.Bundles - 	Entry: C:\Users\PHAN ANH TUAN\.p2\pool\plugins\org.eclipse.m2e.maven.runtime_3.9.900.20240824-1409\jars\maven-shared-utils-3.4.2.jar
2025-10-04 10:11:08,625 [Worker-59: Launching mavenrun-aefd53e7-b31c-4fb7-95e8-7cc25087ee60] INFO  o.eclipse.m2e.core.internal.Bundles - 	Entry: C:\Users\PHAN ANH TUAN\.p2\pool\plugins\org.eclipse.m2e.maven.runtime_3.9.900.20240824-1409\jars\org.eclipse.sisu.inject-0.9.0.M3.jar
2025-10-04 10:11:08,625 [Worker-59: Launching mavenrun-aefd53e7-b31c-4fb7-95e8-7cc25087ee60] INFO  o.eclipse.m2e.core.internal.Bundles - 	Entry: C:\Users\PHAN ANH TUAN\.p2\pool\plugins\org.eclipse.m2e.maven.runtime_3.9.900.20240824-1409\jars\org.eclipse.sisu.plexus-0.9.0.M3.jar
2025-10-04 10:11:08,626 [Worker-59: Launching mavenrun-aefd53e7-b31c-4fb7-95e8-7cc25087ee60] INFO  o.eclipse.m2e.core.internal.Bundles - 	Entry: C:\Users\PHAN ANH TUAN\.p2\pool\plugins\org.eclipse.m2e.maven.runtime_3.9.900.20240824-1409\jars\plexus-build-api-0.0.7.jar
2025-10-04 10:11:08,626 [Worker-59: Launching mavenrun-aefd53e7-b31c-4fb7-95e8-7cc25087ee60] INFO  o.eclipse.m2e.core.internal.Bundles - 	Entry: C:\Users\PHAN ANH TUAN\.p2\pool\plugins\org.eclipse.m2e.maven.runtime_3.9.900.20240824-1409\jars\plexus-build-api-1.2.0.jar
2025-10-04 10:11:08,626 [Worker-59: Launching mavenrun-aefd53e7-b31c-4fb7-95e8-7cc25087ee60] INFO  o.eclipse.m2e.core.internal.Bundles - 	Entry: C:\Users\PHAN ANH TUAN\.p2\pool\plugins\org.eclipse.m2e.maven.runtime_3.9.900.20240824-1409\jars\plexus-cipher-2.0.jar
2025-10-04 10:11:08,626 [Worker-59: Launching mavenrun-aefd53e7-b31c-4fb7-95e8-7cc25087ee60] INFO  o.eclipse.m2e.core.internal.Bundles - 	Entry: C:\Users\PHAN ANH TUAN\.p2\pool\plugins\org.eclipse.m2e.maven.runtime_3.9.900.20240824-1409\jars\plexus-classworlds-2.8.0.jar
2025-10-04 10:11:08,626 [Worker-59: Launching mavenrun-aefd53e7-b31c-4fb7-95e8-7cc25087ee60] INFO  o.eclipse.m2e.core.internal.Bundles - 	Entry: C:\Users\PHAN ANH TUAN\.p2\pool\plugins\org.eclipse.m2e.maven.runtime_3.9.900.20240824-1409\jars\plexus-component-annotations-2.1.0.jar
2025-10-04 10:11:08,626 [Worker-59: Launching mavenrun-aefd53e7-b31c-4fb7-95e8-7cc25087ee60] INFO  o.eclipse.m2e.core.internal.Bundles - 	Entry: C:\Users\PHAN ANH TUAN\.p2\pool\plugins\org.eclipse.m2e.maven.runtime_3.9.900.20240824-1409\jars\plexus-interpolation-1.27.jar
2025-10-04 10:11:08,626 [Worker-59: Launching mavenrun-aefd53e7-b31c-4fb7-95e8-7cc25087ee60] INFO  o.eclipse.m2e.core.internal.Bundles - 	Entry: C:\Users\PHAN ANH TUAN\.p2\pool\plugins\org.eclipse.m2e.maven.runtime_3.9.900.20240824-1409\jars\plexus-sec-dispatcher-2.0.jar
2025-10-04 10:11:08,626 [Worker-59: Launching mavenrun-aefd53e7-b31c-4fb7-95e8-7cc25087ee60] INFO  o.eclipse.m2e.core.internal.Bundles - 	Entry: C:\Users\PHAN ANH TUAN\.p2\pool\plugins\org.eclipse.m2e.maven.runtime_3.9.900.20240824-1409\jars\plexus-utils-3.5.1.jar
2025-10-04 10:11:08,627 [Worker-59: Launching mavenrun-aefd53e7-b31c-4fb7-95e8-7cc25087ee60] INFO  o.eclipse.m2e.core.internal.Bundles - 	Entry: C:\Users\PHAN ANH TUAN\.p2\pool\plugins\org.eclipse.m2e.maven.runtime_3.9.900.20240824-1409\jars\plexus-xml-3.0.1.jar
2025-10-04 10:11:08,627 [Worker-59: Launching mavenrun-aefd53e7-b31c-4fb7-95e8-7cc25087ee60] INFO  o.eclipse.m2e.core.internal.Bundles - 	Entry: C:\Users\PHAN ANH TUAN\.p2\pool\plugins\org.eclipse.m2e.maven.runtime_3.9.900.20240824-1409\jars\wagon-file-3.5.3.jar
2025-10-04 10:11:08,627 [Worker-59: Launching mavenrun-aefd53e7-b31c-4fb7-95e8-7cc25087ee60] INFO  o.eclipse.m2e.core.internal.Bundles - 	Entry: C:\Users\PHAN ANH TUAN\.p2\pool\plugins\org.eclipse.m2e.maven.runtime_3.9.900.20240824-1409\jars\wagon-http-3.5.3.jar
2025-10-04 10:11:08,627 [Worker-59: Launching mavenrun-aefd53e7-b31c-4fb7-95e8-7cc25087ee60] INFO  o.eclipse.m2e.core.internal.Bundles - 	Entry: C:\Users\PHAN ANH TUAN\.p2\pool\plugins\org.eclipse.m2e.maven.runtime_3.9.900.20240824-1409\jars\wagon-http-shared-3.5.3.jar
2025-10-04 10:11:08,627 [Worker-59: Launching mavenrun-aefd53e7-b31c-4fb7-95e8-7cc25087ee60] INFO  o.eclipse.m2e.core.internal.Bundles - 	Entry: C:\Users\PHAN ANH TUAN\.p2\pool\plugins\org.eclipse.m2e.maven.runtime_3.9.900.20240824-1409\jars\wagon-provider-api-3.5.3.jar
2025-10-04 10:11:08,627 [Worker-59: Launching mavenrun-aefd53e7-b31c-4fb7-95e8-7cc25087ee60] INFO  o.eclipse.m2e.core.internal.Bundles - getClasspathEntries(Bundle=com.google.guava_33.3.1.jre [1026])
2025-10-04 10:11:08,627 [Worker-59: Launching mavenrun-aefd53e7-b31c-4fb7-95e8-7cc25087ee60] INFO  o.eclipse.m2e.core.internal.Bundles - 	Entry: C:\Users\PHAN ANH TUAN\.p2\pool\plugins\com.google.guava_33.3.1.jre.jar
2025-10-04 10:11:08,627 [Worker-59: Launching mavenrun-aefd53e7-b31c-4fb7-95e8-7cc25087ee60] INFO  o.eclipse.m2e.core.internal.Bundles - getClasspathEntries(Bundle=slf4j.api_2.0.16 [1005])
2025-10-04 10:11:08,627 [Worker-59: Launching mavenrun-aefd53e7-b31c-4fb7-95e8-7cc25087ee60] INFO  o.eclipse.m2e.core.internal.Bundles - 	Entry: C:\Users\PHAN ANH TUAN\.p2\pool\plugins\slf4j.api_2.0.16.jar
2025-10-04 10:11:08,627 [Worker-59: Launching mavenrun-aefd53e7-b31c-4fb7-95e8-7cc25087ee60] INFO  o.eclipse.m2e.core.internal.Bundles - getClasspathEntries(Bundle=jakarta.inject.jakarta.inject-api_1.0.5 [34])
2025-10-04 10:11:08,628 [Worker-59: Launching mavenrun-aefd53e7-b31c-4fb7-95e8-7cc25087ee60] INFO  o.eclipse.m2e.core.internal.Bundles - 	Entry: C:\Users\PHAN ANH TUAN\.p2\pool\plugins\jakarta.inject.jakarta.inject-api_1.0.5.jar
2025-10-04 10:11:08,628 [Worker-59: Launching mavenrun-aefd53e7-b31c-4fb7-95e8-7cc25087ee60] INFO  o.eclipse.m2e.core.internal.Bundles - getClasspathEntries(Bundle=jakarta.annotation-api_1.3.5 [29])
2025-10-04 10:11:08,628 [Worker-59: Launching mavenrun-aefd53e7-b31c-4fb7-95e8-7cc25087ee60] INFO  o.eclipse.m2e.core.internal.Bundles - 	Entry: C:\Users\PHAN ANH TUAN\.p2\pool\plugins\jakarta.annotation-api_1.3.5.jar
2025-10-04 10:11:08,628 [Worker-59: Launching mavenrun-aefd53e7-b31c-4fb7-95e8-7cc25087ee60] INFO  o.eclipse.m2e.core.internal.Bundles - getClasspathEntries(Bundle=org.apache.commons.cli_1.9.0 [78])
2025-10-04 10:11:08,628 [Worker-59: Launching mavenrun-aefd53e7-b31c-4fb7-95e8-7cc25087ee60] INFO  o.eclipse.m2e.core.internal.Bundles - 	Entry: C:\Users\PHAN ANH TUAN\.p2\pool\plugins\org.apache.commons.cli_1.9.0.jar
2025-10-04 10:11:08,628 [Worker-59: Launching mavenrun-aefd53e7-b31c-4fb7-95e8-7cc25087ee60] INFO  o.eclipse.m2e.core.internal.Bundles - getClasspathEntries(Bundle=org.apache.commons.commons-codec_1.16.0 [81])
2025-10-04 10:11:08,629 [Worker-59: Launching mavenrun-aefd53e7-b31c-4fb7-95e8-7cc25087ee60] INFO  o.eclipse.m2e.core.internal.Bundles - 	Entry: C:\Users\PHAN ANH TUAN\.p2\pool\plugins\org.apache.commons.commons-codec_1.16.0.jar
2025-10-04 10:11:08,629 [Worker-59: Launching mavenrun-aefd53e7-b31c-4fb7-95e8-7cc25087ee60] INFO  o.eclipse.m2e.core.internal.Bundles - getClasspathEntries(Bundle=com.google.guava.failureaccess_1.0.2 [17])
2025-10-04 10:11:08,629 [Worker-59: Launching mavenrun-aefd53e7-b31c-4fb7-95e8-7cc25087ee60] INFO  o.eclipse.m2e.core.internal.Bundles - 	Entry: C:\Users\PHAN ANH TUAN\.p2\pool\plugins\com.google.guava.failureaccess_1.0.2.jar
2025-10-04 10:11:08,630 [Worker-59: Launching mavenrun-aefd53e7-b31c-4fb7-95e8-7cc25087ee60] INFO  o.e.m.i.launch.MavenLaunchDelegate - Run build in "C:\Users\PHANAN~1\AppData\Local\Temp\m2e-archetypeGenerator15170868513846509581":
2025-10-04 10:11:08,630 [Worker-59: Launching mavenrun-aefd53e7-b31c-4fb7-95e8-7cc25087ee60] INFO  o.e.m.i.launch.MavenLaunchDelegate -  mvn  -DjavaCompilerVersion=17 -DjunitVersion=5.11.0 -DarchetypeGroupId=org.apache.maven.archetypes -DarchetypeArtifactId=maven-archetype-quickstart -DarchetypeVersion=1.5 -DgroupId=com.jone.heath -DartifactId=bmi -Dversion=0.0.1-SNAPSHOT -Dpackage=com.jone.heath.bmi -DoutputDirectory=D:\BackendJava\My_Workspace\Space_Deep\Session01_Maven -Dstyle.color=always -U archetype:generate
2025-10-04 10:11:22,556 [Worker-49: Creating maven-archetype-quickstart] INFO  o.e.m.c.i.p.ProjectConfigurationManager - Collecting project info '/pom.xml' D:\BackendJava\My_Workspace\Space_Deep\Session01_Maven\bmi\pom.xml
2025-10-04 10:11:24,568 [Worker-49: Creating maven-archetype-quickstart] INFO  o.e.m.c.i.l.LifecycleMappingFactory - Using org.eclipse.m2e.jdt.JarLifecycleMapping lifecycle mapping for MavenProject: com.jone.heath:bmi:0.0.1-SNAPSHOT @ D:\BackendJava\My_Workspace\Space_Deep\Session01_Maven\bmi\pom.xml.
2025-10-04 10:11:26,063 [Worker-49: Creating maven-archetype-quickstart] INFO  o.e.m.j.i.AbstractJavaProjectConfigurator - Adding source folder /bmi/src/main/java
2025-10-04 10:11:26,064 [Worker-49: Creating maven-archetype-quickstart] INFO  o.e.m.j.i.AbstractJavaProjectConfigurator - Adding resource folder /bmi/src/main/resources
2025-10-04 10:11:26,065 [Worker-49: Creating maven-archetype-quickstart] INFO  o.e.m.j.i.AbstractJavaProjectConfigurator - Adding source folder /bmi/src/test/java
2025-10-04 10:11:26,065 [Worker-49: Creating maven-archetype-quickstart] INFO  o.e.m.j.i.AbstractJavaProjectConfigurator - Adding resource folder /bmi/src/test/resources
2025-10-04 10:11:26,242 [Worker-49: Creating maven-archetype-quickstart] INFO  o.e.m.c.i.p.ProjectConfigurationManager - Imported and configured 1 project(s) in 3 sec
2025-10-04 10:11:26,524 [Worker-52: Building] INFO  o.a.m.s.f.DefaultMavenResourcesFiltering - skip non existing resourceDirectory D:\BackendJava\My_Workspace\Space_Deep\Session01_Maven\bmi\src\main\resources
2025-10-04 10:11:26,527 [Worker-52: Building] INFO  o.a.m.s.f.DefaultMavenResourcesFiltering - skip non existing resourceDirectory D:\BackendJava\My_Workspace\Space_Deep\Session01_Maven\bmi\src\test\resources
2025-10-04 10:11:33,723 [Worker-52: Building] INFO  o.a.m.s.f.DefaultMavenResourcesFiltering - skip non existing resourceDirectory D:\BackendJava\My_Workspace\Space_Deep\Session01_Maven\bmi\src\main\resources
2025-10-04 10:11:33,724 [Worker-52: Building] INFO  o.a.m.s.f.DefaultMavenResourcesFiltering - skip non existing resourceDirectory D:\BackendJava\My_Workspace\Space_Deep\Session01_Maven\bmi\src\test\resources
2025-10-04 10:15:12,364 [Worker-63: Building] INFO  o.e.m.c.i.l.LifecycleMappingFactory - Using org.eclipse.m2e.jdt.JarLifecycleMapping lifecycle mapping for MavenProject: com.jone.heath:bmi:0.0.1-SNAPSHOT @ D:\BackendJava\My_Workspace\Space_Deep\Session01_Maven\bmi\pom.xml.
2025-10-04 10:15:12,451 [Worker-63: Building] WARN  o.a.m.s.f.DefaultMavenResourcesFiltering - Using platform encoding (UTF-8 actually) to copy filtered resources, i.e. build is platform dependent!
2025-10-04 10:15:12,452 [Worker-63: Building] INFO  o.a.m.s.f.DefaultMavenResourcesFiltering - skip non existing resourceDirectory D:\BackendJava\My_Workspace\Space_Deep\Session01_Maven\bmi\src\main\resources
2025-10-04 10:15:12,454 [Worker-63: Building] WARN  o.a.m.s.f.DefaultMavenResourcesFiltering - Using platform encoding (UTF-8 actually) to copy filtered resources, i.e. build is platform dependent!
2025-10-04 10:15:12,455 [Worker-63: Building] INFO  o.a.m.s.f.DefaultMavenResourcesFiltering - skip non existing resourceDirectory D:\BackendJava\My_Workspace\Space_Deep\Session01_Maven\bmi\src\test\resources
2025-10-04 10:15:12,775 [Worker-67: Updating Maven Project] INFO  o.e.m.c.i.p.ProjectConfigurationManager - Update started
2025-10-04 10:15:12,840 [Worker-67: Updating Maven Project] INFO  o.e.m.c.i.l.LifecycleMappingFactory - Using org.eclipse.m2e.jdt.JarLifecycleMapping lifecycle mapping for MavenProject: com.jone.heath:bmi:0.0.1-SNAPSHOT @ D:\BackendJava\My_Workspace\Space_Deep\Session01_Maven\bmi\pom.xml.
2025-10-04 10:15:13,053 [Worker-67: Updating Maven Project] INFO  o.e.m.j.i.AbstractJavaProjectConfigurator - Adding source folder /bmi/src/main/java
2025-10-04 10:15:13,055 [Worker-67: Updating Maven Project] INFO  o.e.m.j.i.AbstractJavaProjectConfigurator - Adding resource folder /bmi/src/main/resources
2025-10-04 10:15:13,063 [Worker-67: Updating Maven Project] INFO  o.e.m.j.i.AbstractJavaProjectConfigurator - Adding source folder /bmi/src/test/java
2025-10-04 10:15:13,063 [Worker-67: Updating Maven Project] INFO  o.e.m.j.i.AbstractJavaProjectConfigurator - Adding resource folder /bmi/src/test/resources
2025-10-04 10:15:13,199 [Worker-67: Updating Maven Project] INFO  o.e.m.c.i.p.ProjectConfigurationManager - Update completed for 1 poms: local refresh takes 0.00 sec, refresh facades takes 0.00 sec, update config takes 0.00 sec 
2025-10-04 10:15:13,858 [Worker-65: Building] WARN  o.a.m.s.f.DefaultMavenResourcesFiltering - Using platform encoding (UTF-8 actually) to copy filtered resources, i.e. build is platform dependent!
2025-10-04 10:15:13,859 [Worker-65: Building] INFO  o.a.m.s.f.DefaultMavenResourcesFiltering - skip non existing resourceDirectory D:\BackendJava\My_Workspace\Space_Deep\Session01_Maven\bmi\src\main\resources
2025-10-04 10:15:13,862 [Worker-65: Building] WARN  o.a.m.s.f.DefaultMavenResourcesFiltering - Using platform encoding (UTF-8 actually) to copy filtered resources, i.e. build is platform dependent!
2025-10-04 10:15:13,863 [Worker-65: Building] INFO  o.a.m.s.f.DefaultMavenResourcesFiltering - skip non existing resourceDirectory D:\BackendJava\My_Workspace\Space_Deep\Session01_Maven\bmi\src\test\resources
2025-10-04 10:16:19,088 [Worker-66: Building] WARN  o.a.m.s.f.DefaultMavenResourcesFiltering - Using platform encoding (UTF-8 actually) to copy filtered resources, i.e. build is platform dependent!
2025-10-04 10:16:19,089 [Worker-66: Building] INFO  o.a.m.s.f.DefaultMavenResourcesFiltering - skip non existing resourceDirectory D:\BackendJava\My_Workspace\Space_Deep\Session01_Maven\bmi\src\main\resources
2025-10-04 10:16:19,091 [Worker-66: Building] WARN  o.a.m.s.f.DefaultMavenResourcesFiltering - Using platform encoding (UTF-8 actually) to copy filtered resources, i.e. build is platform dependent!
2025-10-04 10:16:19,097 [Worker-66: Building] INFO  o.a.m.s.f.DefaultMavenResourcesFiltering - skip non existing resourceDirectory D:\BackendJava\My_Workspace\Space_Deep\Session01_Maven\bmi\src\test\resources
2025-10-04 10:16:20,116 [Worker-67: Building] WARN  o.a.m.s.f.DefaultMavenResourcesFiltering - Using platform encoding (UTF-8 actually) to copy filtered resources, i.e. build is platform dependent!
2025-10-04 10:16:20,117 [Worker-67: Building] INFO  o.a.m.s.f.DefaultMavenResourcesFiltering - skip non existing resourceDirectory D:\BackendJava\My_Workspace\Space_Deep\Session01_Maven\bmi\src\main\resources
2025-10-04 10:16:20,119 [Worker-67: Building] WARN  o.a.m.s.f.DefaultMavenResourcesFiltering - Using platform encoding (UTF-8 actually) to copy filtered resources, i.e. build is platform dependent!
2025-10-04 10:16:20,120 [Worker-67: Building] INFO  o.a.m.s.f.DefaultMavenResourcesFiltering - skip non existing resourceDirectory D:\BackendJava\My_Workspace\Space_Deep\Session01_Maven\bmi\src\test\resources
2025-10-04 10:16:23,297 [Worker-62: Building] WARN  o.a.m.s.f.DefaultMavenResourcesFiltering - Using platform encoding (UTF-8 actually) to copy filtered resources, i.e. build is platform dependent!
2025-10-04 10:16:23,297 [Worker-62: Building] INFO  o.a.m.s.f.DefaultMavenResourcesFiltering - skip non existing resourceDirectory D:\BackendJava\My_Workspace\Space_Deep\Session01_Maven\bmi\src\main\resources
2025-10-04 10:16:23,299 [Worker-62: Building] WARN  o.a.m.s.f.DefaultMavenResourcesFiltering - Using platform encoding (UTF-8 actually) to copy filtered resources, i.e. build is platform dependent!
2025-10-04 10:16:23,299 [Worker-62: Building] INFO  o.a.m.s.f.DefaultMavenResourcesFiltering - skip non existing resourceDirectory D:\BackendJava\My_Workspace\Space_Deep\Session01_Maven\bmi\src\test\resources
2025-10-04 10:17:11,801 [Worker-67: Building] WARN  o.a.m.s.f.DefaultMavenResourcesFiltering - Using platform encoding (UTF-8 actually) to copy filtered resources, i.e. build is platform dependent!
2025-10-04 10:17:11,802 [Worker-67: Building] INFO  o.a.m.s.f.DefaultMavenResourcesFiltering - skip non existing resourceDirectory D:\BackendJava\My_Workspace\Space_Deep\Session01_Maven\bmi\src\main\resources
2025-10-04 10:17:11,804 [Worker-67: Building] WARN  o.a.m.s.f.DefaultMavenResourcesFiltering - Using platform encoding (UTF-8 actually) to copy filtered resources, i.e. build is platform dependent!
2025-10-04 10:17:11,804 [Worker-67: Building] INFO  o.a.m.s.f.DefaultMavenResourcesFiltering - skip non existing resourceDirectory D:\BackendJava\My_Workspace\Space_Deep\Session01_Maven\bmi\src\test\resources
2025-10-04 10:17:22,209 [Worker-66: Building] WARN  o.a.m.s.f.DefaultMavenResourcesFiltering - Using platform encoding (UTF-8 actually) to copy filtered resources, i.e. build is platform dependent!
2025-10-04 10:17:22,210 [Worker-66: Building] INFO  o.a.m.s.f.DefaultMavenResourcesFiltering - skip non existing resourceDirectory D:\BackendJava\My_Workspace\Space_Deep\Session01_Maven\bmi\src\main\resources
2025-10-04 10:17:22,212 [Worker-66: Building] WARN  o.a.m.s.f.DefaultMavenResourcesFiltering - Using platform encoding (UTF-8 actually) to copy filtered resources, i.e. build is platform dependent!
2025-10-04 10:17:22,213 [Worker-66: Building] INFO  o.a.m.s.f.DefaultMavenResourcesFiltering - skip non existing resourceDirectory D:\BackendJava\My_Workspace\Space_Deep\Session01_Maven\bmi\src\test\resources
2025-10-04 10:19:40,381 [Worker-70: Building] WARN  o.a.m.s.f.DefaultMavenResourcesFiltering - Using platform encoding (UTF-8 actually) to copy filtered resources, i.e. build is platform dependent!
2025-10-04 10:19:40,382 [Worker-70: Building] INFO  o.a.m.s.f.DefaultMavenResourcesFiltering - skip non existing resourceDirectory D:\BackendJava\My_Workspace\Space_Deep\Session01_Maven\bmi\src\main\resources
2025-10-04 10:19:40,384 [Worker-70: Building] WARN  o.a.m.s.f.DefaultMavenResourcesFiltering - Using platform encoding (UTF-8 actually) to copy filtered resources, i.e. build is platform dependent!
2025-10-04 10:19:40,384 [Worker-70: Building] INFO  o.a.m.s.f.DefaultMavenResourcesFiltering - skip non existing resourceDirectory D:\BackendJava\My_Workspace\Space_Deep\Session01_Maven\bmi\src\test\resources
2025-10-04 10:28:09,702 [Worker-69: Building] INFO  o.e.m.c.i.l.LifecycleMappingFactory - Using org.eclipse.m2e.jdt.JarLifecycleMapping lifecycle mapping for MavenProject: com.jone.heath:bmi:10.44 @ D:\BackendJava\My_Workspace\Space_Deep\Session01_Maven\bmi\pom.xml.
2025-10-04 10:28:09,799 [Worker-69: Building] WARN  o.a.m.s.f.DefaultMavenResourcesFiltering - Using platform encoding (UTF-8 actually) to copy filtered resources, i.e. build is platform dependent!
2025-10-04 10:28:09,800 [Worker-69: Building] INFO  o.a.m.s.f.DefaultMavenResourcesFiltering - skip non existing resourceDirectory D:\BackendJava\My_Workspace\Space_Deep\Session01_Maven\bmi\src\main\resources
2025-10-04 10:28:09,803 [Worker-69: Building] WARN  o.a.m.s.f.DefaultMavenResourcesFiltering - Using platform encoding (UTF-8 actually) to copy filtered resources, i.e. build is platform dependent!
2025-10-04 10:28:09,804 [Worker-69: Building] INFO  o.a.m.s.f.DefaultMavenResourcesFiltering - skip non existing resourceDirectory D:\BackendJava\My_Workspace\Space_Deep\Session01_Maven\bmi\src\test\resources
2025-10-04 10:29:27,518 [Worker-73: Updating Maven Project] INFO  o.e.m.c.i.p.ProjectConfigurationManager - Update started
2025-10-04 10:29:27,565 [Worker-73: Updating Maven Project] INFO  o.e.m.c.i.l.LifecycleMappingFactory - Using org.eclipse.m2e.jdt.JarLifecycleMapping lifecycle mapping for MavenProject: com.jone.heath:bmi:10.44 @ D:\BackendJava\My_Workspace\Space_Deep\Session01_Maven\bmi\pom.xml.
2025-10-04 10:29:27,592 [Worker-73: Updating Maven Project] INFO  o.e.m.j.i.AbstractJavaProjectConfigurator - Adding source folder /bmi/src/main/java
2025-10-04 10:29:27,593 [Worker-73: Updating Maven Project] INFO  o.e.m.j.i.AbstractJavaProjectConfigurator - Adding resource folder /bmi/src/main/resources
2025-10-04 10:29:27,593 [Worker-73: Updating Maven Project] INFO  o.e.m.j.i.AbstractJavaProjectConfigurator - Adding source folder /bmi/src/test/java
2025-10-04 10:29:27,594 [Worker-73: Updating Maven Project] INFO  o.e.m.j.i.AbstractJavaProjectConfigurator - Adding resource folder /bmi/src/test/resources
2025-10-04 10:29:27,652 [Worker-73: Updating Maven Project] INFO  o.e.m.c.i.p.ProjectConfigurationManager - Update completed for 1 poms: local refresh takes 0.00 sec, refresh facades takes 0.00 sec, update config takes 0.00 sec 
2025-10-04 10:29:27,875 [Worker-75: Building] WARN  o.a.m.s.f.DefaultMavenResourcesFiltering - Using platform encoding (UTF-8 actually) to copy filtered resources, i.e. build is platform dependent!
2025-10-04 10:29:27,876 [Worker-75: Building] INFO  o.a.m.s.f.DefaultMavenResourcesFiltering - skip non existing resourceDirectory D:\BackendJava\My_Workspace\Space_Deep\Session01_Maven\bmi\src\main\resources
2025-10-04 10:29:27,880 [Worker-75: Building] WARN  o.a.m.s.f.DefaultMavenResourcesFiltering - Using platform encoding (UTF-8 actually) to copy filtered resources, i.e. build is platform dependent!
2025-10-04 10:29:27,881 [Worker-75: Building] INFO  o.a.m.s.f.DefaultMavenResourcesFiltering - skip non existing resourceDirectory D:\BackendJava\My_Workspace\Space_Deep\Session01_Maven\bmi\src\test\resources
2025-10-04 10:31:40,932 [ModalContext] INFO  o.e.m.c.i.e.AbstractTransferListenerAdapter - Downloading https://repo.maven.apache.org/maven2/org/apache/maven/archetypes/maven-archetype-quickstart/1.1/maven-archetype-quickstart-1.1.pom
2025-10-04 10:31:40,966 [ModalContext] INFO  o.e.m.c.i.e.AbstractTransferListenerAdapter - Downloaded https://repo.maven.apache.org/maven2/org/apache/maven/archetypes/maven-archetype-quickstart/1.1/maven-archetype-quickstart-1.1.pom
2025-10-04 10:31:41,648 [ModalContext] INFO  o.e.m.c.i.e.AbstractTransferListenerAdapter - Downloading https://repo.maven.apache.org/maven2/org/apache/maven/archetypes/maven-archetype-bundles/4/maven-archetype-bundles-4.pom
2025-10-04 10:31:41,687 [ModalContext] INFO  o.e.m.c.i.e.AbstractTransferListenerAdapter - Downloaded https://repo.maven.apache.org/maven2/org/apache/maven/archetypes/maven-archetype-bundles/4/maven-archetype-bundles-4.pom
2025-10-04 10:31:41,807 [ModalContext] INFO  o.e.m.c.i.e.AbstractTransferListenerAdapter - Downloading https://repo.maven.apache.org/maven2/org/apache/maven/archetype/maven-archetype/2.0-alpha-5/maven-archetype-2.0-alpha-5.pom
2025-10-04 10:31:41,842 [ModalContext] INFO  o.e.m.c.i.e.AbstractTransferListenerAdapter - Downloaded https://repo.maven.apache.org/maven2/org/apache/maven/archetype/maven-archetype/2.0-alpha-5/maven-archetype-2.0-alpha-5.pom
2025-10-04 10:31:42,030 [ModalContext] INFO  o.e.m.c.i.e.AbstractTransferListenerAdapter - Downloading https://repo.maven.apache.org/maven2/org/apache/maven/archetypes/maven-archetype-quickstart/1.1/maven-archetype-quickstart-1.1.jar
2025-10-04 10:31:42,108 [ModalContext] INFO  o.e.m.c.i.e.AbstractTransferListenerAdapter - Downloaded https://repo.maven.apache.org/maven2/org/apache/maven/archetypes/maven-archetype-quickstart/1.1/maven-archetype-quickstart-1.1.jar
2025-10-04 10:31:58,337 [Worker-77: Launching mavenrun-e9a93138-a6c6-4f9d-b64e-2806c1d9c4b2] INFO  o.eclipse.m2e.core.internal.Bundles - getClasspathEntries(Bundle=org.eclipse.m2e.maven.runtime_3.9.900.20240824-1409 [640])
2025-10-04 10:31:58,337 [Worker-77: Launching mavenrun-e9a93138-a6c6-4f9d-b64e-2806c1d9c4b2] INFO  o.eclipse.m2e.core.internal.Bundles - 	Entry: C:\Users\PHAN ANH TUAN\.p2\pool\plugins\org.eclipse.m2e.maven.runtime_3.9.900.20240824-1409
2025-10-04 10:31:58,339 [Worker-77: Launching mavenrun-e9a93138-a6c6-4f9d-b64e-2806c1d9c4b2] INFO  o.eclipse.m2e.core.internal.Bundles - 	Entry: C:\Users\PHAN ANH TUAN\.p2\pool\plugins\org.eclipse.m2e.maven.runtime_3.9.900.20240824-1409\jars\aopalliance-1.0.jar
2025-10-04 10:31:58,339 [Worker-77: Launching mavenrun-e9a93138-a6c6-4f9d-b64e-2806c1d9c4b2] INFO  o.eclipse.m2e.core.internal.Bundles - 	Entry: C:\Users\PHAN ANH TUAN\.p2\pool\plugins\org.eclipse.m2e.maven.runtime_3.9.900.20240824-1409\jars\guice-5.1.0.jar
2025-10-04 10:31:58,339 [Worker-77: Launching mavenrun-e9a93138-a6c6-4f9d-b64e-2806c1d9c4b2] INFO  o.eclipse.m2e.core.internal.Bundles - 	Entry: C:\Users\PHAN ANH TUAN\.p2\pool\plugins\org.eclipse.m2e.maven.runtime_3.9.900.20240824-1409\jars\httpclient-4.5.14.jar
2025-10-04 10:31:58,339 [Worker-77: Launching mavenrun-e9a93138-a6c6-4f9d-b64e-2806c1d9c4b2] INFO  o.eclipse.m2e.core.internal.Bundles - 	Entry: C:\Users\PHAN ANH TUAN\.p2\pool\plugins\org.eclipse.m2e.maven.runtime_3.9.900.20240824-1409\jars\httpcore-4.4.16.jar
2025-10-04 10:31:58,339 [Worker-77: Launching mavenrun-e9a93138-a6c6-4f9d-b64e-2806c1d9c4b2] INFO  o.eclipse.m2e.core.internal.Bundles - 	Entry: C:\Users\PHAN ANH TUAN\.p2\pool\plugins\org.eclipse.m2e.maven.runtime_3.9.900.20240824-1409\jars\jansi-2.4.1.jar
2025-10-04 10:31:58,339 [Worker-77: Launching mavenrun-e9a93138-a6c6-4f9d-b64e-2806c1d9c4b2] INFO  o.eclipse.m2e.core.internal.Bundles - 	Entry: C:\Users\PHAN ANH TUAN\.p2\pool\plugins\org.eclipse.m2e.maven.runtime_3.9.900.20240824-1409\jars\jcl-over-slf4j-1.7.36.jar
2025-10-04 10:31:58,339 [Worker-77: Launching mavenrun-e9a93138-a6c6-4f9d-b64e-2806c1d9c4b2] INFO  o.eclipse.m2e.core.internal.Bundles - 	Entry: C:\Users\PHAN ANH TUAN\.p2\pool\plugins\org.eclipse.m2e.maven.runtime_3.9.900.20240824-1409\jars\maven-artifact-3.9.9.jar
2025-10-04 10:31:58,339 [Worker-77: Launching mavenrun-e9a93138-a6c6-4f9d-b64e-2806c1d9c4b2] INFO  o.eclipse.m2e.core.internal.Bundles - 	Entry: C:\Users\PHAN ANH TUAN\.p2\pool\plugins\org.eclipse.m2e.maven.runtime_3.9.900.20240824-1409\jars\maven-builder-support-3.9.9.jar
2025-10-04 10:31:58,339 [Worker-77: Launching mavenrun-e9a93138-a6c6-4f9d-b64e-2806c1d9c4b2] INFO  o.eclipse.m2e.core.internal.Bundles - 	Entry: C:\Users\PHAN ANH TUAN\.p2\pool\plugins\org.eclipse.m2e.maven.runtime_3.9.900.20240824-1409\jars\maven-compat-3.9.9.jar
2025-10-04 10:31:58,340 [Worker-77: Launching mavenrun-e9a93138-a6c6-4f9d-b64e-2806c1d9c4b2] INFO  o.eclipse.m2e.core.internal.Bundles - 	Entry: C:\Users\PHAN ANH TUAN\.p2\pool\plugins\org.eclipse.m2e.maven.runtime_3.9.900.20240824-1409\jars\maven-core-3.9.9.jar
2025-10-04 10:31:58,340 [Worker-77: Launching mavenrun-e9a93138-a6c6-4f9d-b64e-2806c1d9c4b2] INFO  o.eclipse.m2e.core.internal.Bundles - 	Entry: C:\Users\PHAN ANH TUAN\.p2\pool\plugins\org.eclipse.m2e.maven.runtime_3.9.900.20240824-1409\jars\maven-embedder-3.9.9.jar
2025-10-04 10:31:58,340 [Worker-77: Launching mavenrun-e9a93138-a6c6-4f9d-b64e-2806c1d9c4b2] INFO  o.eclipse.m2e.core.internal.Bundles - 	Entry: C:\Users\PHAN ANH TUAN\.p2\pool\plugins\org.eclipse.m2e.maven.runtime_3.9.900.20240824-1409\jars\maven-model-3.9.9.jar
2025-10-04 10:31:58,340 [Worker-77: Launching mavenrun-e9a93138-a6c6-4f9d-b64e-2806c1d9c4b2] INFO  o.eclipse.m2e.core.internal.Bundles - 	Entry: C:\Users\PHAN ANH TUAN\.p2\pool\plugins\org.eclipse.m2e.maven.runtime_3.9.900.20240824-1409\jars\maven-model-builder-3.9.9.jar
2025-10-04 10:31:58,340 [Worker-77: Launching mavenrun-e9a93138-a6c6-4f9d-b64e-2806c1d9c4b2] INFO  o.eclipse.m2e.core.internal.Bundles - 	Entry: C:\Users\PHAN ANH TUAN\.p2\pool\plugins\org.eclipse.m2e.maven.runtime_3.9.900.20240824-1409\jars\maven-plugin-api-3.9.9.jar
2025-10-04 10:31:58,340 [Worker-77: Launching mavenrun-e9a93138-a6c6-4f9d-b64e-2806c1d9c4b2] INFO  o.eclipse.m2e.core.internal.Bundles - 	Entry: C:\Users\PHAN ANH TUAN\.p2\pool\plugins\org.eclipse.m2e.maven.runtime_3.9.900.20240824-1409\jars\maven-repository-metadata-3.9.9.jar
2025-10-04 10:31:58,340 [Worker-77: Launching mavenrun-e9a93138-a6c6-4f9d-b64e-2806c1d9c4b2] INFO  o.eclipse.m2e.core.internal.Bundles - 	Entry: C:\Users\PHAN ANH TUAN\.p2\pool\plugins\org.eclipse.m2e.maven.runtime_3.9.900.20240824-1409\jars\maven-resolver-api-1.9.22.jar
2025-10-04 10:31:58,340 [Worker-77: Launching mavenrun-e9a93138-a6c6-4f9d-b64e-2806c1d9c4b2] INFO  o.eclipse.m2e.core.internal.Bundles - 	Entry: C:\Users\PHAN ANH TUAN\.p2\pool\plugins\org.eclipse.m2e.maven.runtime_3.9.900.20240824-1409\jars\maven-resolver-connector-basic-1.9.22.jar
2025-10-04 10:31:58,340 [Worker-77: Launching mavenrun-e9a93138-a6c6-4f9d-b64e-2806c1d9c4b2] INFO  o.eclipse.m2e.core.internal.Bundles - 	Entry: C:\Users\PHAN ANH TUAN\.p2\pool\plugins\org.eclipse.m2e.maven.runtime_3.9.900.20240824-1409\jars\maven-resolver-impl-1.9.22.jar
2025-10-04 10:31:58,340 [Worker-77: Launching mavenrun-e9a93138-a6c6-4f9d-b64e-2806c1d9c4b2] INFO  o.eclipse.m2e.core.internal.Bundles - 	Entry: C:\Users\PHAN ANH TUAN\.p2\pool\plugins\org.eclipse.m2e.maven.runtime_3.9.900.20240824-1409\jars\maven-resolver-named-locks-1.9.22.jar
2025-10-04 10:31:58,340 [Worker-77: Launching mavenrun-e9a93138-a6c6-4f9d-b64e-2806c1d9c4b2] INFO  o.eclipse.m2e.core.internal.Bundles - 	Entry: C:\Users\PHAN ANH TUAN\.p2\pool\plugins\org.eclipse.m2e.maven.runtime_3.9.900.20240824-1409\jars\maven-resolver-provider-3.9.9.jar
2025-10-04 10:31:58,341 [Worker-77: Launching mavenrun-e9a93138-a6c6-4f9d-b64e-2806c1d9c4b2] INFO  o.eclipse.m2e.core.internal.Bundles - 	Entry: C:\Users\PHAN ANH TUAN\.p2\pool\plugins\org.eclipse.m2e.maven.runtime_3.9.900.20240824-1409\jars\maven-resolver-spi-1.9.22.jar
2025-10-04 10:31:58,341 [Worker-77: Launching mavenrun-e9a93138-a6c6-4f9d-b64e-2806c1d9c4b2] INFO  o.eclipse.m2e.core.internal.Bundles - 	Entry: C:\Users\PHAN ANH TUAN\.p2\pool\plugins\org.eclipse.m2e.maven.runtime_3.9.900.20240824-1409\jars\maven-resolver-transport-file-1.9.22.jar
2025-10-04 10:31:58,341 [Worker-77: Launching mavenrun-e9a93138-a6c6-4f9d-b64e-2806c1d9c4b2] INFO  o.eclipse.m2e.core.internal.Bundles - 	Entry: C:\Users\PHAN ANH TUAN\.p2\pool\plugins\org.eclipse.m2e.maven.runtime_3.9.900.20240824-1409\jars\maven-resolver-transport-http-1.9.22.jar
2025-10-04 10:31:58,341 [Worker-77: Launching mavenrun-e9a93138-a6c6-4f9d-b64e-2806c1d9c4b2] INFO  o.eclipse.m2e.core.internal.Bundles - 	Entry: C:\Users\PHAN ANH TUAN\.p2\pool\plugins\org.eclipse.m2e.maven.runtime_3.9.900.20240824-1409\jars\maven-resolver-transport-wagon-1.9.22.jar
2025-10-04 10:31:58,341 [Worker-77: Launching mavenrun-e9a93138-a6c6-4f9d-b64e-2806c1d9c4b2] INFO  o.eclipse.m2e.core.internal.Bundles - 	Entry: C:\Users\PHAN ANH TUAN\.p2\pool\plugins\org.eclipse.m2e.maven.runtime_3.9.900.20240824-1409\jars\maven-resolver-util-1.9.22.jar
2025-10-04 10:31:58,341 [Worker-77: Launching mavenrun-e9a93138-a6c6-4f9d-b64e-2806c1d9c4b2] INFO  o.eclipse.m2e.core.internal.Bundles - 	Entry: C:\Users\PHAN ANH TUAN\.p2\pool\plugins\org.eclipse.m2e.maven.runtime_3.9.900.20240824-1409\jars\maven-settings-3.9.9.jar
2025-10-04 10:31:58,341 [Worker-77: Launching mavenrun-e9a93138-a6c6-4f9d-b64e-2806c1d9c4b2] INFO  o.eclipse.m2e.core.internal.Bundles - 	Entry: C:\Users\PHAN ANH TUAN\.p2\pool\plugins\org.eclipse.m2e.maven.runtime_3.9.900.20240824-1409\jars\maven-settings-builder-3.9.9.jar
2025-10-04 10:31:58,341 [Worker-77: Launching mavenrun-e9a93138-a6c6-4f9d-b64e-2806c1d9c4b2] INFO  o.eclipse.m2e.core.internal.Bundles - 	Entry: C:\Users\PHAN ANH TUAN\.p2\pool\plugins\org.eclipse.m2e.maven.runtime_3.9.900.20240824-1409\jars\maven-shared-utils-3.4.2.jar
2025-10-04 10:31:58,342 [Worker-77: Launching mavenrun-e9a93138-a6c6-4f9d-b64e-2806c1d9c4b2] INFO  o.eclipse.m2e.core.internal.Bundles - 	Entry: C:\Users\PHAN ANH TUAN\.p2\pool\plugins\org.eclipse.m2e.maven.runtime_3.9.900.20240824-1409\jars\org.eclipse.sisu.inject-0.9.0.M3.jar
2025-10-04 10:31:58,343 [Worker-77: Launching mavenrun-e9a93138-a6c6-4f9d-b64e-2806c1d9c4b2] INFO  o.eclipse.m2e.core.internal.Bundles - 	Entry: C:\Users\PHAN ANH TUAN\.p2\pool\plugins\org.eclipse.m2e.maven.runtime_3.9.900.20240824-1409\jars\org.eclipse.sisu.plexus-0.9.0.M3.jar
2025-10-04 10:31:58,343 [Worker-77: Launching mavenrun-e9a93138-a6c6-4f9d-b64e-2806c1d9c4b2] INFO  o.eclipse.m2e.core.internal.Bundles - 	Entry: C:\Users\PHAN ANH TUAN\.p2\pool\plugins\org.eclipse.m2e.maven.runtime_3.9.900.20240824-1409\jars\plexus-build-api-0.0.7.jar
2025-10-04 10:31:58,343 [Worker-77: Launching mavenrun-e9a93138-a6c6-4f9d-b64e-2806c1d9c4b2] INFO  o.eclipse.m2e.core.internal.Bundles - 	Entry: C:\Users\PHAN ANH TUAN\.p2\pool\plugins\org.eclipse.m2e.maven.runtime_3.9.900.20240824-1409\jars\plexus-build-api-1.2.0.jar
2025-10-04 10:31:58,343 [Worker-77: Launching mavenrun-e9a93138-a6c6-4f9d-b64e-2806c1d9c4b2] INFO  o.eclipse.m2e.core.internal.Bundles - 	Entry: C:\Users\PHAN ANH TUAN\.p2\pool\plugins\org.eclipse.m2e.maven.runtime_3.9.900.20240824-1409\jars\plexus-cipher-2.0.jar
2025-10-04 10:31:58,343 [Worker-77: Launching mavenrun-e9a93138-a6c6-4f9d-b64e-2806c1d9c4b2] INFO  o.eclipse.m2e.core.internal.Bundles - 	Entry: C:\Users\PHAN ANH TUAN\.p2\pool\plugins\org.eclipse.m2e.maven.runtime_3.9.900.20240824-1409\jars\plexus-classworlds-2.8.0.jar
2025-10-04 10:31:58,343 [Worker-77: Launching mavenrun-e9a93138-a6c6-4f9d-b64e-2806c1d9c4b2] INFO  o.eclipse.m2e.core.internal.Bundles - 	Entry: C:\Users\PHAN ANH TUAN\.p2\pool\plugins\org.eclipse.m2e.maven.runtime_3.9.900.20240824-1409\jars\plexus-component-annotations-2.1.0.jar
2025-10-04 10:31:58,343 [Worker-77: Launching mavenrun-e9a93138-a6c6-4f9d-b64e-2806c1d9c4b2] INFO  o.eclipse.m2e.core.internal.Bundles - 	Entry: C:\Users\PHAN ANH TUAN\.p2\pool\plugins\org.eclipse.m2e.maven.runtime_3.9.900.20240824-1409\jars\plexus-interpolation-1.27.jar
2025-10-04 10:31:58,343 [Worker-77: Launching mavenrun-e9a93138-a6c6-4f9d-b64e-2806c1d9c4b2] INFO  o.eclipse.m2e.core.internal.Bundles - 	Entry: C:\Users\PHAN ANH TUAN\.p2\pool\plugins\org.eclipse.m2e.maven.runtime_3.9.900.20240824-1409\jars\plexus-sec-dispatcher-2.0.jar
2025-10-04 10:31:58,343 [Worker-77: Launching mavenrun-e9a93138-a6c6-4f9d-b64e-2806c1d9c4b2] INFO  o.eclipse.m2e.core.internal.Bundles - 	Entry: C:\Users\PHAN ANH TUAN\.p2\pool\plugins\org.eclipse.m2e.maven.runtime_3.9.900.20240824-1409\jars\plexus-utils-3.5.1.jar
2025-10-04 10:31:58,343 [Worker-77: Launching mavenrun-e9a93138-a6c6-4f9d-b64e-2806c1d9c4b2] INFO  o.eclipse.m2e.core.internal.Bundles - 	Entry: C:\Users\PHAN ANH TUAN\.p2\pool\plugins\org.eclipse.m2e.maven.runtime_3.9.900.20240824-1409\jars\plexus-xml-3.0.1.jar
2025-10-04 10:31:58,343 [Worker-77: Launching mavenrun-e9a93138-a6c6-4f9d-b64e-2806c1d9c4b2] INFO  o.eclipse.m2e.core.internal.Bundles - 	Entry: C:\Users\PHAN ANH TUAN\.p2\pool\plugins\org.eclipse.m2e.maven.runtime_3.9.900.20240824-1409\jars\wagon-file-3.5.3.jar
2025-10-04 10:31:58,344 [Worker-77: Launching mavenrun-e9a93138-a6c6-4f9d-b64e-2806c1d9c4b2] INFO  o.eclipse.m2e.core.internal.Bundles - 	Entry: C:\Users\PHAN ANH TUAN\.p2\pool\plugins\org.eclipse.m2e.maven.runtime_3.9.900.20240824-1409\jars\wagon-http-3.5.3.jar
2025-10-04 10:31:58,344 [Worker-77: Launching mavenrun-e9a93138-a6c6-4f9d-b64e-2806c1d9c4b2] INFO  o.eclipse.m2e.core.internal.Bundles - 	Entry: C:\Users\PHAN ANH TUAN\.p2\pool\plugins\org.eclipse.m2e.maven.runtime_3.9.900.20240824-1409\jars\wagon-http-shared-3.5.3.jar
2025-10-04 10:31:58,344 [Worker-77: Launching mavenrun-e9a93138-a6c6-4f9d-b64e-2806c1d9c4b2] INFO  o.eclipse.m2e.core.internal.Bundles - 	Entry: C:\Users\PHAN ANH TUAN\.p2\pool\plugins\org.eclipse.m2e.maven.runtime_3.9.900.20240824-1409\jars\wagon-provider-api-3.5.3.jar
2025-10-04 10:31:58,344 [Worker-77: Launching mavenrun-e9a93138-a6c6-4f9d-b64e-2806c1d9c4b2] INFO  o.eclipse.m2e.core.internal.Bundles - getClasspathEntries(Bundle=com.google.guava_33.3.1.jre [1026])
2025-10-04 10:31:58,345 [Worker-77: Launching mavenrun-e9a93138-a6c6-4f9d-b64e-2806c1d9c4b2] INFO  o.eclipse.m2e.core.internal.Bundles - 	Entry: C:\Users\PHAN ANH TUAN\.p2\pool\plugins\com.google.guava_33.3.1.jre.jar
2025-10-04 10:31:58,345 [Worker-77: Launching mavenrun-e9a93138-a6c6-4f9d-b64e-2806c1d9c4b2] INFO  o.eclipse.m2e.core.internal.Bundles - getClasspathEntries(Bundle=slf4j.api_2.0.16 [1005])
2025-10-04 10:31:58,345 [Worker-77: Launching mavenrun-e9a93138-a6c6-4f9d-b64e-2806c1d9c4b2] INFO  o.eclipse.m2e.core.internal.Bundles - 	Entry: C:\Users\PHAN ANH TUAN\.p2\pool\plugins\slf4j.api_2.0.16.jar
2025-10-04 10:31:58,345 [Worker-77: Launching mavenrun-e9a93138-a6c6-4f9d-b64e-2806c1d9c4b2] INFO  o.eclipse.m2e.core.internal.Bundles - getClasspathEntries(Bundle=jakarta.inject.jakarta.inject-api_1.0.5 [34])
2025-10-04 10:31:58,345 [Worker-77: Launching mavenrun-e9a93138-a6c6-4f9d-b64e-2806c1d9c4b2] INFO  o.eclipse.m2e.core.internal.Bundles - 	Entry: C:\Users\PHAN ANH TUAN\.p2\pool\plugins\jakarta.inject.jakarta.inject-api_1.0.5.jar
2025-10-04 10:31:58,345 [Worker-77: Launching mavenrun-e9a93138-a6c6-4f9d-b64e-2806c1d9c4b2] INFO  o.eclipse.m2e.core.internal.Bundles - getClasspathEntries(Bundle=jakarta.annotation-api_1.3.5 [29])
2025-10-04 10:31:58,346 [Worker-77: Launching mavenrun-e9a93138-a6c6-4f9d-b64e-2806c1d9c4b2] INFO  o.eclipse.m2e.core.internal.Bundles - 	Entry: C:\Users\PHAN ANH TUAN\.p2\pool\plugins\jakarta.annotation-api_1.3.5.jar
2025-10-04 10:31:58,346 [Worker-77: Launching mavenrun-e9a93138-a6c6-4f9d-b64e-2806c1d9c4b2] INFO  o.eclipse.m2e.core.internal.Bundles - getClasspathEntries(Bundle=org.apache.commons.cli_1.9.0 [78])
2025-10-04 10:31:58,346 [Worker-77: Launching mavenrun-e9a93138-a6c6-4f9d-b64e-2806c1d9c4b2] INFO  o.eclipse.m2e.core.internal.Bundles - 	Entry: C:\Users\PHAN ANH TUAN\.p2\pool\plugins\org.apache.commons.cli_1.9.0.jar
2025-10-04 10:31:58,346 [Worker-77: Launching mavenrun-e9a93138-a6c6-4f9d-b64e-2806c1d9c4b2] INFO  o.eclipse.m2e.core.internal.Bundles - getClasspathEntries(Bundle=org.apache.commons.commons-codec_1.16.0 [81])
2025-10-04 10:31:58,346 [Worker-77: Launching mavenrun-e9a93138-a6c6-4f9d-b64e-2806c1d9c4b2] INFO  o.eclipse.m2e.core.internal.Bundles - 	Entry: C:\Users\PHAN ANH TUAN\.p2\pool\plugins\org.apache.commons.commons-codec_1.16.0.jar
2025-10-04 10:31:58,346 [Worker-77: Launching mavenrun-e9a93138-a6c6-4f9d-b64e-2806c1d9c4b2] INFO  o.eclipse.m2e.core.internal.Bundles - getClasspathEntries(Bundle=com.google.guava.failureaccess_1.0.2 [17])
2025-10-04 10:31:58,346 [Worker-77: Launching mavenrun-e9a93138-a6c6-4f9d-b64e-2806c1d9c4b2] INFO  o.eclipse.m2e.core.internal.Bundles - 	Entry: C:\Users\PHAN ANH TUAN\.p2\pool\plugins\com.google.guava.failureaccess_1.0.2.jar
2025-10-04 10:31:58,347 [Worker-77: Launching mavenrun-e9a93138-a6c6-4f9d-b64e-2806c1d9c4b2] INFO  o.e.m.i.launch.MavenLaunchDelegate - Run build in "C:\Users\PHANAN~1\AppData\Local\Temp\m2e-archetypeGenerator6988034049002215303":
2025-10-04 10:31:58,347 [Worker-77: Launching mavenrun-e9a93138-a6c6-4f9d-b64e-2806c1d9c4b2] INFO  o.e.m.i.launch.MavenLaunchDelegate -  mvn  -DarchetypeGroupId=org.apache.maven.archetypes -DarchetypeArtifactId=maven-archetype-quickstart -DarchetypeVersion=1.1 -DgroupId=com.jone.heath -DartifactId=heathy-bmi -Dversion=0.0.1-SNAPSHOT -Dpackage=com.jone.heath.heathy_bmi -DoutputDirectory=D:\BackendJava\My_Workspace\Space_Deep\Session01_Maven -Dstyle.color=always -U archetype:generate
2025-10-04 10:32:11,391 [Worker-73: Creating maven-archetype-quickstart] INFO  o.e.m.c.i.p.ProjectConfigurationManager - Collecting project info '/pom.xml' D:\BackendJava\My_Workspace\Space_Deep\Session01_Maven\heathy-bmi\pom.xml
2025-10-04 10:32:11,465 [Worker-73: Creating maven-archetype-quickstart] INFO  o.e.m.c.i.l.LifecycleMappingFactory - Using org.eclipse.m2e.jdt.JarLifecycleMapping lifecycle mapping for MavenProject: com.jone.heath:heathy-bmi:0.0.1-SNAPSHOT @ D:\BackendJava\My_Workspace\Space_Deep\Session01_Maven\heathy-bmi\pom.xml.
2025-10-04 10:32:11,526 [Worker-73: Creating maven-archetype-quickstart] INFO  o.e.m.j.i.AbstractJavaProjectConfigurator - Adding source folder /heathy-bmi/src/main/java
2025-10-04 10:32:11,527 [Worker-73: Creating maven-archetype-quickstart] INFO  o.e.m.j.i.AbstractJavaProjectConfigurator - Adding resource folder /heathy-bmi/src/main/resources
2025-10-04 10:32:11,529 [Worker-73: Creating maven-archetype-quickstart] INFO  o.e.m.j.i.AbstractJavaProjectConfigurator - Adding source folder /heathy-bmi/src/test/java
2025-10-04 10:32:11,530 [Worker-73: Creating maven-archetype-quickstart] INFO  o.e.m.j.i.AbstractJavaProjectConfigurator - Adding resource folder /heathy-bmi/src/test/resources
2025-10-04 10:32:11,583 [Worker-73: Creating maven-archetype-quickstart] INFO  o.e.m.c.i.p.ProjectConfigurationManager - Imported and configured 1 project(s) in 0 sec
2025-10-04 10:32:11,785 [Worker-76: Building] INFO  o.a.m.s.f.DefaultMavenResourcesFiltering - skip non existing resourceDirectory D:\BackendJava\My_Workspace\Space_Deep\Session01_Maven\heathy-bmi\src\main\resources
2025-10-04 10:32:11,789 [Worker-76: Building] INFO  o.a.m.s.f.DefaultMavenResourcesFiltering - skip non existing resourceDirectory D:\BackendJava\My_Workspace\Space_Deep\Session01_Maven\heathy-bmi\src\test\resources
2025-10-04 10:32:12,707 [Worker-71: Download sources and javadoc] INFO  o.e.m.c.i.e.AbstractTransferListenerAdapter - Downloading https://repo.maven.apache.org/maven2/junit/junit/3.8.1/junit-3.8.1-sources.jar
2025-10-04 10:32:12,759 [Worker-71: Download sources and javadoc] INFO  o.e.m.c.i.e.AbstractTransferListenerAdapter - Downloaded https://repo.maven.apache.org/maven2/junit/junit/3.8.1/junit-3.8.1-sources.jar
2025-10-04 10:32:12,762 [Worker-71: Download sources and javadoc] INFO  o.e.m.j.internal.DownloadSourcesJob - Downloaded sources for junit:junit:3.8.1
2025-10-04 10:32:35,431 [Worker-79: Building] INFO  o.a.m.s.f.DefaultMavenResourcesFiltering - skip non existing resourceDirectory D:\BackendJava\My_Workspace\Space_Deep\Session01_Maven\heathy-bmi\src\main\resources
2025-10-04 10:32:35,432 [Worker-79: Building] INFO  o.a.m.s.f.DefaultMavenResourcesFiltering - skip non existing resourceDirectory D:\BackendJava\My_Workspace\Space_Deep\Session01_Maven\heathy-bmi\src\test\resources
2025-10-04 10:34:48,935 [Worker-71: Building] INFO  o.e.m.c.i.l.LifecycleMappingFactory - Using org.eclipse.m2e.jdt.JarLifecycleMapping lifecycle mapping for MavenProject: com.jone.heath:heathy-bmi:0.0.1-SNAPSHOT @ D:\BackendJava\My_Workspace\Space_Deep\Session01_Maven\heathy-bmi\pom.xml.
2025-10-04 10:34:49,030 [Worker-71: Building] WARN  o.a.m.s.f.DefaultMavenResourcesFiltering - Using platform encoding (UTF-8 actually) to copy filtered resources, i.e. build is platform dependent!
2025-10-04 10:34:49,031 [Worker-71: Building] INFO  o.a.m.s.f.DefaultMavenResourcesFiltering - skip non existing resourceDirectory D:\BackendJava\My_Workspace\Space_Deep\Session01_Maven\heathy-bmi\src\main\resources
2025-10-04 10:34:49,034 [Worker-71: Building] WARN  o.a.m.s.f.DefaultMavenResourcesFiltering - Using platform encoding (UTF-8 actually) to copy filtered resources, i.e. build is platform dependent!
2025-10-04 10:34:49,034 [Worker-71: Building] INFO  o.a.m.s.f.DefaultMavenResourcesFiltering - skip non existing resourceDirectory D:\BackendJava\My_Workspace\Space_Deep\Session01_Maven\heathy-bmi\src\test\resources
2025-10-04 10:34:50,174 [Worker-78: Building] WARN  o.a.m.s.f.DefaultMavenResourcesFiltering - Using platform encoding (UTF-8 actually) to copy filtered resources, i.e. build is platform dependent!
2025-10-04 10:34:50,175 [Worker-78: Building] INFO  o.a.m.s.f.DefaultMavenResourcesFiltering - skip non existing resourceDirectory D:\BackendJava\My_Workspace\Space_Deep\Session01_Maven\heathy-bmi\src\main\resources
2025-10-04 10:34:50,176 [Worker-78: Building] WARN  o.a.m.s.f.DefaultMavenResourcesFiltering - Using platform encoding (UTF-8 actually) to copy filtered resources, i.e. build is platform dependent!
2025-10-04 10:34:50,177 [Worker-78: Building] INFO  o.a.m.s.f.DefaultMavenResourcesFiltering - skip non existing resourceDirectory D:\BackendJava\My_Workspace\Space_Deep\Session01_Maven\heathy-bmi\src\test\resources
2025-10-04 10:34:50,778 [Worker-79: Download sources and javadoc] INFO  o.e.m.c.i.e.AbstractTransferListenerAdapter - Downloaded https://repo.maven.apache.org/maven2/com/jone/heath/bmi/10.44/bmi-10.44-sources.jar
2025-10-04 10:34:50,782 [Worker-79: Download sources and javadoc] ERROR o.e.m.j.internal.DownloadSourcesJob - Could not download sources for com.jone.heath:bmi:10.44
org.eclipse.core.runtime.CoreException: Could not resolve artifact com.jone.heath:bmi:jar:sources:10.44
	at org.eclipse.m2e.core.internal.embedder.MavenImpl.lambda$7(MavenImpl.java:540)
	at org.eclipse.m2e.core.internal.embedder.MavenExecutionContext.executeBare(MavenExecutionContext.java:458)
	at org.eclipse.m2e.core.internal.embedder.MavenExecutionContext.execute(MavenExecutionContext.java:292)
	at org.eclipse.m2e.core.internal.embedder.MavenExecutionContext.execute(MavenExecutionContext.java:278)
	at org.eclipse.m2e.core.internal.embedder.MavenImpl.resolve(MavenImpl.java:509)
	at org.eclipse.m2e.core.internal.embedder.MavenImpl.resolve(MavenImpl.java:494)
	at org.eclipse.m2e.jdt.internal.DownloadSourcesJob.download(DownloadSourcesJob.java:308)
	at org.eclipse.m2e.jdt.internal.DownloadSourcesJob.downloadAttachments(DownloadSourcesJob.java:282)
	at org.eclipse.m2e.jdt.internal.DownloadSourcesJob.downloadMaven(DownloadSourcesJob.java:252)
	at org.eclipse.m2e.jdt.internal.DownloadSourcesJob.downloadFilesAndPopulateToUpdate(DownloadSourcesJob.java:220)
	at org.eclipse.m2e.jdt.internal.DownloadSourcesJob.lambda$0(DownloadSourcesJob.java:149)
	at org.eclipse.m2e.core.internal.embedder.MavenExecutionContext.executeBare(MavenExecutionContext.java:458)
	at org.eclipse.m2e.core.internal.embedder.MavenExecutionContext.execute(MavenExecutionContext.java:339)
	at org.eclipse.m2e.core.internal.embedder.MavenExecutionContext.execute(MavenExecutionContext.java:278)
	at org.eclipse.m2e.core.embedder.IMaven.execute(IMaven.java:300)
	at org.eclipse.m2e.jdt.internal.DownloadSourcesJob.run(DownloadSourcesJob.java:149)
	at org.eclipse.core.internal.jobs.Worker.run(Worker.java:63)
2025-10-04 10:35:15,615 [Worker-78: Building] WARN  o.a.m.s.f.DefaultMavenResourcesFiltering - Using platform encoding (UTF-8 actually) to copy filtered resources, i.e. build is platform dependent!
2025-10-04 10:35:15,615 [Worker-78: Building] INFO  o.a.m.s.f.DefaultMavenResourcesFiltering - skip non existing resourceDirectory D:\BackendJava\My_Workspace\Space_Deep\Session01_Maven\heathy-bmi\src\main\resources
2025-10-04 10:35:15,617 [Worker-78: Building] WARN  o.a.m.s.f.DefaultMavenResourcesFiltering - Using platform encoding (UTF-8 actually) to copy filtered resources, i.e. build is platform dependent!
2025-10-04 10:35:15,617 [Worker-78: Building] INFO  o.a.m.s.f.DefaultMavenResourcesFiltering - skip non existing resourceDirectory D:\BackendJava\My_Workspace\Space_Deep\Session01_Maven\heathy-bmi\src\test\resources
2025-10-04 10:37:08,880 [Worker-79: Download sources and javadoc] INFO  o.e.m.c.i.e.AbstractTransferListenerAdapter - Downloaded https://repo.maven.apache.org/maven2/com/jone/heath/bmi/10.44/bmi-10.44-javadoc.jar
2025-10-04 10:37:08,882 [Worker-79: Download sources and javadoc] ERROR o.e.m.j.internal.DownloadSourcesJob - Could not download javadoc for com.jone.heath:bmi:10.44
org.eclipse.core.runtime.CoreException: Could not resolve artifact com.jone.heath:bmi:jar:javadoc:10.44
	at org.eclipse.m2e.core.internal.embedder.MavenImpl.lambda$7(MavenImpl.java:540)
	at org.eclipse.m2e.core.internal.embedder.MavenExecutionContext.executeBare(MavenExecutionContext.java:458)
	at org.eclipse.m2e.core.internal.embedder.MavenExecutionContext.execute(MavenExecutionContext.java:292)
	at org.eclipse.m2e.core.internal.embedder.MavenExecutionContext.execute(MavenExecutionContext.java:278)
	at org.eclipse.m2e.core.internal.embedder.MavenImpl.resolve(MavenImpl.java:509)
	at org.eclipse.m2e.core.internal.embedder.MavenImpl.resolve(MavenImpl.java:494)
	at org.eclipse.m2e.jdt.internal.DownloadSourcesJob.download(DownloadSourcesJob.java:308)
	at org.eclipse.m2e.jdt.internal.DownloadSourcesJob.downloadAttachments(DownloadSourcesJob.java:294)
	at org.eclipse.m2e.jdt.internal.DownloadSourcesJob.downloadMaven(DownloadSourcesJob.java:252)
	at org.eclipse.m2e.jdt.internal.DownloadSourcesJob.downloadFilesAndPopulateToUpdate(DownloadSourcesJob.java:220)
	at org.eclipse.m2e.jdt.internal.DownloadSourcesJob.lambda$0(DownloadSourcesJob.java:149)
	at org.eclipse.m2e.core.internal.embedder.MavenExecutionContext.executeBare(MavenExecutionContext.java:458)
	at org.eclipse.m2e.core.internal.embedder.MavenExecutionContext.execute(MavenExecutionContext.java:339)
	at org.eclipse.m2e.core.internal.embedder.MavenExecutionContext.execute(MavenExecutionContext.java:278)
	at org.eclipse.m2e.core.embedder.IMaven.execute(IMaven.java:300)
	at org.eclipse.m2e.jdt.internal.DownloadSourcesJob.run(DownloadSourcesJob.java:149)
	at org.eclipse.core.internal.jobs.Worker.run(Worker.java:63)
2025-10-04 10:38:43,486 [Worker-71: Updating Maven Dependencies] INFO  o.e.m.c.i.l.LifecycleMappingFactory - Using org.eclipse.m2e.jdt.JarLifecycleMapping lifecycle mapping for MavenProject: com.jone.heath:bmi:10.44 @ D:\BackendJava\My_Workspace\Space_Deep\Session01_Maven\bmi\pom.xml.
2025-10-04 10:38:43,533 [Worker-71: Updating Maven Dependencies] INFO  o.e.m.c.i.l.LifecycleMappingFactory - Using org.eclipse.m2e.jdt.JarLifecycleMapping lifecycle mapping for MavenProject: com.jone.heath:heathy-bmi:0.0.1-SNAPSHOT @ D:\BackendJava\My_Workspace\Space_Deep\Session01_Maven\heathy-bmi\pom.xml.
2025-10-04 10:38:43,545 [Worker-71: Updating Maven Dependencies] INFO  o.e.m.c.i.p.WorkspaceClassifierResolverManager - Resolving P/bmi: com.jone.heath:bmi:10.44 with classifier  to /bmi/target/classes
2025-10-04 10:38:43,800 [Worker-71: Building] WARN  o.a.m.s.f.DefaultMavenResourcesFiltering - Using platform encoding (UTF-8 actually) to copy filtered resources, i.e. build is platform dependent!
2025-10-04 10:38:43,801 [Worker-71: Building] INFO  o.a.m.s.f.DefaultMavenResourcesFiltering - skip non existing resourceDirectory D:\BackendJava\My_Workspace\Space_Deep\Session01_Maven\heathy-bmi\src\main\resources
2025-10-04 10:38:43,807 [Worker-71: Building] WARN  o.a.m.s.f.DefaultMavenResourcesFiltering - Using platform encoding (UTF-8 actually) to copy filtered resources, i.e. build is platform dependent!
2025-10-04 10:38:43,808 [Worker-71: Building] INFO  o.a.m.s.f.DefaultMavenResourcesFiltering - skip non existing resourceDirectory D:\BackendJava\My_Workspace\Space_Deep\Session01_Maven\heathy-bmi\src\test\resources
2025-10-04 10:39:25,579 [Worker-80: Updating Maven Dependencies] INFO  o.e.m.c.i.l.LifecycleMappingFactory - Using org.eclipse.m2e.jdt.JarLifecycleMapping lifecycle mapping for MavenProject: com.jone.heath:heathy-bmi:0.0.1-SNAPSHOT @ D:\BackendJava\My_Workspace\Space_Deep\Session01_Maven\heathy-bmi\pom.xml.
2025-10-04 10:39:25,728 [Worker-82: Building] WARN  o.a.m.s.f.DefaultMavenResourcesFiltering - Using platform encoding (UTF-8 actually) to copy filtered resources, i.e. build is platform dependent!
2025-10-04 10:39:25,728 [Worker-82: Building] INFO  o.a.m.s.f.DefaultMavenResourcesFiltering - skip non existing resourceDirectory D:\BackendJava\My_Workspace\Space_Deep\Session01_Maven\heathy-bmi\src\main\resources
2025-10-04 10:39:25,730 [Worker-82: Building] WARN  o.a.m.s.f.DefaultMavenResourcesFiltering - Using platform encoding (UTF-8 actually) to copy filtered resources, i.e. build is platform dependent!
2025-10-04 10:39:25,730 [Worker-82: Building] INFO  o.a.m.s.f.DefaultMavenResourcesFiltering - skip non existing resourceDirectory D:\BackendJava\My_Workspace\Space_Deep\Session01_Maven\heathy-bmi\src\test\resources
2025-10-04 10:49:14,349 [Worker-84: Updating Maven Project] INFO  o.e.m.c.i.p.ProjectConfigurationManager - Update started
2025-10-04 10:49:14,433 [Worker-84: Updating Maven Project] INFO  o.e.m.c.i.l.LifecycleMappingFactory - Using org.eclipse.m2e.jdt.JarLifecycleMapping lifecycle mapping for MavenProject: com.jone.heath:heathy-bmi:0.0.1-SNAPSHOT @ D:\BackendJava\My_Workspace\Space_Deep\Session01_Maven\heathy-bmi\pom.xml.
2025-10-04 10:49:14,497 [Worker-84: Updating Maven Project] INFO  o.e.m.j.i.AbstractJavaProjectConfigurator - Adding source folder /heathy-bmi/src/main/java
2025-10-04 10:49:14,498 [Worker-84: Updating Maven Project] INFO  o.e.m.j.i.AbstractJavaProjectConfigurator - Adding resource folder /heathy-bmi/src/main/resources
2025-10-04 10:49:14,500 [Worker-84: Updating Maven Project] INFO  o.e.m.j.i.AbstractJavaProjectConfigurator - Adding source folder /heathy-bmi/src/test/java
2025-10-04 10:49:14,500 [Worker-84: Updating Maven Project] INFO  o.e.m.j.i.AbstractJavaProjectConfigurator - Adding resource folder /heathy-bmi/src/test/resources
2025-10-04 10:49:14,659 [Worker-84: Updating Maven Project] INFO  o.e.m.c.i.p.ProjectConfigurationManager - Update completed for 1 poms: local refresh takes 0.00 sec, refresh facades takes 0.00 sec, update config takes 0.00 sec 
2025-10-04 10:49:14,787 [Worker-87: Building] WARN  o.a.m.s.f.DefaultMavenResourcesFiltering - Using platform encoding (UTF-8 actually) to copy filtered resources, i.e. build is platform dependent!
2025-10-04 10:49:14,788 [Worker-87: Building] INFO  o.a.m.s.f.DefaultMavenResourcesFiltering - skip non existing resourceDirectory D:\BackendJava\My_Workspace\Space_Deep\Session01_Maven\heathy-bmi\src\main\resources
2025-10-04 10:49:14,789 [Worker-87: Building] WARN  o.a.m.s.f.DefaultMavenResourcesFiltering - Using platform encoding (UTF-8 actually) to copy filtered resources, i.e. build is platform dependent!
2025-10-04 10:49:14,790 [Worker-87: Building] INFO  o.a.m.s.f.DefaultMavenResourcesFiltering - skip non existing resourceDirectory D:\BackendJava\My_Workspace\Space_Deep\Session01_Maven\heathy-bmi\src\test\resources
2025-10-04 10:49:15,785 [Worker-88: Download sources and javadoc] INFO  o.e.m.c.i.e.AbstractTransferListenerAdapter - Downloaded https://repo.maven.apache.org/maven2/com/jone/heath/bmi/10.44/bmi-10.44-sources.jar
2025-10-04 10:49:15,789 [Worker-88: Download sources and javadoc] ERROR o.e.m.j.internal.DownloadSourcesJob - Could not download sources for com.jone.heath:bmi:10.44
org.eclipse.core.runtime.CoreException: Could not resolve artifact com.jone.heath:bmi:jar:sources:10.44
	at org.eclipse.m2e.core.internal.embedder.MavenImpl.lambda$7(MavenImpl.java:540)
	at org.eclipse.m2e.core.internal.embedder.MavenExecutionContext.executeBare(MavenExecutionContext.java:458)
	at org.eclipse.m2e.core.internal.embedder.MavenExecutionContext.execute(MavenExecutionContext.java:292)
	at org.eclipse.m2e.core.internal.embedder.MavenExecutionContext.execute(MavenExecutionContext.java:278)
	at org.eclipse.m2e.core.internal.embedder.MavenImpl.resolve(MavenImpl.java:509)
	at org.eclipse.m2e.core.internal.embedder.MavenImpl.resolve(MavenImpl.java:494)
	at org.eclipse.m2e.jdt.internal.DownloadSourcesJob.download(DownloadSourcesJob.java:308)
	at org.eclipse.m2e.jdt.internal.DownloadSourcesJob.downloadAttachments(DownloadSourcesJob.java:282)
	at org.eclipse.m2e.jdt.internal.DownloadSourcesJob.downloadMaven(DownloadSourcesJob.java:252)
	at org.eclipse.m2e.jdt.internal.DownloadSourcesJob.downloadFilesAndPopulateToUpdate(DownloadSourcesJob.java:220)
	at org.eclipse.m2e.jdt.internal.DownloadSourcesJob.lambda$0(DownloadSourcesJob.java:149)
	at org.eclipse.m2e.core.internal.embedder.MavenExecutionContext.executeBare(MavenExecutionContext.java:458)
	at org.eclipse.m2e.core.internal.embedder.MavenExecutionContext.execute(MavenExecutionContext.java:339)
	at org.eclipse.m2e.core.internal.embedder.MavenExecutionContext.execute(MavenExecutionContext.java:278)
	at org.eclipse.m2e.core.embedder.IMaven.execute(IMaven.java:300)
	at org.eclipse.m2e.jdt.internal.DownloadSourcesJob.run(DownloadSourcesJob.java:149)
	at org.eclipse.core.internal.jobs.Worker.run(Worker.java:63)
2025-10-04 10:49:25,829 [Worker-85: Download sources and javadoc] INFO  o.e.m.c.i.e.AbstractTransferListenerAdapter - Downloaded https://repo.maven.apache.org/maven2/com/jone/heath/bmi/10.44/bmi-10.44-javadoc.jar
2025-10-04 10:49:25,832 [Worker-85: Download sources and javadoc] ERROR o.e.m.j.internal.DownloadSourcesJob - Could not download javadoc for com.jone.heath:bmi:10.44
org.eclipse.core.runtime.CoreException: Could not resolve artifact com.jone.heath:bmi:jar:javadoc:10.44
	at org.eclipse.m2e.core.internal.embedder.MavenImpl.lambda$7(MavenImpl.java:540)
	at org.eclipse.m2e.core.internal.embedder.MavenExecutionContext.executeBare(MavenExecutionContext.java:458)
	at org.eclipse.m2e.core.internal.embedder.MavenExecutionContext.execute(MavenExecutionContext.java:292)
	at org.eclipse.m2e.core.internal.embedder.MavenExecutionContext.execute(MavenExecutionContext.java:278)
	at org.eclipse.m2e.core.internal.embedder.MavenImpl.resolve(MavenImpl.java:509)
	at org.eclipse.m2e.core.internal.embedder.MavenImpl.resolve(MavenImpl.java:494)
	at org.eclipse.m2e.jdt.internal.DownloadSourcesJob.download(DownloadSourcesJob.java:308)
	at org.eclipse.m2e.jdt.internal.DownloadSourcesJob.downloadAttachments(DownloadSourcesJob.java:294)
	at org.eclipse.m2e.jdt.internal.DownloadSourcesJob.downloadMaven(DownloadSourcesJob.java:252)
	at org.eclipse.m2e.jdt.internal.DownloadSourcesJob.downloadFilesAndPopulateToUpdate(DownloadSourcesJob.java:220)
	at org.eclipse.m2e.jdt.internal.DownloadSourcesJob.lambda$0(DownloadSourcesJob.java:149)
	at org.eclipse.m2e.core.internal.embedder.MavenExecutionContext.executeBare(MavenExecutionContext.java:458)
	at org.eclipse.m2e.core.internal.embedder.MavenExecutionContext.execute(MavenExecutionContext.java:339)
	at org.eclipse.m2e.core.internal.embedder.MavenExecutionContext.execute(MavenExecutionContext.java:278)
	at org.eclipse.m2e.core.embedder.IMaven.execute(IMaven.java:300)
	at org.eclipse.m2e.jdt.internal.DownloadSourcesJob.run(DownloadSourcesJob.java:149)
	at org.eclipse.core.internal.jobs.Worker.run(Worker.java:63)
2025-10-04 10:49:58,231 [Worker-89: Updating Maven Dependencies] INFO  o.e.m.c.i.l.LifecycleMappingFactory - Using org.eclipse.m2e.jdt.JarLifecycleMapping lifecycle mapping for MavenProject: com.jone.heath:bmi:10.44 @ D:\BackendJava\My_Workspace\Space_Deep\Session01_Maven\bmi\pom.xml.
2025-10-04 10:49:58,270 [Worker-89: Updating Maven Dependencies] INFO  o.e.m.c.i.l.LifecycleMappingFactory - Using org.eclipse.m2e.jdt.JarLifecycleMapping lifecycle mapping for MavenProject: com.jone.heath:heathy-bmi:0.0.1-SNAPSHOT @ D:\BackendJava\My_Workspace\Space_Deep\Session01_Maven\heathy-bmi\pom.xml.
2025-10-04 10:49:58,274 [Worker-89: Updating Maven Dependencies] INFO  o.e.m.c.i.p.WorkspaceClassifierResolverManager - Resolving P/bmi: com.jone.heath:bmi:10.44 with classifier  to /bmi/target/classes
2025-10-04 10:49:58,574 [Worker-89: Building] WARN  o.a.m.s.f.DefaultMavenResourcesFiltering - Using platform encoding (UTF-8 actually) to copy filtered resources, i.e. build is platform dependent!
2025-10-04 10:49:58,575 [Worker-89: Building] INFO  o.a.m.s.f.DefaultMavenResourcesFiltering - skip non existing resourceDirectory D:\BackendJava\My_Workspace\Space_Deep\Session01_Maven\bmi\src\main\resources
2025-10-04 10:49:58,581 [Worker-89: Building] WARN  o.a.m.s.f.DefaultMavenResourcesFiltering - Using platform encoding (UTF-8 actually) to copy filtered resources, i.e. build is platform dependent!
2025-10-04 10:49:58,582 [Worker-89: Building] INFO  o.a.m.s.f.DefaultMavenResourcesFiltering - skip non existing resourceDirectory D:\BackendJava\My_Workspace\Space_Deep\Session01_Maven\bmi\src\test\resources
2025-10-04 10:49:58,624 [Worker-89: Building] WARN  o.a.m.s.f.DefaultMavenResourcesFiltering - Using platform encoding (UTF-8 actually) to copy filtered resources, i.e. build is platform dependent!
2025-10-04 10:49:58,624 [Worker-89: Building] INFO  o.a.m.s.f.DefaultMavenResourcesFiltering - skip non existing resourceDirectory D:\BackendJava\My_Workspace\Space_Deep\Session01_Maven\heathy-bmi\src\main\resources
2025-10-04 10:49:58,626 [Worker-89: Building] WARN  o.a.m.s.f.DefaultMavenResourcesFiltering - Using platform encoding (UTF-8 actually) to copy filtered resources, i.e. build is platform dependent!
2025-10-04 10:49:58,626 [Worker-89: Building] INFO  o.a.m.s.f.DefaultMavenResourcesFiltering - skip non existing resourceDirectory D:\BackendJava\My_Workspace\Space_Deep\Session01_Maven\heathy-bmi\src\test\resources
2025-10-04 10:50:27,376 [Worker-89: Updating Maven Dependencies] INFO  o.e.m.c.i.l.LifecycleMappingFactory - Using org.eclipse.m2e.jdt.JarLifecycleMapping lifecycle mapping for MavenProject: com.jone.heath:heathy-bmi:0.0.1-SNAPSHOT @ D:\BackendJava\My_Workspace\Space_Deep\Session01_Maven\heathy-bmi\pom.xml.
2025-10-04 10:50:27,528 [Worker-88: Building] WARN  o.a.m.s.f.DefaultMavenResourcesFiltering - Using platform encoding (UTF-8 actually) to copy filtered resources, i.e. build is platform dependent!
2025-10-04 10:50:27,529 [Worker-88: Building] INFO  o.a.m.s.f.DefaultMavenResourcesFiltering - skip non existing resourceDirectory D:\BackendJava\My_Workspace\Space_Deep\Session01_Maven\heathy-bmi\src\main\resources
2025-10-04 10:50:27,530 [Worker-88: Building] WARN  o.a.m.s.f.DefaultMavenResourcesFiltering - Using platform encoding (UTF-8 actually) to copy filtered resources, i.e. build is platform dependent!
2025-10-04 10:50:27,530 [Worker-88: Building] INFO  o.a.m.s.f.DefaultMavenResourcesFiltering - skip non existing resourceDirectory D:\BackendJava\My_Workspace\Space_Deep\Session01_Maven\heathy-bmi\src\test\resources
2025-10-04 10:52:01,433 [Worker-90: Building] INFO  o.e.m.c.i.l.LifecycleMappingFactory - Using org.eclipse.m2e.jdt.JarLifecycleMapping lifecycle mapping for MavenProject: com.jone.heath:heathy-bmi:10.44 @ D:\BackendJava\My_Workspace\Space_Deep\Session01_Maven\heathy-bmi\pom.xml.
2025-10-04 10:52:01,452 [Worker-90: Building] WARN  o.a.m.s.f.DefaultMavenResourcesFiltering - Using platform encoding (UTF-8 actually) to copy filtered resources, i.e. build is platform dependent!
2025-10-04 10:52:01,453 [Worker-90: Building] INFO  o.a.m.s.f.DefaultMavenResourcesFiltering - skip non existing resourceDirectory D:\BackendJava\My_Workspace\Space_Deep\Session01_Maven\heathy-bmi\src\main\resources
2025-10-04 10:52:01,454 [Worker-90: Building] WARN  o.a.m.s.f.DefaultMavenResourcesFiltering - Using platform encoding (UTF-8 actually) to copy filtered resources, i.e. build is platform dependent!
2025-10-04 10:52:01,456 [Worker-90: Building] INFO  o.a.m.s.f.DefaultMavenResourcesFiltering - skip non existing resourceDirectory D:\BackendJava\My_Workspace\Space_Deep\Session01_Maven\heathy-bmi\src\test\resources
2025-10-04 10:53:06,416 [Worker-92: Updating Maven Dependencies] INFO  o.e.m.c.i.l.LifecycleMappingFactory - Using org.eclipse.m2e.jdt.JarLifecycleMapping lifecycle mapping for MavenProject: com.jone.heath:bmi:10.44 @ D:\BackendJava\My_Workspace\Space_Deep\Session01_Maven\bmi\pom.xml.
2025-10-04 10:53:06,449 [Worker-92: Updating Maven Dependencies] INFO  o.e.m.c.i.l.LifecycleMappingFactory - Using org.eclipse.m2e.jdt.JarLifecycleMapping lifecycle mapping for MavenProject: com.jone.heath:heathy-bmi:10.44 @ D:\BackendJava\My_Workspace\Space_Deep\Session01_Maven\heathy-bmi\pom.xml.
2025-10-04 10:53:06,452 [Worker-92: Updating Maven Dependencies] INFO  o.e.m.c.i.p.WorkspaceClassifierResolverManager - Resolving P/bmi: com.jone.heath:bmi:10.44 with classifier  to /bmi/target/classes
2025-10-04 10:53:06,635 [Worker-90: Building] WARN  o.a.m.s.f.DefaultMavenResourcesFiltering - Using platform encoding (UTF-8 actually) to copy filtered resources, i.e. build is platform dependent!
2025-10-04 10:53:06,636 [Worker-90: Building] INFO  o.a.m.s.f.DefaultMavenResourcesFiltering - skip non existing resourceDirectory D:\BackendJava\My_Workspace\Space_Deep\Session01_Maven\heathy-bmi\src\main\resources
2025-10-04 10:53:06,638 [Worker-90: Building] WARN  o.a.m.s.f.DefaultMavenResourcesFiltering - Using platform encoding (UTF-8 actually) to copy filtered resources, i.e. build is platform dependent!
2025-10-04 10:53:06,639 [Worker-90: Building] INFO  o.a.m.s.f.DefaultMavenResourcesFiltering - skip non existing resourceDirectory D:\BackendJava\My_Workspace\Space_Deep\Session01_Maven\heathy-bmi\src\test\resources
2025-10-04 10:53:07,707 [Worker-90: Building] WARN  o.a.m.s.f.DefaultMavenResourcesFiltering - Using platform encoding (UTF-8 actually) to copy filtered resources, i.e. build is platform dependent!
2025-10-04 10:53:07,707 [Worker-90: Building] INFO  o.a.m.s.f.DefaultMavenResourcesFiltering - skip non existing resourceDirectory D:\BackendJava\My_Workspace\Space_Deep\Session01_Maven\heathy-bmi\src\main\resources
2025-10-04 10:53:07,709 [Worker-90: Building] WARN  o.a.m.s.f.DefaultMavenResourcesFiltering - Using platform encoding (UTF-8 actually) to copy filtered resources, i.e. build is platform dependent!
2025-10-04 10:53:07,709 [Worker-90: Building] INFO  o.a.m.s.f.DefaultMavenResourcesFiltering - skip non existing resourceDirectory D:\BackendJava\My_Workspace\Space_Deep\Session01_Maven\heathy-bmi\src\test\resources
2025-10-04 10:53:13,794 [Worker-88: Building] INFO  o.e.m.c.i.l.LifecycleMappingFactory - Using org.eclipse.m2e.jdt.JarLifecycleMapping lifecycle mapping for MavenProject: com.jone.heath:heathy-bmi:10.44 @ D:\BackendJava\My_Workspace\Space_Deep\Session01_Maven\heathy-bmi\pom.xml.
2025-10-04 10:53:13,797 [Worker-88: Building] INFO  o.e.m.c.i.p.WorkspaceClassifierResolverManager - Resolving P/bmi: com.jone.heath:bmi:10.44 with classifier  to /bmi/target/classes
2025-10-04 10:53:13,814 [Worker-88: Building] WARN  o.a.m.s.f.DefaultMavenResourcesFiltering - Using platform encoding (UTF-8 actually) to copy filtered resources, i.e. build is platform dependent!
2025-10-04 10:53:13,815 [Worker-88: Building] INFO  o.a.m.s.f.DefaultMavenResourcesFiltering - skip non existing resourceDirectory D:\BackendJava\My_Workspace\Space_Deep\Session01_Maven\heathy-bmi\src\main\resources
2025-10-04 10:53:13,816 [Worker-88: Building] WARN  o.a.m.s.f.DefaultMavenResourcesFiltering - Using platform encoding (UTF-8 actually) to copy filtered resources, i.e. build is platform dependent!
2025-10-04 10:53:13,817 [Worker-88: Building] INFO  o.a.m.s.f.DefaultMavenResourcesFiltering - skip non existing resourceDirectory D:\BackendJava\My_Workspace\Space_Deep\Session01_Maven\heathy-bmi\src\test\resources
2025-10-04 10:53:54,805 [Worker-89: Updating Maven Dependencies] INFO  o.e.m.c.i.l.LifecycleMappingFactory - Using org.eclipse.m2e.jdt.JarLifecycleMapping lifecycle mapping for MavenProject: com.jone.heath:heathy-bmi:10.44 @ D:\BackendJava\My_Workspace\Space_Deep\Session01_Maven\heathy-bmi\pom.xml.
2025-10-04 10:53:55,017 [Worker-89: Building] WARN  o.a.m.s.f.DefaultMavenResourcesFiltering - Using platform encoding (UTF-8 actually) to copy filtered resources, i.e. build is platform dependent!
2025-10-04 10:53:55,017 [Worker-89: Building] INFO  o.a.m.s.f.DefaultMavenResourcesFiltering - skip non existing resourceDirectory D:\BackendJava\My_Workspace\Space_Deep\Session01_Maven\heathy-bmi\src\main\resources
2025-10-04 10:53:55,018 [Worker-89: Building] WARN  o.a.m.s.f.DefaultMavenResourcesFiltering - Using platform encoding (UTF-8 actually) to copy filtered resources, i.e. build is platform dependent!
2025-10-04 10:53:55,019 [Worker-89: Building] INFO  o.a.m.s.f.DefaultMavenResourcesFiltering - skip non existing resourceDirectory D:\BackendJava\My_Workspace\Space_Deep\Session01_Maven\heathy-bmi\src\test\resources
2025-10-04 10:54:32,807 [Worker-87: Updating Maven Dependencies] INFO  o.e.m.c.i.l.LifecycleMappingFactory - Using org.eclipse.m2e.jdt.JarLifecycleMapping lifecycle mapping for MavenProject: com.jone.heath:bmi:10.44 @ D:\BackendJava\My_Workspace\Space_Deep\Session01_Maven\bmi\pom.xml.
2025-10-04 10:54:32,853 [Worker-87: Updating Maven Dependencies] INFO  o.e.m.c.i.l.LifecycleMappingFactory - Using org.eclipse.m2e.jdt.JarLifecycleMapping lifecycle mapping for MavenProject: com.jone.heath:heathy-bmi:10.44 @ D:\BackendJava\My_Workspace\Space_Deep\Session01_Maven\heathy-bmi\pom.xml.
2025-10-04 10:54:32,856 [Worker-87: Updating Maven Dependencies] INFO  o.e.m.c.i.p.WorkspaceClassifierResolverManager - Resolving P/bmi: com.jone.heath:bmi:10.44 with classifier  to /bmi/target/classes
2025-10-04 10:54:33,094 [Worker-92: Building] WARN  o.a.m.s.f.DefaultMavenResourcesFiltering - Using platform encoding (UTF-8 actually) to copy filtered resources, i.e. build is platform dependent!
2025-10-04 10:54:33,095 [Worker-92: Building] INFO  o.a.m.s.f.DefaultMavenResourcesFiltering - skip non existing resourceDirectory D:\BackendJava\My_Workspace\Space_Deep\Session01_Maven\heathy-bmi\src\main\resources
2025-10-04 10:54:33,097 [Worker-92: Building] WARN  o.a.m.s.f.DefaultMavenResourcesFiltering - Using platform encoding (UTF-8 actually) to copy filtered resources, i.e. build is platform dependent!
2025-10-04 10:54:33,098 [Worker-92: Building] INFO  o.a.m.s.f.DefaultMavenResourcesFiltering - skip non existing resourceDirectory D:\BackendJava\My_Workspace\Space_Deep\Session01_Maven\heathy-bmi\src\test\resources
2025-10-04 10:54:44,319 [Worker-89: Updating Maven Dependencies] INFO  o.e.m.c.i.l.LifecycleMappingFactory - Using org.eclipse.m2e.jdt.JarLifecycleMapping lifecycle mapping for MavenProject: com.jone.heath:heathy-bmi:10.44 @ D:\BackendJava\My_Workspace\Space_Deep\Session01_Maven\heathy-bmi\pom.xml.
2025-10-04 10:54:44,472 [Worker-92: Building] WARN  o.a.m.s.f.DefaultMavenResourcesFiltering - Using platform encoding (UTF-8 actually) to copy filtered resources, i.e. build is platform dependent!
2025-10-04 10:54:44,473 [Worker-92: Building] INFO  o.a.m.s.f.DefaultMavenResourcesFiltering - skip non existing resourceDirectory D:\BackendJava\My_Workspace\Space_Deep\Session01_Maven\heathy-bmi\src\main\resources
2025-10-04 10:54:44,474 [Worker-92: Building] WARN  o.a.m.s.f.DefaultMavenResourcesFiltering - Using platform encoding (UTF-8 actually) to copy filtered resources, i.e. build is platform dependent!
2025-10-04 10:54:44,475 [Worker-92: Building] INFO  o.a.m.s.f.DefaultMavenResourcesFiltering - skip non existing resourceDirectory D:\BackendJava\My_Workspace\Space_Deep\Session01_Maven\heathy-bmi\src\test\resources
2025-10-04 10:55:01,013 [Worker-92: Updating Maven Project] INFO  o.e.m.c.i.p.ProjectConfigurationManager - Update started
2025-10-04 10:55:01,057 [Worker-92: Updating Maven Project] INFO  o.e.m.c.i.l.LifecycleMappingFactory - Using org.eclipse.m2e.jdt.JarLifecycleMapping lifecycle mapping for MavenProject: com.jone.heath:heathy-bmi:10.44 @ D:\BackendJava\My_Workspace\Space_Deep\Session01_Maven\heathy-bmi\pom.xml.
2025-10-04 10:55:01,082 [Worker-92: Updating Maven Project] INFO  o.e.m.j.i.AbstractJavaProjectConfigurator - Adding source folder /heathy-bmi/src/main/java
2025-10-04 10:55:01,084 [Worker-92: Updating Maven Project] INFO  o.e.m.j.i.AbstractJavaProjectConfigurator - Adding resource folder /heathy-bmi/src/main/resources
2025-10-04 10:55:01,086 [Worker-92: Updating Maven Project] INFO  o.e.m.j.i.AbstractJavaProjectConfigurator - Adding source folder /heathy-bmi/src/test/java
2025-10-04 10:55:01,087 [Worker-92: Updating Maven Project] INFO  o.e.m.j.i.AbstractJavaProjectConfigurator - Adding resource folder /heathy-bmi/src/test/resources
2025-10-04 10:55:01,116 [Worker-92: Updating Maven Project] INFO  o.e.m.c.i.p.ProjectConfigurationManager - Update completed for 1 poms: local refresh takes 0.00 sec, refresh facades takes 0.00 sec, update config takes 0.00 sec 
2025-10-04 10:55:01,248 [Worker-87: Building] WARN  o.a.m.s.f.DefaultMavenResourcesFiltering - Using platform encoding (UTF-8 actually) to copy filtered resources, i.e. build is platform dependent!
2025-10-04 10:55:01,249 [Worker-87: Building] INFO  o.a.m.s.f.DefaultMavenResourcesFiltering - skip non existing resourceDirectory D:\BackendJava\My_Workspace\Space_Deep\Session01_Maven\heathy-bmi\src\main\resources
2025-10-04 10:55:01,252 [Worker-87: Building] WARN  o.a.m.s.f.DefaultMavenResourcesFiltering - Using platform encoding (UTF-8 actually) to copy filtered resources, i.e. build is platform dependent!
2025-10-04 10:55:01,253 [Worker-87: Building] INFO  o.a.m.s.f.DefaultMavenResourcesFiltering - skip non existing resourceDirectory D:\BackendJava\My_Workspace\Space_Deep\Session01_Maven\heathy-bmi\src\test\resources
2025-10-04 11:02:34,563 [Worker-94: Building] WARN  o.a.m.s.f.DefaultMavenResourcesFiltering - Using platform encoding (UTF-8 actually) to copy filtered resources, i.e. build is platform dependent!
2025-10-04 11:02:34,565 [Worker-94: Building] INFO  o.a.m.s.f.DefaultMavenResourcesFiltering - skip non existing resourceDirectory D:\BackendJava\My_Workspace\Space_Deep\Session01_Maven\heathy-bmi\src\main\resources
2025-10-04 11:02:34,567 [Worker-94: Building] WARN  o.a.m.s.f.DefaultMavenResourcesFiltering - Using platform encoding (UTF-8 actually) to copy filtered resources, i.e. build is platform dependent!
2025-10-04 11:02:34,572 [Worker-94: Building] INFO  o.a.m.s.f.DefaultMavenResourcesFiltering - skip non existing resourceDirectory D:\BackendJava\My_Workspace\Space_Deep\Session01_Maven\heathy-bmi\src\test\resources
2025-10-04 11:02:38,986 [Worker-96: Building] WARN  o.a.m.s.f.DefaultMavenResourcesFiltering - Using platform encoding (UTF-8 actually) to copy filtered resources, i.e. build is platform dependent!
2025-10-04 11:02:38,986 [Worker-96: Building] INFO  o.a.m.s.f.DefaultMavenResourcesFiltering - skip non existing resourceDirectory D:\BackendJava\My_Workspace\Space_Deep\Session01_Maven\heathy-bmi\src\main\resources
2025-10-04 11:02:38,988 [Worker-96: Building] WARN  o.a.m.s.f.DefaultMavenResourcesFiltering - Using platform encoding (UTF-8 actually) to copy filtered resources, i.e. build is platform dependent!
2025-10-04 11:02:38,988 [Worker-96: Building] INFO  o.a.m.s.f.DefaultMavenResourcesFiltering - skip non existing resourceDirectory D:\BackendJava\My_Workspace\Space_Deep\Session01_Maven\heathy-bmi\src\test\resources
2025-10-04 11:03:29,702 [Worker-96: Launching App] WARN  o.a.m.s.f.DefaultMavenResourcesFiltering - Using platform encoding (UTF-8 actually) to copy filtered resources, i.e. build is platform dependent!
2025-10-04 11:03:29,703 [Worker-96: Launching App] INFO  o.a.m.s.f.DefaultMavenResourcesFiltering - skip non existing resourceDirectory D:\BackendJava\My_Workspace\Space_Deep\Session01_Maven\heathy-bmi\src\main\resources
2025-10-04 11:03:29,706 [Worker-96: Launching App] WARN  o.a.m.s.f.DefaultMavenResourcesFiltering - Using platform encoding (UTF-8 actually) to copy filtered resources, i.e. build is platform dependent!
2025-10-04 11:03:29,708 [Worker-96: Launching App] INFO  o.a.m.s.f.DefaultMavenResourcesFiltering - skip non existing resourceDirectory D:\BackendJava\My_Workspace\Space_Deep\Session01_Maven\heathy-bmi\src\test\resources
2025-10-04 11:03:41,503 [Worker-97: Updating Maven Dependencies] INFO  o.e.m.c.i.l.LifecycleMappingFactory - Using org.eclipse.m2e.jdt.JarLifecycleMapping lifecycle mapping for MavenProject: com.jone.heath:bmi:10.44 @ D:\BackendJava\My_Workspace\Space_Deep\Session01_Maven\bmi\pom.xml.
2025-10-04 11:03:41,534 [Worker-97: Updating Maven Dependencies] INFO  o.e.m.c.i.l.LifecycleMappingFactory - Using org.eclipse.m2e.jdt.JarLifecycleMapping lifecycle mapping for MavenProject: com.jone.heath:heathy-bmi:10.44 @ D:\BackendJava\My_Workspace\Space_Deep\Session01_Maven\heathy-bmi\pom.xml.
2025-10-04 11:03:41,537 [Worker-97: Updating Maven Dependencies] INFO  o.e.m.c.i.p.WorkspaceClassifierResolverManager - Resolving P/bmi: com.jone.heath:bmi:10.44 with classifier  to /bmi/target/classes
2025-10-04 11:03:41,737 [Worker-94: Building] WARN  o.a.m.s.f.DefaultMavenResourcesFiltering - Using platform encoding (UTF-8 actually) to copy filtered resources, i.e. build is platform dependent!
2025-10-04 11:03:41,739 [Worker-94: Building] INFO  o.a.m.s.f.DefaultMavenResourcesFiltering - skip non existing resourceDirectory D:\BackendJava\My_Workspace\Space_Deep\Session01_Maven\heathy-bmi\src\main\resources
2025-10-04 11:03:41,740 [Worker-94: Building] WARN  o.a.m.s.f.DefaultMavenResourcesFiltering - Using platform encoding (UTF-8 actually) to copy filtered resources, i.e. build is platform dependent!
2025-10-04 11:03:41,741 [Worker-94: Building] INFO  o.a.m.s.f.DefaultMavenResourcesFiltering - skip non existing resourceDirectory D:\BackendJava\My_Workspace\Space_Deep\Session01_Maven\heathy-bmi\src\test\resources
2025-10-04 11:04:30,261 [Worker-98: Building] WARN  o.a.m.s.f.DefaultMavenResourcesFiltering - Using platform encoding (UTF-8 actually) to copy filtered resources, i.e. build is platform dependent!
2025-10-04 11:04:30,262 [Worker-98: Building] INFO  o.a.m.s.f.DefaultMavenResourcesFiltering - skip non existing resourceDirectory D:\BackendJava\My_Workspace\Space_Deep\Session01_Maven\bmi\src\main\resources
2025-10-04 11:04:30,264 [Worker-98: Building] WARN  o.a.m.s.f.DefaultMavenResourcesFiltering - Using platform encoding (UTF-8 actually) to copy filtered resources, i.e. build is platform dependent!
2025-10-04 11:04:30,265 [Worker-98: Building] INFO  o.a.m.s.f.DefaultMavenResourcesFiltering - skip non existing resourceDirectory D:\BackendJava\My_Workspace\Space_Deep\Session01_Maven\bmi\src\test\resources
2025-10-04 11:04:33,746 [Worker-93: Launching App] INFO  o.e.m.c.i.p.WorkspaceClassifierResolverManager - Resolving P/bmi: com.jone.heath:bmi:10.44 with classifier null to /bmi/target/classes
2025-10-04 11:04:33,756 [Worker-93: Launching App] INFO  o.e.m.c.i.p.WorkspaceClassifierResolverManager - Resolving P/bmi: com.jone.heath:bmi:10.44 with classifier null to /bmi/target/classes
2025-10-04 11:04:33,759 [Worker-93: Launching App] INFO  o.e.m.c.i.p.WorkspaceClassifierResolverManager - Resolving P/bmi: com.jone.heath:bmi:10.44 with classifier null to /bmi/target/classes
2025-10-04 11:04:43,714 [Worker-95: Launching App] WARN  o.a.m.s.f.DefaultMavenResourcesFiltering - Using platform encoding (UTF-8 actually) to copy filtered resources, i.e. build is platform dependent!
2025-10-04 11:04:43,715 [Worker-95: Launching App] INFO  o.a.m.s.f.DefaultMavenResourcesFiltering - skip non existing resourceDirectory D:\BackendJava\My_Workspace\Space_Deep\Session01_Maven\heathy-bmi\src\main\resources
2025-10-04 11:04:43,718 [Worker-95: Launching App] WARN  o.a.m.s.f.DefaultMavenResourcesFiltering - Using platform encoding (UTF-8 actually) to copy filtered resources, i.e. build is platform dependent!
2025-10-04 11:04:43,719 [Worker-95: Launching App] INFO  o.a.m.s.f.DefaultMavenResourcesFiltering - skip non existing resourceDirectory D:\BackendJava\My_Workspace\Space_Deep\Session01_Maven\heathy-bmi\src\test\resources
2025-10-04 11:04:43,738 [Worker-95: Launching App] INFO  o.e.m.c.i.p.WorkspaceClassifierResolverManager - Resolving P/bmi: com.jone.heath:bmi:10.44 with classifier null to /bmi/target/classes
2025-10-04 11:04:43,743 [Worker-95: Launching App] INFO  o.e.m.c.i.p.WorkspaceClassifierResolverManager - Resolving P/bmi: com.jone.heath:bmi:10.44 with classifier null to /bmi/target/classes
2025-10-04 11:04:43,747 [Worker-95: Launching App] INFO  o.e.m.c.i.p.WorkspaceClassifierResolverManager - Resolving P/bmi: com.jone.heath:bmi:10.44 with classifier null to /bmi/target/classes
2025-10-04 11:04:52,926 [Worker-98: Launching App] WARN  o.a.m.s.f.DefaultMavenResourcesFiltering - Using platform encoding (UTF-8 actually) to copy filtered resources, i.e. build is platform dependent!
2025-10-04 11:04:52,927 [Worker-98: Launching App] INFO  o.a.m.s.f.DefaultMavenResourcesFiltering - skip non existing resourceDirectory D:\BackendJava\My_Workspace\Space_Deep\Session01_Maven\heathy-bmi\src\main\resources
2025-10-04 11:04:52,930 [Worker-98: Launching App] WARN  o.a.m.s.f.DefaultMavenResourcesFiltering - Using platform encoding (UTF-8 actually) to copy filtered resources, i.e. build is platform dependent!
2025-10-04 11:04:52,931 [Worker-98: Launching App] INFO  o.a.m.s.f.DefaultMavenResourcesFiltering - skip non existing resourceDirectory D:\BackendJava\My_Workspace\Space_Deep\Session01_Maven\heathy-bmi\src\test\resources
2025-10-04 11:04:52,948 [Worker-98: Launching App] INFO  o.e.m.c.i.p.WorkspaceClassifierResolverManager - Resolving P/bmi: com.jone.heath:bmi:10.44 with classifier null to /bmi/target/classes
2025-10-04 11:04:52,955 [Worker-98: Launching App] INFO  o.e.m.c.i.p.WorkspaceClassifierResolverManager - Resolving P/bmi: com.jone.heath:bmi:10.44 with classifier null to /bmi/target/classes
2025-10-04 11:04:52,959 [Worker-98: Launching App] INFO  o.e.m.c.i.p.WorkspaceClassifierResolverManager - Resolving P/bmi: com.jone.heath:bmi:10.44 with classifier null to /bmi/target/classes
2025-10-04 11:05:09,601 [Worker-93: Launching App] WARN  o.a.m.s.f.DefaultMavenResourcesFiltering - Using platform encoding (UTF-8 actually) to copy filtered resources, i.e. build is platform dependent!
2025-10-04 11:05:09,602 [Worker-93: Launching App] INFO  o.a.m.s.f.DefaultMavenResourcesFiltering - skip non existing resourceDirectory D:\BackendJava\My_Workspace\Space_Deep\Session01_Maven\heathy-bmi\src\main\resources
2025-10-04 11:05:09,607 [Worker-93: Launching App] WARN  o.a.m.s.f.DefaultMavenResourcesFiltering - Using platform encoding (UTF-8 actually) to copy filtered resources, i.e. build is platform dependent!
2025-10-04 11:05:09,608 [Worker-93: Launching App] INFO  o.a.m.s.f.DefaultMavenResourcesFiltering - skip non existing resourceDirectory D:\BackendJava\My_Workspace\Space_Deep\Session01_Maven\heathy-bmi\src\test\resources
2025-10-04 11:05:09,625 [Worker-93: Launching App] INFO  o.e.m.c.i.p.WorkspaceClassifierResolverManager - Resolving P/bmi: com.jone.heath:bmi:10.44 with classifier null to /bmi/target/classes
2025-10-04 11:05:09,629 [Worker-93: Launching App] INFO  o.e.m.c.i.p.WorkspaceClassifierResolverManager - Resolving P/bmi: com.jone.heath:bmi:10.44 with classifier null to /bmi/target/classes
2025-10-04 11:05:09,633 [Worker-93: Launching App] INFO  o.e.m.c.i.p.WorkspaceClassifierResolverManager - Resolving P/bmi: com.jone.heath:bmi:10.44 with classifier null to /bmi/target/classes
2025-10-04 15:23:34,750 [Worker-3: Loading available Gradle versions] INFO  o.e.b.c.i.u.g.PublishedGradleVersions - Gradle version information cache is up-to-date. Trying to read.
2025-10-04 15:31:46,579 [Worker-19: reload maven project] INFO  o.e.m.c.i.p.WorkspaceClassifierResolverManager - Resolving P/bmi: com.jone.heath:bmi:10.44 with classifier  to /bmi/target/classes
2025-10-04 15:44:06,623 [Worker-27: Building] WARN  o.a.m.s.f.DefaultMavenResourcesFiltering - Using platform encoding (UTF-8 actually) to copy filtered resources, i.e. build is platform dependent!
2025-10-04 15:44:06,624 [Worker-27: Building] INFO  o.a.m.s.f.DefaultMavenResourcesFiltering - skip non existing resourceDirectory D:\BackendJava\My_Workspace\Space_Deep\Session01_Maven\bmi\src\main\resources
2025-10-04 15:44:06,631 [Worker-27: Building] WARN  o.a.m.s.f.DefaultMavenResourcesFiltering - Using platform encoding (UTF-8 actually) to copy filtered resources, i.e. build is platform dependent!
2025-10-04 15:44:06,632 [Worker-27: Building] INFO  o.a.m.s.f.DefaultMavenResourcesFiltering - skip non existing resourceDirectory D:\BackendJava\My_Workspace\Space_Deep\Session01_Maven\bmi\src\test\resources
2025-10-04 15:44:28,112 [Worker-29: Building] WARN  o.a.m.s.f.DefaultMavenResourcesFiltering - Using platform encoding (UTF-8 actually) to copy filtered resources, i.e. build is platform dependent!
2025-10-04 15:44:28,113 [Worker-29: Building] INFO  o.a.m.s.f.DefaultMavenResourcesFiltering - skip non existing resourceDirectory D:\BackendJava\My_Workspace\Space_Deep\Session01_Maven\bmi\src\main\resources
2025-10-04 15:44:28,118 [Worker-29: Building] WARN  o.a.m.s.f.DefaultMavenResourcesFiltering - Using platform encoding (UTF-8 actually) to copy filtered resources, i.e. build is platform dependent!
2025-10-04 15:44:28,119 [Worker-29: Building] INFO  o.a.m.s.f.DefaultMavenResourcesFiltering - skip non existing resourceDirectory D:\BackendJava\My_Workspace\Space_Deep\Session01_Maven\bmi\src\test\resources
2025-10-04 15:44:28,289 [Worker-29: Building] WARN  o.a.m.s.f.DefaultMavenResourcesFiltering - Using platform encoding (UTF-8 actually) to copy filtered resources, i.e. build is platform dependent!
2025-10-04 15:44:28,290 [Worker-29: Building] INFO  o.a.m.s.f.DefaultMavenResourcesFiltering - skip non existing resourceDirectory D:\BackendJava\My_Workspace\Space_Deep\Session01_Maven\heathy-bmi\src\main\resources
2025-10-04 15:44:28,297 [Worker-29: Building] WARN  o.a.m.s.f.DefaultMavenResourcesFiltering - Using platform encoding (UTF-8 actually) to copy filtered resources, i.e. build is platform dependent!
2025-10-04 15:44:28,298 [Worker-29: Building] INFO  o.a.m.s.f.DefaultMavenResourcesFiltering - skip non existing resourceDirectory D:\BackendJava\My_Workspace\Space_Deep\Session01_Maven\heathy-bmi\src\test\resources
2025-10-04 15:44:57,427 [Worker-25: Building] WARN  o.a.m.s.f.DefaultMavenResourcesFiltering - Using platform encoding (UTF-8 actually) to copy filtered resources, i.e. build is platform dependent!
2025-10-04 15:44:57,428 [Worker-25: Building] INFO  o.a.m.s.f.DefaultMavenResourcesFiltering - skip non existing resourceDirectory D:\BackendJava\My_Workspace\Space_Deep\Session01_Maven\bmi\src\main\resources
2025-10-04 15:44:57,433 [Worker-25: Building] WARN  o.a.m.s.f.DefaultMavenResourcesFiltering - Using platform encoding (UTF-8 actually) to copy filtered resources, i.e. build is platform dependent!
2025-10-04 15:44:57,433 [Worker-25: Building] INFO  o.a.m.s.f.DefaultMavenResourcesFiltering - skip non existing resourceDirectory D:\BackendJava\My_Workspace\Space_Deep\Session01_Maven\bmi\src\test\resources
2025-10-04 15:45:50,289 [Worker-25: Building] WARN  o.a.m.s.f.DefaultMavenResourcesFiltering - Using platform encoding (UTF-8 actually) to copy filtered resources, i.e. build is platform dependent!
2025-10-04 15:45:50,290 [Worker-25: Building] INFO  o.a.m.s.f.DefaultMavenResourcesFiltering - skip non existing resourceDirectory D:\BackendJava\My_Workspace\Space_Deep\Session01_Maven\bmi\src\main\resources
2025-10-04 15:45:50,292 [Worker-25: Building] WARN  o.a.m.s.f.DefaultMavenResourcesFiltering - Using platform encoding (UTF-8 actually) to copy filtered resources, i.e. build is platform dependent!
2025-10-04 15:45:50,293 [Worker-25: Building] INFO  o.a.m.s.f.DefaultMavenResourcesFiltering - skip non existing resourceDirectory D:\BackendJava\My_Workspace\Space_Deep\Session01_Maven\bmi\src\test\resources
2025-10-04 15:46:13,388 [Worker-26: Updating Maven Dependencies] INFO  o.e.m.c.i.l.LifecycleMappingFactory - Using org.eclipse.m2e.jdt.JarLifecycleMapping lifecycle mapping for MavenProject: com.jone.heath:heathy-bmi:10.44 @ D:\BackendJava\My_Workspace\Space_Deep\Session01_Maven\heathy-bmi\pom.xml.
2025-10-04 15:46:14,007 [Worker-26: Building] WARN  o.a.m.s.f.DefaultMavenResourcesFiltering - Using platform encoding (UTF-8 actually) to copy filtered resources, i.e. build is platform dependent!
2025-10-04 15:46:14,008 [Worker-26: Building] INFO  o.a.m.s.f.DefaultMavenResourcesFiltering - skip non existing resourceDirectory D:\BackendJava\My_Workspace\Space_Deep\Session01_Maven\heathy-bmi\src\main\resources
2025-10-04 15:46:14,022 [Worker-26: Building] WARN  o.a.m.s.f.DefaultMavenResourcesFiltering - Using platform encoding (UTF-8 actually) to copy filtered resources, i.e. build is platform dependent!
2025-10-04 15:46:14,023 [Worker-26: Building] INFO  o.a.m.s.f.DefaultMavenResourcesFiltering - skip non existing resourceDirectory D:\BackendJava\My_Workspace\Space_Deep\Session01_Maven\heathy-bmi\src\test\resources
2025-10-04 15:47:20,270 [Worker-28: Launching mavenrun-b2db2da2-5c41-48ec-ba0b-8bd45b137e70] INFO  o.eclipse.m2e.core.internal.Bundles - getClasspathEntries(Bundle=org.eclipse.m2e.maven.runtime_3.9.900.20240824-1409 [640])
2025-10-04 15:47:20,271 [Worker-28: Launching mavenrun-b2db2da2-5c41-48ec-ba0b-8bd45b137e70] INFO  o.eclipse.m2e.core.internal.Bundles - 	Entry: C:\Users\PHAN ANH TUAN\.p2\pool\plugins\org.eclipse.m2e.maven.runtime_3.9.900.20240824-1409
2025-10-04 15:47:20,271 [Worker-28: Launching mavenrun-b2db2da2-5c41-48ec-ba0b-8bd45b137e70] INFO  o.eclipse.m2e.core.internal.Bundles - 	Entry: C:\Users\PHAN ANH TUAN\.p2\pool\plugins\org.eclipse.m2e.maven.runtime_3.9.900.20240824-1409\jars\aopalliance-1.0.jar
2025-10-04 15:47:20,271 [Worker-28: Launching mavenrun-b2db2da2-5c41-48ec-ba0b-8bd45b137e70] INFO  o.eclipse.m2e.core.internal.Bundles - 	Entry: C:\Users\PHAN ANH TUAN\.p2\pool\plugins\org.eclipse.m2e.maven.runtime_3.9.900.20240824-1409\jars\guice-5.1.0.jar
2025-10-04 15:47:20,271 [Worker-28: Launching mavenrun-b2db2da2-5c41-48ec-ba0b-8bd45b137e70] INFO  o.eclipse.m2e.core.internal.Bundles - 	Entry: C:\Users\PHAN ANH TUAN\.p2\pool\plugins\org.eclipse.m2e.maven.runtime_3.9.900.20240824-1409\jars\httpclient-4.5.14.jar
2025-10-04 15:47:20,271 [Worker-28: Launching mavenrun-b2db2da2-5c41-48ec-ba0b-8bd45b137e70] INFO  o.eclipse.m2e.core.internal.Bundles - 	Entry: C:\Users\PHAN ANH TUAN\.p2\pool\plugins\org.eclipse.m2e.maven.runtime_3.9.900.20240824-1409\jars\httpcore-4.4.16.jar
2025-10-04 15:47:20,271 [Worker-28: Launching mavenrun-b2db2da2-5c41-48ec-ba0b-8bd45b137e70] INFO  o.eclipse.m2e.core.internal.Bundles - 	Entry: C:\Users\PHAN ANH TUAN\.p2\pool\plugins\org.eclipse.m2e.maven.runtime_3.9.900.20240824-1409\jars\jansi-2.4.1.jar
2025-10-04 15:47:20,271 [Worker-28: Launching mavenrun-b2db2da2-5c41-48ec-ba0b-8bd45b137e70] INFO  o.eclipse.m2e.core.internal.Bundles - 	Entry: C:\Users\PHAN ANH TUAN\.p2\pool\plugins\org.eclipse.m2e.maven.runtime_3.9.900.20240824-1409\jars\jcl-over-slf4j-1.7.36.jar
2025-10-04 15:47:20,271 [Worker-28: Launching mavenrun-b2db2da2-5c41-48ec-ba0b-8bd45b137e70] INFO  o.eclipse.m2e.core.internal.Bundles - 	Entry: C:\Users\PHAN ANH TUAN\.p2\pool\plugins\org.eclipse.m2e.maven.runtime_3.9.900.20240824-1409\jars\maven-artifact-3.9.9.jar
2025-10-04 15:47:20,271 [Worker-28: Launching mavenrun-b2db2da2-5c41-48ec-ba0b-8bd45b137e70] INFO  o.eclipse.m2e.core.internal.Bundles - 	Entry: C:\Users\PHAN ANH TUAN\.p2\pool\plugins\org.eclipse.m2e.maven.runtime_3.9.900.20240824-1409\jars\maven-builder-support-3.9.9.jar
2025-10-04 15:47:20,271 [Worker-28: Launching mavenrun-b2db2da2-5c41-48ec-ba0b-8bd45b137e70] INFO  o.eclipse.m2e.core.internal.Bundles - 	Entry: C:\Users\PHAN ANH TUAN\.p2\pool\plugins\org.eclipse.m2e.maven.runtime_3.9.900.20240824-1409\jars\maven-compat-3.9.9.jar
2025-10-04 15:47:20,272 [Worker-28: Launching mavenrun-b2db2da2-5c41-48ec-ba0b-8bd45b137e70] INFO  o.eclipse.m2e.core.internal.Bundles - 	Entry: C:\Users\PHAN ANH TUAN\.p2\pool\plugins\org.eclipse.m2e.maven.runtime_3.9.900.20240824-1409\jars\maven-core-3.9.9.jar
2025-10-04 15:47:20,272 [Worker-28: Launching mavenrun-b2db2da2-5c41-48ec-ba0b-8bd45b137e70] INFO  o.eclipse.m2e.core.internal.Bundles - 	Entry: C:\Users\PHAN ANH TUAN\.p2\pool\plugins\org.eclipse.m2e.maven.runtime_3.9.900.20240824-1409\jars\maven-embedder-3.9.9.jar
2025-10-04 15:47:20,272 [Worker-28: Launching mavenrun-b2db2da2-5c41-48ec-ba0b-8bd45b137e70] INFO  o.eclipse.m2e.core.internal.Bundles - 	Entry: C:\Users\PHAN ANH TUAN\.p2\pool\plugins\org.eclipse.m2e.maven.runtime_3.9.900.20240824-1409\jars\maven-model-3.9.9.jar
2025-10-04 15:47:20,272 [Worker-28: Launching mavenrun-b2db2da2-5c41-48ec-ba0b-8bd45b137e70] INFO  o.eclipse.m2e.core.internal.Bundles - 	Entry: C:\Users\PHAN ANH TUAN\.p2\pool\plugins\org.eclipse.m2e.maven.runtime_3.9.900.20240824-1409\jars\maven-model-builder-3.9.9.jar
2025-10-04 15:47:20,272 [Worker-28: Launching mavenrun-b2db2da2-5c41-48ec-ba0b-8bd45b137e70] INFO  o.eclipse.m2e.core.internal.Bundles - 	Entry: C:\Users\PHAN ANH TUAN\.p2\pool\plugins\org.eclipse.m2e.maven.runtime_3.9.900.20240824-1409\jars\maven-plugin-api-3.9.9.jar
2025-10-04 15:47:20,272 [Worker-28: Launching mavenrun-b2db2da2-5c41-48ec-ba0b-8bd45b137e70] INFO  o.eclipse.m2e.core.internal.Bundles - 	Entry: C:\Users\PHAN ANH TUAN\.p2\pool\plugins\org.eclipse.m2e.maven.runtime_3.9.900.20240824-1409\jars\maven-repository-metadata-3.9.9.jar
2025-10-04 15:47:20,272 [Worker-28: Launching mavenrun-b2db2da2-5c41-48ec-ba0b-8bd45b137e70] INFO  o.eclipse.m2e.core.internal.Bundles - 	Entry: C:\Users\PHAN ANH TUAN\.p2\pool\plugins\org.eclipse.m2e.maven.runtime_3.9.900.20240824-1409\jars\maven-resolver-api-1.9.22.jar
2025-10-04 15:47:20,272 [Worker-28: Launching mavenrun-b2db2da2-5c41-48ec-ba0b-8bd45b137e70] INFO  o.eclipse.m2e.core.internal.Bundles - 	Entry: C:\Users\PHAN ANH TUAN\.p2\pool\plugins\org.eclipse.m2e.maven.runtime_3.9.900.20240824-1409\jars\maven-resolver-connector-basic-1.9.22.jar
2025-10-04 15:47:20,272 [Worker-28: Launching mavenrun-b2db2da2-5c41-48ec-ba0b-8bd45b137e70] INFO  o.eclipse.m2e.core.internal.Bundles - 	Entry: C:\Users\PHAN ANH TUAN\.p2\pool\plugins\org.eclipse.m2e.maven.runtime_3.9.900.20240824-1409\jars\maven-resolver-impl-1.9.22.jar
2025-10-04 15:47:20,272 [Worker-28: Launching mavenrun-b2db2da2-5c41-48ec-ba0b-8bd45b137e70] INFO  o.eclipse.m2e.core.internal.Bundles - 	Entry: C:\Users\PHAN ANH TUAN\.p2\pool\plugins\org.eclipse.m2e.maven.runtime_3.9.900.20240824-1409\jars\maven-resolver-named-locks-1.9.22.jar
2025-10-04 15:47:20,272 [Worker-28: Launching mavenrun-b2db2da2-5c41-48ec-ba0b-8bd45b137e70] INFO  o.eclipse.m2e.core.internal.Bundles - 	Entry: C:\Users\PHAN ANH TUAN\.p2\pool\plugins\org.eclipse.m2e.maven.runtime_3.9.900.20240824-1409\jars\maven-resolver-provider-3.9.9.jar
2025-10-04 15:47:20,272 [Worker-28: Launching mavenrun-b2db2da2-5c41-48ec-ba0b-8bd45b137e70] INFO  o.eclipse.m2e.core.internal.Bundles - 	Entry: C:\Users\PHAN ANH TUAN\.p2\pool\plugins\org.eclipse.m2e.maven.runtime_3.9.900.20240824-1409\jars\maven-resolver-spi-1.9.22.jar
2025-10-04 15:47:20,273 [Worker-28: Launching mavenrun-b2db2da2-5c41-48ec-ba0b-8bd45b137e70] INFO  o.eclipse.m2e.core.internal.Bundles - 	Entry: C:\Users\PHAN ANH TUAN\.p2\pool\plugins\org.eclipse.m2e.maven.runtime_3.9.900.20240824-1409\jars\maven-resolver-transport-file-1.9.22.jar
2025-10-04 15:47:20,273 [Worker-28: Launching mavenrun-b2db2da2-5c41-48ec-ba0b-8bd45b137e70] INFO  o.eclipse.m2e.core.internal.Bundles - 	Entry: C:\Users\PHAN ANH TUAN\.p2\pool\plugins\org.eclipse.m2e.maven.runtime_3.9.900.20240824-1409\jars\maven-resolver-transport-http-1.9.22.jar
2025-10-04 15:47:20,273 [Worker-28: Launching mavenrun-b2db2da2-5c41-48ec-ba0b-8bd45b137e70] INFO  o.eclipse.m2e.core.internal.Bundles - 	Entry: C:\Users\PHAN ANH TUAN\.p2\pool\plugins\org.eclipse.m2e.maven.runtime_3.9.900.20240824-1409\jars\maven-resolver-transport-wagon-1.9.22.jar
2025-10-04 15:47:20,273 [Worker-28: Launching mavenrun-b2db2da2-5c41-48ec-ba0b-8bd45b137e70] INFO  o.eclipse.m2e.core.internal.Bundles - 	Entry: C:\Users\PHAN ANH TUAN\.p2\pool\plugins\org.eclipse.m2e.maven.runtime_3.9.900.20240824-1409\jars\maven-resolver-util-1.9.22.jar
2025-10-04 15:47:20,273 [Worker-28: Launching mavenrun-b2db2da2-5c41-48ec-ba0b-8bd45b137e70] INFO  o.eclipse.m2e.core.internal.Bundles - 	Entry: C:\Users\PHAN ANH TUAN\.p2\pool\plugins\org.eclipse.m2e.maven.runtime_3.9.900.20240824-1409\jars\maven-settings-3.9.9.jar
2025-10-04 15:47:20,273 [Worker-28: Launching mavenrun-b2db2da2-5c41-48ec-ba0b-8bd45b137e70] INFO  o.eclipse.m2e.core.internal.Bundles - 	Entry: C:\Users\PHAN ANH TUAN\.p2\pool\plugins\org.eclipse.m2e.maven.runtime_3.9.900.20240824-1409\jars\maven-settings-builder-3.9.9.jar
2025-10-04 15:47:20,273 [Worker-28: Launching mavenrun-b2db2da2-5c41-48ec-ba0b-8bd45b137e70] INFO  o.eclipse.m2e.core.internal.Bundles - 	Entry: C:\Users\PHAN ANH TUAN\.p2\pool\plugins\org.eclipse.m2e.maven.runtime_3.9.900.20240824-1409\jars\maven-shared-utils-3.4.2.jar
2025-10-04 15:47:20,273 [Worker-28: Launching mavenrun-b2db2da2-5c41-48ec-ba0b-8bd45b137e70] INFO  o.eclipse.m2e.core.internal.Bundles - 	Entry: C:\Users\PHAN ANH TUAN\.p2\pool\plugins\org.eclipse.m2e.maven.runtime_3.9.900.20240824-1409\jars\org.eclipse.sisu.inject-0.9.0.M3.jar
2025-10-04 15:47:20,273 [Worker-28: Launching mavenrun-b2db2da2-5c41-48ec-ba0b-8bd45b137e70] INFO  o.eclipse.m2e.core.internal.Bundles - 	Entry: C:\Users\PHAN ANH TUAN\.p2\pool\plugins\org.eclipse.m2e.maven.runtime_3.9.900.20240824-1409\jars\org.eclipse.sisu.plexus-0.9.0.M3.jar
2025-10-04 15:47:20,273 [Worker-28: Launching mavenrun-b2db2da2-5c41-48ec-ba0b-8bd45b137e70] INFO  o.eclipse.m2e.core.internal.Bundles - 	Entry: C:\Users\PHAN ANH TUAN\.p2\pool\plugins\org.eclipse.m2e.maven.runtime_3.9.900.20240824-1409\jars\plexus-build-api-0.0.7.jar
2025-10-04 15:47:20,273 [Worker-28: Launching mavenrun-b2db2da2-5c41-48ec-ba0b-8bd45b137e70] INFO  o.eclipse.m2e.core.internal.Bundles - 	Entry: C:\Users\PHAN ANH TUAN\.p2\pool\plugins\org.eclipse.m2e.maven.runtime_3.9.900.20240824-1409\jars\plexus-build-api-1.2.0.jar
2025-10-04 15:47:20,273 [Worker-28: Launching mavenrun-b2db2da2-5c41-48ec-ba0b-8bd45b137e70] INFO  o.eclipse.m2e.core.internal.Bundles - 	Entry: C:\Users\PHAN ANH TUAN\.p2\pool\plugins\org.eclipse.m2e.maven.runtime_3.9.900.20240824-1409\jars\plexus-cipher-2.0.jar
2025-10-04 15:47:20,274 [Worker-28: Launching mavenrun-b2db2da2-5c41-48ec-ba0b-8bd45b137e70] INFO  o.eclipse.m2e.core.internal.Bundles - 	Entry: C:\Users\PHAN ANH TUAN\.p2\pool\plugins\org.eclipse.m2e.maven.runtime_3.9.900.20240824-1409\jars\plexus-classworlds-2.8.0.jar
2025-10-04 15:47:20,274 [Worker-28: Launching mavenrun-b2db2da2-5c41-48ec-ba0b-8bd45b137e70] INFO  o.eclipse.m2e.core.internal.Bundles - 	Entry: C:\Users\PHAN ANH TUAN\.p2\pool\plugins\org.eclipse.m2e.maven.runtime_3.9.900.20240824-1409\jars\plexus-component-annotations-2.1.0.jar
2025-10-04 15:47:20,274 [Worker-28: Launching mavenrun-b2db2da2-5c41-48ec-ba0b-8bd45b137e70] INFO  o.eclipse.m2e.core.internal.Bundles - 	Entry: C:\Users\PHAN ANH TUAN\.p2\pool\plugins\org.eclipse.m2e.maven.runtime_3.9.900.20240824-1409\jars\plexus-interpolation-1.27.jar
2025-10-04 15:47:20,274 [Worker-28: Launching mavenrun-b2db2da2-5c41-48ec-ba0b-8bd45b137e70] INFO  o.eclipse.m2e.core.internal.Bundles - 	Entry: C:\Users\PHAN ANH TUAN\.p2\pool\plugins\org.eclipse.m2e.maven.runtime_3.9.900.20240824-1409\jars\plexus-sec-dispatcher-2.0.jar
2025-10-04 15:47:20,274 [Worker-28: Launching mavenrun-b2db2da2-5c41-48ec-ba0b-8bd45b137e70] INFO  o.eclipse.m2e.core.internal.Bundles - 	Entry: C:\Users\PHAN ANH TUAN\.p2\pool\plugins\org.eclipse.m2e.maven.runtime_3.9.900.20240824-1409\jars\plexus-utils-3.5.1.jar
2025-10-04 15:47:20,274 [Worker-28: Launching mavenrun-b2db2da2-5c41-48ec-ba0b-8bd45b137e70] INFO  o.eclipse.m2e.core.internal.Bundles - 	Entry: C:\Users\PHAN ANH TUAN\.p2\pool\plugins\org.eclipse.m2e.maven.runtime_3.9.900.20240824-1409\jars\plexus-xml-3.0.1.jar
2025-10-04 15:47:20,274 [Worker-28: Launching mavenrun-b2db2da2-5c41-48ec-ba0b-8bd45b137e70] INFO  o.eclipse.m2e.core.internal.Bundles - 	Entry: C:\Users\PHAN ANH TUAN\.p2\pool\plugins\org.eclipse.m2e.maven.runtime_3.9.900.20240824-1409\jars\wagon-file-3.5.3.jar
2025-10-04 15:47:20,274 [Worker-28: Launching mavenrun-b2db2da2-5c41-48ec-ba0b-8bd45b137e70] INFO  o.eclipse.m2e.core.internal.Bundles - 	Entry: C:\Users\PHAN ANH TUAN\.p2\pool\plugins\org.eclipse.m2e.maven.runtime_3.9.900.20240824-1409\jars\wagon-http-3.5.3.jar
2025-10-04 15:47:20,274 [Worker-28: Launching mavenrun-b2db2da2-5c41-48ec-ba0b-8bd45b137e70] INFO  o.eclipse.m2e.core.internal.Bundles - 	Entry: C:\Users\PHAN ANH TUAN\.p2\pool\plugins\org.eclipse.m2e.maven.runtime_3.9.900.20240824-1409\jars\wagon-http-shared-3.5.3.jar
2025-10-04 15:47:20,275 [Worker-28: Launching mavenrun-b2db2da2-5c41-48ec-ba0b-8bd45b137e70] INFO  o.eclipse.m2e.core.internal.Bundles - 	Entry: C:\Users\PHAN ANH TUAN\.p2\pool\plugins\org.eclipse.m2e.maven.runtime_3.9.900.20240824-1409\jars\wagon-provider-api-3.5.3.jar
2025-10-04 15:47:20,279 [Worker-28: Launching mavenrun-b2db2da2-5c41-48ec-ba0b-8bd45b137e70] INFO  o.eclipse.m2e.core.internal.Bundles - getClasspathEntries(Bundle=com.google.guava_33.3.1.jre [1026])
2025-10-04 15:47:20,280 [Worker-28: Launching mavenrun-b2db2da2-5c41-48ec-ba0b-8bd45b137e70] INFO  o.eclipse.m2e.core.internal.Bundles - 	Entry: C:\Users\PHAN ANH TUAN\.p2\pool\plugins\com.google.guava_33.3.1.jre.jar
2025-10-04 15:47:20,280 [Worker-28: Launching mavenrun-b2db2da2-5c41-48ec-ba0b-8bd45b137e70] INFO  o.eclipse.m2e.core.internal.Bundles - getClasspathEntries(Bundle=slf4j.api_2.0.16 [1005])
2025-10-04 15:47:20,280 [Worker-28: Launching mavenrun-b2db2da2-5c41-48ec-ba0b-8bd45b137e70] INFO  o.eclipse.m2e.core.internal.Bundles - 	Entry: C:\Users\PHAN ANH TUAN\.p2\pool\plugins\slf4j.api_2.0.16.jar
2025-10-04 15:47:20,280 [Worker-28: Launching mavenrun-b2db2da2-5c41-48ec-ba0b-8bd45b137e70] INFO  o.eclipse.m2e.core.internal.Bundles - getClasspathEntries(Bundle=jakarta.inject.jakarta.inject-api_1.0.5 [34])
2025-10-04 15:47:20,280 [Worker-28: Launching mavenrun-b2db2da2-5c41-48ec-ba0b-8bd45b137e70] INFO  o.eclipse.m2e.core.internal.Bundles - 	Entry: C:\Users\PHAN ANH TUAN\.p2\pool\plugins\jakarta.inject.jakarta.inject-api_1.0.5.jar
2025-10-04 15:47:20,280 [Worker-28: Launching mavenrun-b2db2da2-5c41-48ec-ba0b-8bd45b137e70] INFO  o.eclipse.m2e.core.internal.Bundles - getClasspathEntries(Bundle=jakarta.annotation-api_1.3.5 [29])
2025-10-04 15:47:20,280 [Worker-28: Launching mavenrun-b2db2da2-5c41-48ec-ba0b-8bd45b137e70] INFO  o.eclipse.m2e.core.internal.Bundles - 	Entry: C:\Users\PHAN ANH TUAN\.p2\pool\plugins\jakarta.annotation-api_1.3.5.jar
2025-10-04 15:47:20,280 [Worker-28: Launching mavenrun-b2db2da2-5c41-48ec-ba0b-8bd45b137e70] INFO  o.eclipse.m2e.core.internal.Bundles - getClasspathEntries(Bundle=org.apache.commons.cli_1.9.0 [78])
2025-10-04 15:47:20,280 [Worker-28: Launching mavenrun-b2db2da2-5c41-48ec-ba0b-8bd45b137e70] INFO  o.eclipse.m2e.core.internal.Bundles - 	Entry: C:\Users\PHAN ANH TUAN\.p2\pool\plugins\org.apache.commons.cli_1.9.0.jar
2025-10-04 15:47:20,280 [Worker-28: Launching mavenrun-b2db2da2-5c41-48ec-ba0b-8bd45b137e70] INFO  o.eclipse.m2e.core.internal.Bundles - getClasspathEntries(Bundle=org.apache.commons.commons-codec_1.16.0 [81])
2025-10-04 15:47:20,281 [Worker-28: Launching mavenrun-b2db2da2-5c41-48ec-ba0b-8bd45b137e70] INFO  o.eclipse.m2e.core.internal.Bundles - 	Entry: C:\Users\PHAN ANH TUAN\.p2\pool\plugins\org.apache.commons.commons-codec_1.16.0.jar
2025-10-04 15:47:20,281 [Worker-28: Launching mavenrun-b2db2da2-5c41-48ec-ba0b-8bd45b137e70] INFO  o.eclipse.m2e.core.internal.Bundles - getClasspathEntries(Bundle=com.google.guava.failureaccess_1.0.2 [17])
2025-10-04 15:47:20,281 [Worker-28: Launching mavenrun-b2db2da2-5c41-48ec-ba0b-8bd45b137e70] INFO  o.eclipse.m2e.core.internal.Bundles - 	Entry: C:\Users\PHAN ANH TUAN\.p2\pool\plugins\com.google.guava.failureaccess_1.0.2.jar
2025-10-04 15:47:20,283 [Worker-28: Launching mavenrun-b2db2da2-5c41-48ec-ba0b-8bd45b137e70] INFO  o.e.m.i.launch.MavenLaunchDelegate - Run build in "C:\Users\PHANAN~1\AppData\Local\Temp\m2e-archetypeGenerator3262286966788543435":
2025-10-04 15:47:20,287 [Worker-28: Launching mavenrun-b2db2da2-5c41-48ec-ba0b-8bd45b137e70] INFO  o.e.m.i.launch.MavenLaunchDelegate -  mvn  -DjavaCompilerVersion=17 -DjunitVersion=5.11.0 -DarchetypeGroupId=org.apache.maven.archetypes -DarchetypeArtifactId=maven-archetype-quickstart -DarchetypeVersion=1.5 -DgroupId=com.jone.heath -DartifactId=bmi -Dversion=0.0.1-SNAPSHOT -Dpackage=com.jone.heath.bmi -DoutputDirectory=D:\BackendJava\My_Workspace\Space_Deep\Session01_Maven -Dstyle.color=always -U archetype:generate
2025-10-04 15:47:28,336 [Worker-26: Creating maven-archetype-quickstart] INFO  o.e.m.c.i.p.ProjectConfigurationManager - Collecting project info '/pom.xml' D:\BackendJava\My_Workspace\Space_Deep\Session01_Maven\bmi\pom.xml
2025-10-04 15:47:28,858 [Worker-26: Creating maven-archetype-quickstart] INFO  o.e.m.c.i.l.LifecycleMappingFactory - Using org.eclipse.m2e.jdt.JarLifecycleMapping lifecycle mapping for MavenProject: com.jone.heath:bmi:0.0.1-SNAPSHOT @ D:\BackendJava\My_Workspace\Space_Deep\Session01_Maven\bmi\pom.xml.
2025-10-04 15:47:28,988 [Worker-26: Creating maven-archetype-quickstart] INFO  o.e.m.c.i.l.LifecycleMappingFactory - Using org.eclipse.m2e.jdt.JarLifecycleMapping lifecycle mapping for MavenProject: com.jone.heath:heathy-bmi:10.44 @ D:\BackendJava\My_Workspace\Space_Deep\Session01_Maven\heathy-bmi\pom.xml.
2025-10-04 15:47:29,311 [Worker-26: Creating maven-archetype-quickstart] INFO  o.e.m.j.i.AbstractJavaProjectConfigurator - Adding source folder /bmi/src/main/java
2025-10-04 15:47:29,313 [Worker-26: Creating maven-archetype-quickstart] INFO  o.e.m.j.i.AbstractJavaProjectConfigurator - Adding resource folder /bmi/src/main/resources
2025-10-04 15:47:29,317 [Worker-26: Creating maven-archetype-quickstart] INFO  o.e.m.j.i.AbstractJavaProjectConfigurator - Adding source folder /bmi/src/test/java
2025-10-04 15:47:29,319 [Worker-26: Creating maven-archetype-quickstart] INFO  o.e.m.j.i.AbstractJavaProjectConfigurator - Adding resource folder /bmi/src/test/resources
2025-10-04 15:47:29,560 [Worker-26: Creating maven-archetype-quickstart] INFO  o.e.m.c.i.p.ProjectConfigurationManager - Imported and configured 1 project(s) in 1 sec
2025-10-04 15:47:30,165 [Worker-25: Building] INFO  o.a.m.s.f.DefaultMavenResourcesFiltering - skip non existing resourceDirectory D:\BackendJava\My_Workspace\Space_Deep\Session01_Maven\bmi\src\main\resources
2025-10-04 15:47:30,169 [Worker-25: Building] INFO  o.a.m.s.f.DefaultMavenResourcesFiltering - skip non existing resourceDirectory D:\BackendJava\My_Workspace\Space_Deep\Session01_Maven\bmi\src\test\resources
2025-10-04 15:47:52,546 [Worker-29: Building] INFO  o.a.m.s.f.DefaultMavenResourcesFiltering - skip non existing resourceDirectory D:\BackendJava\My_Workspace\Space_Deep\Session01_Maven\bmi\src\main\resources
2025-10-04 15:47:52,552 [Worker-29: Building] INFO  o.a.m.s.f.DefaultMavenResourcesFiltering - skip non existing resourceDirectory D:\BackendJava\My_Workspace\Space_Deep\Session01_Maven\bmi\src\test\resources
2025-10-04 15:48:38,806 [Worker-25: Building] INFO  o.a.m.s.f.DefaultMavenResourcesFiltering - skip non existing resourceDirectory D:\BackendJava\My_Workspace\Space_Deep\Session01_Maven\bmi\src\main\resources
2025-10-04 15:48:38,808 [Worker-25: Building] INFO  o.a.m.s.f.DefaultMavenResourcesFiltering - skip non existing resourceDirectory D:\BackendJava\My_Workspace\Space_Deep\Session01_Maven\bmi\src\test\resources
2025-10-04 15:48:55,414 [Worker-29: Building] WARN  o.a.m.s.f.DefaultMavenResourcesFiltering - Using platform encoding (UTF-8 actually) to copy filtered resources, i.e. build is platform dependent!
2025-10-04 15:48:55,415 [Worker-29: Building] INFO  o.a.m.s.f.DefaultMavenResourcesFiltering - skip non existing resourceDirectory D:\BackendJava\My_Workspace\Space_Deep\Session01_Maven\heathy-bmi\src\main\resources
2025-10-04 15:48:55,417 [Worker-29: Building] WARN  o.a.m.s.f.DefaultMavenResourcesFiltering - Using platform encoding (UTF-8 actually) to copy filtered resources, i.e. build is platform dependent!
2025-10-04 15:48:55,417 [Worker-29: Building] INFO  o.a.m.s.f.DefaultMavenResourcesFiltering - skip non existing resourceDirectory D:\BackendJava\My_Workspace\Space_Deep\Session01_Maven\heathy-bmi\src\test\resources
2025-10-04 16:07:00,771 [Worker-31: Building] INFO  o.a.m.s.f.DefaultMavenResourcesFiltering - skip non existing resourceDirectory D:\BackendJava\My_Workspace\Space_Deep\Session01_Maven\bmi\src\main\resources
2025-10-04 16:07:00,774 [Worker-31: Building] INFO  o.a.m.s.f.DefaultMavenResourcesFiltering - skip non existing resourceDirectory D:\BackendJava\My_Workspace\Space_Deep\Session01_Maven\bmi\src\test\resources
2025-10-04 16:07:42,821 [Worker-35: Building] INFO  o.e.m.c.i.l.LifecycleMappingFactory - Using org.eclipse.m2e.jdt.JarLifecycleMapping lifecycle mapping for MavenProject: com.jone.heath:heathy-bmi:10.44 @ D:\BackendJava\My_Workspace\Space_Deep\Session01_Maven\heathy-bmi\pom.xml.
2025-10-04 16:07:42,865 [Worker-35: Building] WARN  o.a.m.s.f.DefaultMavenResourcesFiltering - Using platform encoding (UTF-8 actually) to copy filtered resources, i.e. build is platform dependent!
2025-10-04 16:07:42,866 [Worker-35: Building] INFO  o.a.m.s.f.DefaultMavenResourcesFiltering - skip non existing resourceDirectory D:\BackendJava\My_Workspace\Space_Deep\Session01_Maven\heathy-bmi\src\main\resources
2025-10-04 16:07:42,868 [Worker-35: Building] WARN  o.a.m.s.f.DefaultMavenResourcesFiltering - Using platform encoding (UTF-8 actually) to copy filtered resources, i.e. build is platform dependent!
2025-10-04 16:07:42,869 [Worker-35: Building] INFO  o.a.m.s.f.DefaultMavenResourcesFiltering - skip non existing resourceDirectory D:\BackendJava\My_Workspace\Space_Deep\Session01_Maven\heathy-bmi\src\test\resources
2025-10-04 16:07:42,916 [Worker-31: Updating Maven Project] INFO  o.e.m.c.i.p.ProjectConfigurationManager - Update started
2025-10-04 16:07:42,983 [Worker-31: Updating Maven Project] INFO  o.e.m.c.i.l.LifecycleMappingFactory - Using org.eclipse.m2e.jdt.JarLifecycleMapping lifecycle mapping for MavenProject: com.jone.heath:heathy-bmi:10.44 @ D:\BackendJava\My_Workspace\Space_Deep\Session01_Maven\heathy-bmi\pom.xml.
2025-10-04 16:07:43,030 [Worker-31: Updating Maven Project] INFO  o.e.m.j.i.AbstractJavaProjectConfigurator - Adding source folder /heathy-bmi/src/main/java
2025-10-04 16:07:43,031 [Worker-31: Updating Maven Project] INFO  o.e.m.j.i.AbstractJavaProjectConfigurator - Adding resource folder /heathy-bmi/src/main/resources
2025-10-04 16:07:43,032 [Worker-31: Updating Maven Project] INFO  o.e.m.j.i.AbstractJavaProjectConfigurator - Adding source folder /heathy-bmi/src/test/java
2025-10-04 16:07:43,032 [Worker-31: Updating Maven Project] INFO  o.e.m.j.i.AbstractJavaProjectConfigurator - Adding resource folder /heathy-bmi/src/test/resources
2025-10-04 16:07:43,089 [Worker-31: Updating Maven Project] INFO  o.e.m.c.i.p.ProjectConfigurationManager - Update completed for 1 poms: local refresh takes 0.00 sec, refresh facades takes 0.00 sec, update config takes 0.00 sec 
2025-10-04 16:07:43,974 [Worker-35: Building] WARN  o.a.m.s.f.DefaultMavenResourcesFiltering - Using platform encoding (UTF-8 actually) to copy filtered resources, i.e. build is platform dependent!
2025-10-04 16:07:43,975 [Worker-35: Building] INFO  o.a.m.s.f.DefaultMavenResourcesFiltering - skip non existing resourceDirectory D:\BackendJava\My_Workspace\Space_Deep\Session01_Maven\heathy-bmi\src\main\resources
2025-10-04 16:07:43,976 [Worker-35: Building] WARN  o.a.m.s.f.DefaultMavenResourcesFiltering - Using platform encoding (UTF-8 actually) to copy filtered resources, i.e. build is platform dependent!
2025-10-04 16:07:43,977 [Worker-35: Building] INFO  o.a.m.s.f.DefaultMavenResourcesFiltering - skip non existing resourceDirectory D:\BackendJava\My_Workspace\Space_Deep\Session01_Maven\heathy-bmi\src\test\resources
2025-10-04 16:10:20,625 [Worker-40: Building] INFO  o.e.m.c.i.l.LifecycleMappingFactory - Using org.eclipse.m2e.jdt.JarLifecycleMapping lifecycle mapping for MavenProject: com.jone.heath:heathy-bmi:10.44 @ D:\BackendJava\My_Workspace\Space_Deep\Session01_Maven\heathy-bmi\pom.xml.
2025-10-04 16:10:20,648 [Worker-40: Building] WARN  o.a.m.s.f.DefaultMavenResourcesFiltering - Using platform encoding (UTF-8 actually) to copy filtered resources, i.e. build is platform dependent!
2025-10-04 16:10:20,649 [Worker-40: Building] INFO  o.a.m.s.f.DefaultMavenResourcesFiltering - skip non existing resourceDirectory D:\BackendJava\My_Workspace\Space_Deep\Session01_Maven\heathy-bmi\src\main\resources
2025-10-04 16:10:20,651 [Worker-40: Building] WARN  o.a.m.s.f.DefaultMavenResourcesFiltering - Using platform encoding (UTF-8 actually) to copy filtered resources, i.e. build is platform dependent!
2025-10-04 16:10:20,652 [Worker-40: Building] INFO  o.a.m.s.f.DefaultMavenResourcesFiltering - skip non existing resourceDirectory D:\BackendJava\My_Workspace\Space_Deep\Session01_Maven\heathy-bmi\src\test\resources
2025-10-04 16:14:25,039 [Worker-39: Building] INFO  o.e.m.c.i.l.LifecycleMappingFactory - Using org.eclipse.m2e.jdt.JarLifecycleMapping lifecycle mapping for MavenProject: com.jone.heath:heathy-bmi:10.44 @ D:\BackendJava\My_Workspace\Space_Deep\Session01_Maven\heathy-bmi\pom.xml.
2025-10-04 16:14:25,062 [Worker-39: Building] WARN  o.a.m.s.f.DefaultMavenResourcesFiltering - Using platform encoding (UTF-8 actually) to copy filtered resources, i.e. build is platform dependent!
2025-10-04 16:14:25,062 [Worker-39: Building] INFO  o.a.m.s.f.DefaultMavenResourcesFiltering - skip non existing resourceDirectory D:\BackendJava\My_Workspace\Space_Deep\Session01_Maven\heathy-bmi\src\main\resources
2025-10-04 16:14:25,064 [Worker-39: Building] WARN  o.a.m.s.f.DefaultMavenResourcesFiltering - Using platform encoding (UTF-8 actually) to copy filtered resources, i.e. build is platform dependent!
2025-10-04 16:14:25,065 [Worker-39: Building] INFO  o.a.m.s.f.DefaultMavenResourcesFiltering - skip non existing resourceDirectory D:\BackendJava\My_Workspace\Space_Deep\Session01_Maven\heathy-bmi\src\test\resources
2025-10-04 16:28:25,951 [Worker-38: Updating Maven Project] INFO  o.e.m.c.i.p.ProjectConfigurationManager - Update started
2025-10-04 16:28:26,031 [Worker-38: Updating Maven Project] INFO  o.e.m.c.i.l.LifecycleMappingFactory - Using org.eclipse.m2e.jdt.JarLifecycleMapping lifecycle mapping for MavenProject: com.jone.heath:heathy-bmi:10.44 @ D:\BackendJava\My_Workspace\Space_Deep\Session01_Maven\heathy-bmi\pom.xml.
2025-10-04 16:28:26,111 [Worker-38: Updating Maven Project] INFO  o.e.m.j.i.AbstractJavaProjectConfigurator - Adding source folder /heathy-bmi/src/main/java
2025-10-04 16:28:26,111 [Worker-38: Updating Maven Project] INFO  o.e.m.j.i.AbstractJavaProjectConfigurator - Adding resource folder /heathy-bmi/src/main/resources
2025-10-04 16:28:26,111 [Worker-38: Updating Maven Project] INFO  o.e.m.j.i.AbstractJavaProjectConfigurator - Adding source folder /heathy-bmi/src/test/java
2025-10-04 16:28:26,112 [Worker-38: Updating Maven Project] INFO  o.e.m.j.i.AbstractJavaProjectConfigurator - Adding resource folder /heathy-bmi/src/test/resources
2025-10-04 16:28:26,165 [Worker-38: Updating Maven Project] INFO  o.e.m.c.i.p.ProjectConfigurationManager - Update completed for 1 poms: local refresh takes 0.00 sec, refresh facades takes 0.00 sec, update config takes 0.00 sec 
2025-10-04 16:28:26,363 [Worker-47: Building] WARN  o.a.m.s.f.DefaultMavenResourcesFiltering - Using platform encoding (UTF-8 actually) to copy filtered resources, i.e. build is platform dependent!
2025-10-04 16:28:26,364 [Worker-47: Building] INFO  o.a.m.s.f.DefaultMavenResourcesFiltering - skip non existing resourceDirectory D:\BackendJava\My_Workspace\Space_Deep\Session01_Maven\heathy-bmi\src\main\resources
2025-10-04 16:28:26,367 [Worker-47: Building] WARN  o.a.m.s.f.DefaultMavenResourcesFiltering - Using platform encoding (UTF-8 actually) to copy filtered resources, i.e. build is platform dependent!
2025-10-04 16:28:26,368 [Worker-47: Building] INFO  o.a.m.s.f.DefaultMavenResourcesFiltering - skip non existing resourceDirectory D:\BackendJava\My_Workspace\Space_Deep\Session01_Maven\heathy-bmi\src\test\resources
2025-10-04 16:29:15,612 [Worker-47: Updating Maven Dependencies] ERROR o.e.m.j.i.l.MavenLaunchConfigurationListener - Launch configuration App references closed project heathy-bmi
org.eclipse.core.runtime.CoreException: Launch configuration App references closed project heathy-bmi
	at org.eclipse.jdt.launching.JavaRuntime.abort(JavaRuntime.java:1870)
	at org.eclipse.jdt.launching.JavaRuntime.getJavaProject(JavaRuntime.java:1744)
	at org.eclipse.m2e.jdt.internal.launch.MavenLaunchConfigurationListener.updateLaunchConfiguration(MavenLaunchConfigurationListener.java:66)
	at org.eclipse.m2e.jdt.internal.launch.MavenLaunchConfigurationListener.launchConfigurationChanged(MavenLaunchConfigurationListener.java:52)
	at org.eclipse.debug.internal.core.LaunchManager$ConfigurationNotifier.run(LaunchManager.java:219)
	at org.eclipse.core.runtime.SafeRunner.run(SafeRunner.java:47)
	at org.eclipse.debug.internal.core.LaunchManager$ConfigurationNotifier.notify(LaunchManager.java:203)
	at org.eclipse.debug.internal.core.LaunchConfigurationWorkingCopy.setDirty(LaunchConfigurationWorkingCopy.java:527)
	at org.eclipse.debug.internal.core.LaunchConfigurationWorkingCopy.setAttribute(LaunchConfigurationWorkingCopy.java:415)
	at org.eclipse.m2e.jdt.internal.launch.MavenRuntimeClasspathProvider.disable(MavenRuntimeClasspathProvider.java:409)
	at org.eclipse.m2e.jdt.internal.launch.MavenRuntimeClasspathProvider.disable(MavenRuntimeClasspathProvider.java:435)
	at org.eclipse.m2e.jdt.internal.launch.MavenLaunchConfigurationListener.mavenProjectChanged(MavenLaunchConfigurationListener.java:137)
	at org.eclipse.m2e.core.internal.project.registry.ProjectRegistryManager.notifyProjectChangeListeners(ProjectRegistryManager.java:892)
	at org.eclipse.m2e.core.internal.project.registry.ProjectRegistryManager.applyMutableProjectRegistry(ProjectRegistryManager.java:1042)
	at org.eclipse.m2e.core.internal.project.registry.ProjectRegistryRefreshJob.lambda$0(ProjectRegistryRefreshJob.java:162)
	at org.eclipse.m2e.core.internal.embedder.MavenExecutionContext.executeBare(MavenExecutionContext.java:458)
	at org.eclipse.m2e.core.internal.embedder.MavenExecutionContext.execute(MavenExecutionContext.java:339)
	at org.eclipse.m2e.core.internal.embedder.MavenExecutionContext.execute(MavenExecutionContext.java:278)
	at org.eclipse.m2e.core.internal.project.registry.ProjectRegistryRefreshJob.run(ProjectRegistryRefreshJob.java:106)
	at org.eclipse.core.internal.jobs.Worker.run(Worker.java:63)
2025-10-04 16:29:15,636 [Worker-47: Updating Maven Dependencies] ERROR o.e.m.j.i.l.MavenLaunchConfigurationListener - Launch configuration App references closed project heathy-bmi
org.eclipse.core.runtime.CoreException: Launch configuration App references closed project heathy-bmi
	at org.eclipse.jdt.launching.JavaRuntime.abort(JavaRuntime.java:1870)
	at org.eclipse.jdt.launching.JavaRuntime.getJavaProject(JavaRuntime.java:1744)
	at org.eclipse.m2e.jdt.internal.launch.MavenLaunchConfigurationListener.updateLaunchConfiguration(MavenLaunchConfigurationListener.java:66)
	at org.eclipse.m2e.jdt.internal.launch.MavenLaunchConfigurationListener.launchConfigurationChanged(MavenLaunchConfigurationListener.java:52)
	at org.eclipse.debug.internal.core.LaunchManager$ConfigurationNotifier.run(LaunchManager.java:219)
	at org.eclipse.core.runtime.SafeRunner.run(SafeRunner.java:47)
	at org.eclipse.debug.internal.core.LaunchManager$ConfigurationNotifier.notify(LaunchManager.java:203)
	at org.eclipse.debug.internal.core.LaunchConfigurationWorkingCopy.setDirty(LaunchConfigurationWorkingCopy.java:527)
	at org.eclipse.debug.internal.core.LaunchConfigurationWorkingCopy.setAttribute(LaunchConfigurationWorkingCopy.java:415)
	at org.eclipse.m2e.jdt.internal.launch.MavenRuntimeClasspathProvider.disable(MavenRuntimeClasspathProvider.java:410)
	at org.eclipse.m2e.jdt.internal.launch.MavenRuntimeClasspathProvider.disable(MavenRuntimeClasspathProvider.java:435)
	at org.eclipse.m2e.jdt.internal.launch.MavenLaunchConfigurationListener.mavenProjectChanged(MavenLaunchConfigurationListener.java:137)
	at org.eclipse.m2e.core.internal.project.registry.ProjectRegistryManager.notifyProjectChangeListeners(ProjectRegistryManager.java:892)
	at org.eclipse.m2e.core.internal.project.registry.ProjectRegistryManager.applyMutableProjectRegistry(ProjectRegistryManager.java:1042)
	at org.eclipse.m2e.core.internal.project.registry.ProjectRegistryRefreshJob.lambda$0(ProjectRegistryRefreshJob.java:162)
	at org.eclipse.m2e.core.internal.embedder.MavenExecutionContext.executeBare(MavenExecutionContext.java:458)
	at org.eclipse.m2e.core.internal.embedder.MavenExecutionContext.execute(MavenExecutionContext.java:339)
	at org.eclipse.m2e.core.internal.embedder.MavenExecutionContext.execute(MavenExecutionContext.java:278)
	at org.eclipse.m2e.core.internal.project.registry.ProjectRegistryRefreshJob.run(ProjectRegistryRefreshJob.java:106)
	at org.eclipse.core.internal.jobs.Worker.run(Worker.java:63)
2025-10-04 16:29:15,651 [Worker-47: Updating Maven Dependencies] ERROR o.e.m.j.i.l.MavenLaunchConfigurationListener - Launch configuration App references closed project heathy-bmi
org.eclipse.core.runtime.CoreException: Launch configuration App references closed project heathy-bmi
	at org.eclipse.jdt.launching.JavaRuntime.abort(JavaRuntime.java:1870)
	at org.eclipse.jdt.launching.JavaRuntime.getJavaProject(JavaRuntime.java:1744)
	at org.eclipse.m2e.jdt.internal.launch.MavenLaunchConfigurationListener.updateLaunchConfiguration(MavenLaunchConfigurationListener.java:66)
	at org.eclipse.m2e.jdt.internal.launch.MavenLaunchConfigurationListener.launchConfigurationChanged(MavenLaunchConfigurationListener.java:52)
	at org.eclipse.debug.internal.core.LaunchManager$ConfigurationNotifier.run(LaunchManager.java:219)
	at org.eclipse.core.runtime.SafeRunner.run(SafeRunner.java:47)
	at org.eclipse.debug.internal.core.LaunchManager$ConfigurationNotifier.notify(LaunchManager.java:203)
	at org.eclipse.debug.internal.core.LaunchManager.launchConfigurationChanged(LaunchManager.java:1960)
	at org.eclipse.debug.internal.core.LaunchConfigurationWorkingCopy.writeNewFile(LaunchConfigurationWorkingCopy.java:380)
	at org.eclipse.debug.internal.core.LaunchConfigurationWorkingCopy.doSave0(LaunchConfigurationWorkingCopy.java:259)
	at org.eclipse.debug.internal.core.LaunchConfigurationWorkingCopy.doSave(LaunchConfigurationWorkingCopy.java:229)
	at org.eclipse.debug.internal.core.LaunchConfigurationWorkingCopy.doSave(LaunchConfigurationWorkingCopy.java:187)
	at org.eclipse.m2e.jdt.internal.launch.MavenRuntimeClasspathProvider.disable(MavenRuntimeClasspathProvider.java:411)
	at org.eclipse.m2e.jdt.internal.launch.MavenRuntimeClasspathProvider.disable(MavenRuntimeClasspathProvider.java:435)
	at org.eclipse.m2e.jdt.internal.launch.MavenLaunchConfigurationListener.mavenProjectChanged(MavenLaunchConfigurationListener.java:137)
	at org.eclipse.m2e.core.internal.project.registry.ProjectRegistryManager.notifyProjectChangeListeners(ProjectRegistryManager.java:892)
	at org.eclipse.m2e.core.internal.project.registry.ProjectRegistryManager.applyMutableProjectRegistry(ProjectRegistryManager.java:1042)
	at org.eclipse.m2e.core.internal.project.registry.ProjectRegistryRefreshJob.lambda$0(ProjectRegistryRefreshJob.java:162)
	at org.eclipse.m2e.core.internal.embedder.MavenExecutionContext.executeBare(MavenExecutionContext.java:458)
	at org.eclipse.m2e.core.internal.embedder.MavenExecutionContext.execute(MavenExecutionContext.java:339)
	at org.eclipse.m2e.core.internal.embedder.MavenExecutionContext.execute(MavenExecutionContext.java:278)
	at org.eclipse.m2e.core.internal.project.registry.ProjectRegistryRefreshJob.run(ProjectRegistryRefreshJob.java:106)
	at org.eclipse.core.internal.jobs.Worker.run(Worker.java:63)
2025-10-04 16:32:52,187 [Worker-49: Launching mavenrun-94f6669b-d771-440d-98e9-3bfaf248a341] INFO  o.eclipse.m2e.core.internal.Bundles - getClasspathEntries(Bundle=org.eclipse.m2e.maven.runtime_3.9.900.20240824-1409 [640])
2025-10-04 16:32:52,187 [Worker-49: Launching mavenrun-94f6669b-d771-440d-98e9-3bfaf248a341] INFO  o.eclipse.m2e.core.internal.Bundles - 	Entry: C:\Users\PHAN ANH TUAN\.p2\pool\plugins\org.eclipse.m2e.maven.runtime_3.9.900.20240824-1409
2025-10-04 16:32:52,188 [Worker-49: Launching mavenrun-94f6669b-d771-440d-98e9-3bfaf248a341] INFO  o.eclipse.m2e.core.internal.Bundles - 	Entry: C:\Users\PHAN ANH TUAN\.p2\pool\plugins\org.eclipse.m2e.maven.runtime_3.9.900.20240824-1409\jars\aopalliance-1.0.jar
2025-10-04 16:32:52,188 [Worker-49: Launching mavenrun-94f6669b-d771-440d-98e9-3bfaf248a341] INFO  o.eclipse.m2e.core.internal.Bundles - 	Entry: C:\Users\PHAN ANH TUAN\.p2\pool\plugins\org.eclipse.m2e.maven.runtime_3.9.900.20240824-1409\jars\guice-5.1.0.jar
2025-10-04 16:32:52,188 [Worker-49: Launching mavenrun-94f6669b-d771-440d-98e9-3bfaf248a341] INFO  o.eclipse.m2e.core.internal.Bundles - 	Entry: C:\Users\PHAN ANH TUAN\.p2\pool\plugins\org.eclipse.m2e.maven.runtime_3.9.900.20240824-1409\jars\httpclient-4.5.14.jar
2025-10-04 16:32:52,188 [Worker-49: Launching mavenrun-94f6669b-d771-440d-98e9-3bfaf248a341] INFO  o.eclipse.m2e.core.internal.Bundles - 	Entry: C:\Users\PHAN ANH TUAN\.p2\pool\plugins\org.eclipse.m2e.maven.runtime_3.9.900.20240824-1409\jars\httpcore-4.4.16.jar
2025-10-04 16:32:52,188 [Worker-49: Launching mavenrun-94f6669b-d771-440d-98e9-3bfaf248a341] INFO  o.eclipse.m2e.core.internal.Bundles - 	Entry: C:\Users\PHAN ANH TUAN\.p2\pool\plugins\org.eclipse.m2e.maven.runtime_3.9.900.20240824-1409\jars\jansi-2.4.1.jar
2025-10-04 16:32:52,188 [Worker-49: Launching mavenrun-94f6669b-d771-440d-98e9-3bfaf248a341] INFO  o.eclipse.m2e.core.internal.Bundles - 	Entry: C:\Users\PHAN ANH TUAN\.p2\pool\plugins\org.eclipse.m2e.maven.runtime_3.9.900.20240824-1409\jars\jcl-over-slf4j-1.7.36.jar
2025-10-04 16:32:52,188 [Worker-49: Launching mavenrun-94f6669b-d771-440d-98e9-3bfaf248a341] INFO  o.eclipse.m2e.core.internal.Bundles - 	Entry: C:\Users\PHAN ANH TUAN\.p2\pool\plugins\org.eclipse.m2e.maven.runtime_3.9.900.20240824-1409\jars\maven-artifact-3.9.9.jar
2025-10-04 16:32:52,189 [Worker-49: Launching mavenrun-94f6669b-d771-440d-98e9-3bfaf248a341] INFO  o.eclipse.m2e.core.internal.Bundles - 	Entry: C:\Users\PHAN ANH TUAN\.p2\pool\plugins\org.eclipse.m2e.maven.runtime_3.9.900.20240824-1409\jars\maven-builder-support-3.9.9.jar
2025-10-04 16:32:52,189 [Worker-49: Launching mavenrun-94f6669b-d771-440d-98e9-3bfaf248a341] INFO  o.eclipse.m2e.core.internal.Bundles - 	Entry: C:\Users\PHAN ANH TUAN\.p2\pool\plugins\org.eclipse.m2e.maven.runtime_3.9.900.20240824-1409\jars\maven-compat-3.9.9.jar
2025-10-04 16:32:52,189 [Worker-49: Launching mavenrun-94f6669b-d771-440d-98e9-3bfaf248a341] INFO  o.eclipse.m2e.core.internal.Bundles - 	Entry: C:\Users\PHAN ANH TUAN\.p2\pool\plugins\org.eclipse.m2e.maven.runtime_3.9.900.20240824-1409\jars\maven-core-3.9.9.jar
2025-10-04 16:32:52,189 [Worker-49: Launching mavenrun-94f6669b-d771-440d-98e9-3bfaf248a341] INFO  o.eclipse.m2e.core.internal.Bundles - 	Entry: C:\Users\PHAN ANH TUAN\.p2\pool\plugins\org.eclipse.m2e.maven.runtime_3.9.900.20240824-1409\jars\maven-embedder-3.9.9.jar
2025-10-04 16:32:52,189 [Worker-49: Launching mavenrun-94f6669b-d771-440d-98e9-3bfaf248a341] INFO  o.eclipse.m2e.core.internal.Bundles - 	Entry: C:\Users\PHAN ANH TUAN\.p2\pool\plugins\org.eclipse.m2e.maven.runtime_3.9.900.20240824-1409\jars\maven-model-3.9.9.jar
2025-10-04 16:32:52,190 [Worker-49: Launching mavenrun-94f6669b-d771-440d-98e9-3bfaf248a341] INFO  o.eclipse.m2e.core.internal.Bundles - 	Entry: C:\Users\PHAN ANH TUAN\.p2\pool\plugins\org.eclipse.m2e.maven.runtime_3.9.900.20240824-1409\jars\maven-model-builder-3.9.9.jar
2025-10-04 16:32:52,190 [Worker-49: Launching mavenrun-94f6669b-d771-440d-98e9-3bfaf248a341] INFO  o.eclipse.m2e.core.internal.Bundles - 	Entry: C:\Users\PHAN ANH TUAN\.p2\pool\plugins\org.eclipse.m2e.maven.runtime_3.9.900.20240824-1409\jars\maven-plugin-api-3.9.9.jar
2025-10-04 16:32:52,190 [Worker-49: Launching mavenrun-94f6669b-d771-440d-98e9-3bfaf248a341] INFO  o.eclipse.m2e.core.internal.Bundles - 	Entry: C:\Users\PHAN ANH TUAN\.p2\pool\plugins\org.eclipse.m2e.maven.runtime_3.9.900.20240824-1409\jars\maven-repository-metadata-3.9.9.jar
2025-10-04 16:32:52,190 [Worker-49: Launching mavenrun-94f6669b-d771-440d-98e9-3bfaf248a341] INFO  o.eclipse.m2e.core.internal.Bundles - 	Entry: C:\Users\PHAN ANH TUAN\.p2\pool\plugins\org.eclipse.m2e.maven.runtime_3.9.900.20240824-1409\jars\maven-resolver-api-1.9.22.jar
2025-10-04 16:32:52,190 [Worker-49: Launching mavenrun-94f6669b-d771-440d-98e9-3bfaf248a341] INFO  o.eclipse.m2e.core.internal.Bundles - 	Entry: C:\Users\PHAN ANH TUAN\.p2\pool\plugins\org.eclipse.m2e.maven.runtime_3.9.900.20240824-1409\jars\maven-resolver-connector-basic-1.9.22.jar
2025-10-04 16:32:52,190 [Worker-49: Launching mavenrun-94f6669b-d771-440d-98e9-3bfaf248a341] INFO  o.eclipse.m2e.core.internal.Bundles - 	Entry: C:\Users\PHAN ANH TUAN\.p2\pool\plugins\org.eclipse.m2e.maven.runtime_3.9.900.20240824-1409\jars\maven-resolver-impl-1.9.22.jar
2025-10-04 16:32:52,190 [Worker-49: Launching mavenrun-94f6669b-d771-440d-98e9-3bfaf248a341] INFO  o.eclipse.m2e.core.internal.Bundles - 	Entry: C:\Users\PHAN ANH TUAN\.p2\pool\plugins\org.eclipse.m2e.maven.runtime_3.9.900.20240824-1409\jars\maven-resolver-named-locks-1.9.22.jar
2025-10-04 16:32:52,190 [Worker-49: Launching mavenrun-94f6669b-d771-440d-98e9-3bfaf248a341] INFO  o.eclipse.m2e.core.internal.Bundles - 	Entry: C:\Users\PHAN ANH TUAN\.p2\pool\plugins\org.eclipse.m2e.maven.runtime_3.9.900.20240824-1409\jars\maven-resolver-provider-3.9.9.jar
2025-10-04 16:32:52,190 [Worker-49: Launching mavenrun-94f6669b-d771-440d-98e9-3bfaf248a341] INFO  o.eclipse.m2e.core.internal.Bundles - 	Entry: C:\Users\PHAN ANH TUAN\.p2\pool\plugins\org.eclipse.m2e.maven.runtime_3.9.900.20240824-1409\jars\maven-resolver-spi-1.9.22.jar
2025-10-04 16:32:52,190 [Worker-49: Launching mavenrun-94f6669b-d771-440d-98e9-3bfaf248a341] INFO  o.eclipse.m2e.core.internal.Bundles - 	Entry: C:\Users\PHAN ANH TUAN\.p2\pool\plugins\org.eclipse.m2e.maven.runtime_3.9.900.20240824-1409\jars\maven-resolver-transport-file-1.9.22.jar
2025-10-04 16:32:52,190 [Worker-49: Launching mavenrun-94f6669b-d771-440d-98e9-3bfaf248a341] INFO  o.eclipse.m2e.core.internal.Bundles - 	Entry: C:\Users\PHAN ANH TUAN\.p2\pool\plugins\org.eclipse.m2e.maven.runtime_3.9.900.20240824-1409\jars\maven-resolver-transport-http-1.9.22.jar
2025-10-04 16:32:52,190 [Worker-49: Launching mavenrun-94f6669b-d771-440d-98e9-3bfaf248a341] INFO  o.eclipse.m2e.core.internal.Bundles - 	Entry: C:\Users\PHAN ANH TUAN\.p2\pool\plugins\org.eclipse.m2e.maven.runtime_3.9.900.20240824-1409\jars\maven-resolver-transport-wagon-1.9.22.jar
2025-10-04 16:32:52,190 [Worker-49: Launching mavenrun-94f6669b-d771-440d-98e9-3bfaf248a341] INFO  o.eclipse.m2e.core.internal.Bundles - 	Entry: C:\Users\PHAN ANH TUAN\.p2\pool\plugins\org.eclipse.m2e.maven.runtime_3.9.900.20240824-1409\jars\maven-resolver-util-1.9.22.jar
2025-10-04 16:32:52,190 [Worker-49: Launching mavenrun-94f6669b-d771-440d-98e9-3bfaf248a341] INFO  o.eclipse.m2e.core.internal.Bundles - 	Entry: C:\Users\PHAN ANH TUAN\.p2\pool\plugins\org.eclipse.m2e.maven.runtime_3.9.900.20240824-1409\jars\maven-settings-3.9.9.jar
2025-10-04 16:32:52,192 [Worker-49: Launching mavenrun-94f6669b-d771-440d-98e9-3bfaf248a341] INFO  o.eclipse.m2e.core.internal.Bundles - 	Entry: C:\Users\PHAN ANH TUAN\.p2\pool\plugins\org.eclipse.m2e.maven.runtime_3.9.900.20240824-1409\jars\maven-settings-builder-3.9.9.jar
2025-10-04 16:32:52,192 [Worker-49: Launching mavenrun-94f6669b-d771-440d-98e9-3bfaf248a341] INFO  o.eclipse.m2e.core.internal.Bundles - 	Entry: C:\Users\PHAN ANH TUAN\.p2\pool\plugins\org.eclipse.m2e.maven.runtime_3.9.900.20240824-1409\jars\maven-shared-utils-3.4.2.jar
2025-10-04 16:32:52,192 [Worker-49: Launching mavenrun-94f6669b-d771-440d-98e9-3bfaf248a341] INFO  o.eclipse.m2e.core.internal.Bundles - 	Entry: C:\Users\PHAN ANH TUAN\.p2\pool\plugins\org.eclipse.m2e.maven.runtime_3.9.900.20240824-1409\jars\org.eclipse.sisu.inject-0.9.0.M3.jar
2025-10-04 16:32:52,192 [Worker-49: Launching mavenrun-94f6669b-d771-440d-98e9-3bfaf248a341] INFO  o.eclipse.m2e.core.internal.Bundles - 	Entry: C:\Users\PHAN ANH TUAN\.p2\pool\plugins\org.eclipse.m2e.maven.runtime_3.9.900.20240824-1409\jars\org.eclipse.sisu.plexus-0.9.0.M3.jar
2025-10-04 16:32:52,193 [Worker-49: Launching mavenrun-94f6669b-d771-440d-98e9-3bfaf248a341] INFO  o.eclipse.m2e.core.internal.Bundles - 	Entry: C:\Users\PHAN ANH TUAN\.p2\pool\plugins\org.eclipse.m2e.maven.runtime_3.9.900.20240824-1409\jars\plexus-build-api-0.0.7.jar
2025-10-04 16:32:52,193 [Worker-49: Launching mavenrun-94f6669b-d771-440d-98e9-3bfaf248a341] INFO  o.eclipse.m2e.core.internal.Bundles - 	Entry: C:\Users\PHAN ANH TUAN\.p2\pool\plugins\org.eclipse.m2e.maven.runtime_3.9.900.20240824-1409\jars\plexus-build-api-1.2.0.jar
2025-10-04 16:32:52,193 [Worker-49: Launching mavenrun-94f6669b-d771-440d-98e9-3bfaf248a341] INFO  o.eclipse.m2e.core.internal.Bundles - 	Entry: C:\Users\PHAN ANH TUAN\.p2\pool\plugins\org.eclipse.m2e.maven.runtime_3.9.900.20240824-1409\jars\plexus-cipher-2.0.jar
2025-10-04 16:32:52,193 [Worker-49: Launching mavenrun-94f6669b-d771-440d-98e9-3bfaf248a341] INFO  o.eclipse.m2e.core.internal.Bundles - 	Entry: C:\Users\PHAN ANH TUAN\.p2\pool\plugins\org.eclipse.m2e.maven.runtime_3.9.900.20240824-1409\jars\plexus-classworlds-2.8.0.jar
2025-10-04 16:32:52,193 [Worker-49: Launching mavenrun-94f6669b-d771-440d-98e9-3bfaf248a341] INFO  o.eclipse.m2e.core.internal.Bundles - 	Entry: C:\Users\PHAN ANH TUAN\.p2\pool\plugins\org.eclipse.m2e.maven.runtime_3.9.900.20240824-1409\jars\plexus-component-annotations-2.1.0.jar
2025-10-04 16:32:52,193 [Worker-49: Launching mavenrun-94f6669b-d771-440d-98e9-3bfaf248a341] INFO  o.eclipse.m2e.core.internal.Bundles - 	Entry: C:\Users\PHAN ANH TUAN\.p2\pool\plugins\org.eclipse.m2e.maven.runtime_3.9.900.20240824-1409\jars\plexus-interpolation-1.27.jar
2025-10-04 16:32:52,193 [Worker-49: Launching mavenrun-94f6669b-d771-440d-98e9-3bfaf248a341] INFO  o.eclipse.m2e.core.internal.Bundles - 	Entry: C:\Users\PHAN ANH TUAN\.p2\pool\plugins\org.eclipse.m2e.maven.runtime_3.9.900.20240824-1409\jars\plexus-sec-dispatcher-2.0.jar
2025-10-04 16:32:52,193 [Worker-49: Launching mavenrun-94f6669b-d771-440d-98e9-3bfaf248a341] INFO  o.eclipse.m2e.core.internal.Bundles - 	Entry: C:\Users\PHAN ANH TUAN\.p2\pool\plugins\org.eclipse.m2e.maven.runtime_3.9.900.20240824-1409\jars\plexus-utils-3.5.1.jar
2025-10-04 16:32:52,194 [Worker-49: Launching mavenrun-94f6669b-d771-440d-98e9-3bfaf248a341] INFO  o.eclipse.m2e.core.internal.Bundles - 	Entry: C:\Users\PHAN ANH TUAN\.p2\pool\plugins\org.eclipse.m2e.maven.runtime_3.9.900.20240824-1409\jars\plexus-xml-3.0.1.jar
2025-10-04 16:32:52,194 [Worker-49: Launching mavenrun-94f6669b-d771-440d-98e9-3bfaf248a341] INFO  o.eclipse.m2e.core.internal.Bundles - 	Entry: C:\Users\PHAN ANH TUAN\.p2\pool\plugins\org.eclipse.m2e.maven.runtime_3.9.900.20240824-1409\jars\wagon-file-3.5.3.jar
2025-10-04 16:32:52,194 [Worker-49: Launching mavenrun-94f6669b-d771-440d-98e9-3bfaf248a341] INFO  o.eclipse.m2e.core.internal.Bundles - 	Entry: C:\Users\PHAN ANH TUAN\.p2\pool\plugins\org.eclipse.m2e.maven.runtime_3.9.900.20240824-1409\jars\wagon-http-3.5.3.jar
2025-10-04 16:32:52,194 [Worker-49: Launching mavenrun-94f6669b-d771-440d-98e9-3bfaf248a341] INFO  o.eclipse.m2e.core.internal.Bundles - 	Entry: C:\Users\PHAN ANH TUAN\.p2\pool\plugins\org.eclipse.m2e.maven.runtime_3.9.900.20240824-1409\jars\wagon-http-shared-3.5.3.jar
2025-10-04 16:32:52,194 [Worker-49: Launching mavenrun-94f6669b-d771-440d-98e9-3bfaf248a341] INFO  o.eclipse.m2e.core.internal.Bundles - 	Entry: C:\Users\PHAN ANH TUAN\.p2\pool\plugins\org.eclipse.m2e.maven.runtime_3.9.900.20240824-1409\jars\wagon-provider-api-3.5.3.jar
2025-10-04 16:32:52,194 [Worker-49: Launching mavenrun-94f6669b-d771-440d-98e9-3bfaf248a341] INFO  o.eclipse.m2e.core.internal.Bundles - getClasspathEntries(Bundle=com.google.guava_33.3.1.jre [1026])
2025-10-04 16:32:52,195 [Worker-49: Launching mavenrun-94f6669b-d771-440d-98e9-3bfaf248a341] INFO  o.eclipse.m2e.core.internal.Bundles - 	Entry: C:\Users\PHAN ANH TUAN\.p2\pool\plugins\com.google.guava_33.3.1.jre.jar
2025-10-04 16:32:52,195 [Worker-49: Launching mavenrun-94f6669b-d771-440d-98e9-3bfaf248a341] INFO  o.eclipse.m2e.core.internal.Bundles - getClasspathEntries(Bundle=slf4j.api_2.0.16 [1005])
2025-10-04 16:32:52,196 [Worker-49: Launching mavenrun-94f6669b-d771-440d-98e9-3bfaf248a341] INFO  o.eclipse.m2e.core.internal.Bundles - 	Entry: C:\Users\PHAN ANH TUAN\.p2\pool\plugins\slf4j.api_2.0.16.jar
2025-10-04 16:32:52,196 [Worker-49: Launching mavenrun-94f6669b-d771-440d-98e9-3bfaf248a341] INFO  o.eclipse.m2e.core.internal.Bundles - getClasspathEntries(Bundle=jakarta.inject.jakarta.inject-api_1.0.5 [34])
2025-10-04 16:32:52,196 [Worker-49: Launching mavenrun-94f6669b-d771-440d-98e9-3bfaf248a341] INFO  o.eclipse.m2e.core.internal.Bundles - 	Entry: C:\Users\PHAN ANH TUAN\.p2\pool\plugins\jakarta.inject.jakarta.inject-api_1.0.5.jar
2025-10-04 16:32:52,196 [Worker-49: Launching mavenrun-94f6669b-d771-440d-98e9-3bfaf248a341] INFO  o.eclipse.m2e.core.internal.Bundles - getClasspathEntries(Bundle=jakarta.annotation-api_1.3.5 [29])
2025-10-04 16:32:52,196 [Worker-49: Launching mavenrun-94f6669b-d771-440d-98e9-3bfaf248a341] INFO  o.eclipse.m2e.core.internal.Bundles - 	Entry: C:\Users\PHAN ANH TUAN\.p2\pool\plugins\jakarta.annotation-api_1.3.5.jar
2025-10-04 16:32:52,196 [Worker-49: Launching mavenrun-94f6669b-d771-440d-98e9-3bfaf248a341] INFO  o.eclipse.m2e.core.internal.Bundles - getClasspathEntries(Bundle=org.apache.commons.cli_1.9.0 [78])
2025-10-04 16:32:52,197 [Worker-49: Launching mavenrun-94f6669b-d771-440d-98e9-3bfaf248a341] INFO  o.eclipse.m2e.core.internal.Bundles - 	Entry: C:\Users\PHAN ANH TUAN\.p2\pool\plugins\org.apache.commons.cli_1.9.0.jar
2025-10-04 16:32:52,197 [Worker-49: Launching mavenrun-94f6669b-d771-440d-98e9-3bfaf248a341] INFO  o.eclipse.m2e.core.internal.Bundles - getClasspathEntries(Bundle=org.apache.commons.commons-codec_1.16.0 [81])
2025-10-04 16:32:52,197 [Worker-49: Launching mavenrun-94f6669b-d771-440d-98e9-3bfaf248a341] INFO  o.eclipse.m2e.core.internal.Bundles - 	Entry: C:\Users\PHAN ANH TUAN\.p2\pool\plugins\org.apache.commons.commons-codec_1.16.0.jar
2025-10-04 16:32:52,197 [Worker-49: Launching mavenrun-94f6669b-d771-440d-98e9-3bfaf248a341] INFO  o.eclipse.m2e.core.internal.Bundles - getClasspathEntries(Bundle=com.google.guava.failureaccess_1.0.2 [17])
2025-10-04 16:32:52,197 [Worker-49: Launching mavenrun-94f6669b-d771-440d-98e9-3bfaf248a341] INFO  o.eclipse.m2e.core.internal.Bundles - 	Entry: C:\Users\PHAN ANH TUAN\.p2\pool\plugins\com.google.guava.failureaccess_1.0.2.jar
2025-10-04 16:32:52,198 [Worker-49: Launching mavenrun-94f6669b-d771-440d-98e9-3bfaf248a341] INFO  o.e.m.i.launch.MavenLaunchDelegate - Run build in "C:\Users\PHANAN~1\AppData\Local\Temp\m2e-archetypeGenerator2440914701427763526":
2025-10-04 16:32:52,198 [Worker-49: Launching mavenrun-94f6669b-d771-440d-98e9-3bfaf248a341] INFO  o.e.m.i.launch.MavenLaunchDelegate -  mvn  -DarchetypeGroupId=org.apache.maven.archetypes -DarchetypeArtifactId=maven-archetype-quickstart -DarchetypeVersion=1.1 -DgroupId=com.jone.mvnp -DartifactId=mvnp-master-data -Dversion=0.0.1-SNAPSHOT -Dpackage=com.jone.mvnp.mvnp_master_data -DoutputDirectory=D:\BackendJava\My_Workspace\Space_Deep\Session01_Maven -Dstyle.color=always -U archetype:generate
2025-10-04 16:34:50,454 [Worker-49: Updating Maven Dependencies] INFO  o.e.m.c.i.l.LifecycleMappingFactory - Using org.eclipse.m2e.jdt.JarLifecycleMapping lifecycle mapping for MavenProject: com.jone.heath:heathy-bmi:10.44 @ D:\BackendJava\My_Workspace\Space_Deep\Session01_Maven\heathy-bmi\pom.xml.
2025-10-04 16:34:50,500 [Worker-49: Updating Maven Dependencies] INFO  o.e.m.c.i.l.LifecycleMappingFactory - Using org.eclipse.m2e.jdt.JarLifecycleMapping lifecycle mapping for MavenProject: com.jone.heath:bmi:0.0.1-SNAPSHOT @ D:\BackendJava\My_Workspace\Space_Deep\Session01_Maven\bmi\pom.xml.
2025-10-04 16:34:50,560 [Worker-49: Updating Maven Dependencies] INFO  o.e.m.c.i.l.LifecycleMappingFactory - Using org.eclipse.m2e.jdt.JarLifecycleMapping lifecycle mapping for MavenProject: com.jone.heath:heathy-bmi:10.44 @ D:\BackendJava\My_Workspace\Space_Deep\Session01_Maven\heathy-bmi\pom.xml.
2025-10-04 16:35:53,050 [Worker-44: Updating Maven Dependencies] INFO  o.e.m.c.i.l.LifecycleMappingFactory - Using org.eclipse.m2e.jdt.JarLifecycleMapping lifecycle mapping for MavenProject: com.jone.heath:heathy-bmi:10.44 @ D:\BackendJava\My_Workspace\Space_Deep\Session01_Maven\heathy-bmi\pom.xml.
2025-10-04 16:41:08,433 [Worker-56: Building] WARN  o.a.m.s.f.DefaultMavenResourcesFiltering - Using platform encoding (UTF-8 actually) to copy filtered resources, i.e. build is platform dependent!
2025-10-04 16:41:08,434 [Worker-56: Building] INFO  o.a.m.s.f.DefaultMavenResourcesFiltering - skip non existing resourceDirectory D:\BackendJava\My_Workspace\Space_Deep\Session01_Maven\heathy-bmi\src\main\resources
2025-10-04 16:41:08,435 [Worker-56: Building] WARN  o.a.m.s.f.DefaultMavenResourcesFiltering - Using platform encoding (UTF-8 actually) to copy filtered resources, i.e. build is platform dependent!
2025-10-04 16:41:08,436 [Worker-56: Building] INFO  o.a.m.s.f.DefaultMavenResourcesFiltering - skip non existing resourceDirectory D:\BackendJava\My_Workspace\Space_Deep\Session01_Maven\heathy-bmi\src\test\resources
2025-10-04 16:41:38,711 [Worker-57: Building] WARN  o.a.m.s.f.DefaultMavenResourcesFiltering - Using platform encoding (UTF-8 actually) to copy filtered resources, i.e. build is platform dependent!
2025-10-04 16:41:38,711 [Worker-57: Building] INFO  o.a.m.s.f.DefaultMavenResourcesFiltering - skip non existing resourceDirectory D:\BackendJava\My_Workspace\Space_Deep\Session01_Maven\heathy-bmi\src\main\resources
2025-10-04 16:41:38,713 [Worker-57: Building] WARN  o.a.m.s.f.DefaultMavenResourcesFiltering - Using platform encoding (UTF-8 actually) to copy filtered resources, i.e. build is platform dependent!
2025-10-04 16:41:38,714 [Worker-57: Building] INFO  o.a.m.s.f.DefaultMavenResourcesFiltering - skip non existing resourceDirectory D:\BackendJava\My_Workspace\Space_Deep\Session01_Maven\heathy-bmi\src\test\resources
2025-10-04 16:43:07,426 [Worker-59: Updating Maven Dependencies] ERROR o.e.m.j.i.l.MavenLaunchConfigurationListener - Launch configuration App references closed project heathy-bmi
org.eclipse.core.runtime.CoreException: Launch configuration App references closed project heathy-bmi
	at org.eclipse.jdt.launching.JavaRuntime.abort(JavaRuntime.java:1870)
	at org.eclipse.jdt.launching.JavaRuntime.getJavaProject(JavaRuntime.java:1744)
	at org.eclipse.m2e.jdt.internal.launch.MavenLaunchConfigurationListener.updateLaunchConfiguration(MavenLaunchConfigurationListener.java:66)
	at org.eclipse.m2e.jdt.internal.launch.MavenLaunchConfigurationListener.launchConfigurationChanged(MavenLaunchConfigurationListener.java:52)
	at org.eclipse.debug.internal.core.LaunchManager$ConfigurationNotifier.run(LaunchManager.java:219)
	at org.eclipse.core.runtime.SafeRunner.run(SafeRunner.java:47)
	at org.eclipse.debug.internal.core.LaunchManager$ConfigurationNotifier.notify(LaunchManager.java:203)
	at org.eclipse.debug.internal.core.LaunchConfigurationWorkingCopy.setDirty(LaunchConfigurationWorkingCopy.java:527)
	at org.eclipse.debug.internal.core.LaunchConfigurationWorkingCopy.setAttribute(LaunchConfigurationWorkingCopy.java:415)
	at org.eclipse.m2e.jdt.internal.launch.MavenRuntimeClasspathProvider.disable(MavenRuntimeClasspathProvider.java:409)
	at org.eclipse.m2e.jdt.internal.launch.MavenRuntimeClasspathProvider.disable(MavenRuntimeClasspathProvider.java:435)
	at org.eclipse.m2e.jdt.internal.launch.MavenLaunchConfigurationListener.mavenProjectChanged(MavenLaunchConfigurationListener.java:137)
	at org.eclipse.m2e.core.internal.project.registry.ProjectRegistryManager.notifyProjectChangeListeners(ProjectRegistryManager.java:892)
	at org.eclipse.m2e.core.internal.project.registry.ProjectRegistryManager.applyMutableProjectRegistry(ProjectRegistryManager.java:1042)
	at org.eclipse.m2e.core.internal.project.registry.ProjectRegistryRefreshJob.lambda$0(ProjectRegistryRefreshJob.java:162)
	at org.eclipse.m2e.core.internal.embedder.MavenExecutionContext.executeBare(MavenExecutionContext.java:458)
	at org.eclipse.m2e.core.internal.embedder.MavenExecutionContext.execute(MavenExecutionContext.java:339)
	at org.eclipse.m2e.core.internal.embedder.MavenExecutionContext.execute(MavenExecutionContext.java:278)
	at org.eclipse.m2e.core.internal.project.registry.ProjectRegistryRefreshJob.run(ProjectRegistryRefreshJob.java:106)
	at org.eclipse.core.internal.jobs.Worker.run(Worker.java:63)
2025-10-04 16:43:07,427 [Worker-59: Updating Maven Dependencies] ERROR o.e.m.j.i.l.MavenLaunchConfigurationListener - Launch configuration App references closed project heathy-bmi
org.eclipse.core.runtime.CoreException: Launch configuration App references closed project heathy-bmi
	at org.eclipse.jdt.launching.JavaRuntime.abort(JavaRuntime.java:1870)
	at org.eclipse.jdt.launching.JavaRuntime.getJavaProject(JavaRuntime.java:1744)
	at org.eclipse.m2e.jdt.internal.launch.MavenLaunchConfigurationListener.updateLaunchConfiguration(MavenLaunchConfigurationListener.java:66)
	at org.eclipse.m2e.jdt.internal.launch.MavenLaunchConfigurationListener.launchConfigurationChanged(MavenLaunchConfigurationListener.java:52)
	at org.eclipse.debug.internal.core.LaunchManager$ConfigurationNotifier.run(LaunchManager.java:219)
	at org.eclipse.core.runtime.SafeRunner.run(SafeRunner.java:47)
	at org.eclipse.debug.internal.core.LaunchManager$ConfigurationNotifier.notify(LaunchManager.java:203)
	at org.eclipse.debug.internal.core.LaunchConfigurationWorkingCopy.setDirty(LaunchConfigurationWorkingCopy.java:527)
	at org.eclipse.debug.internal.core.LaunchConfigurationWorkingCopy.setAttribute(LaunchConfigurationWorkingCopy.java:415)
	at org.eclipse.m2e.jdt.internal.launch.MavenRuntimeClasspathProvider.disable(MavenRuntimeClasspathProvider.java:410)
	at org.eclipse.m2e.jdt.internal.launch.MavenRuntimeClasspathProvider.disable(MavenRuntimeClasspathProvider.java:435)
	at org.eclipse.m2e.jdt.internal.launch.MavenLaunchConfigurationListener.mavenProjectChanged(MavenLaunchConfigurationListener.java:137)
	at org.eclipse.m2e.core.internal.project.registry.ProjectRegistryManager.notifyProjectChangeListeners(ProjectRegistryManager.java:892)
	at org.eclipse.m2e.core.internal.project.registry.ProjectRegistryManager.applyMutableProjectRegistry(ProjectRegistryManager.java:1042)
	at org.eclipse.m2e.core.internal.project.registry.ProjectRegistryRefreshJob.lambda$0(ProjectRegistryRefreshJob.java:162)
	at org.eclipse.m2e.core.internal.embedder.MavenExecutionContext.executeBare(MavenExecutionContext.java:458)
	at org.eclipse.m2e.core.internal.embedder.MavenExecutionContext.execute(MavenExecutionContext.java:339)
	at org.eclipse.m2e.core.internal.embedder.MavenExecutionContext.execute(MavenExecutionContext.java:278)
	at org.eclipse.m2e.core.internal.project.registry.ProjectRegistryRefreshJob.run(ProjectRegistryRefreshJob.java:106)
	at org.eclipse.core.internal.jobs.Worker.run(Worker.java:63)
2025-10-04 16:43:07,434 [Worker-59: Updating Maven Dependencies] ERROR o.e.m.j.i.l.MavenLaunchConfigurationListener - Launch configuration App references closed project heathy-bmi
org.eclipse.core.runtime.CoreException: Launch configuration App references closed project heathy-bmi
	at org.eclipse.jdt.launching.JavaRuntime.abort(JavaRuntime.java:1870)
	at org.eclipse.jdt.launching.JavaRuntime.getJavaProject(JavaRuntime.java:1744)
	at org.eclipse.m2e.jdt.internal.launch.MavenLaunchConfigurationListener.updateLaunchConfiguration(MavenLaunchConfigurationListener.java:66)
	at org.eclipse.m2e.jdt.internal.launch.MavenLaunchConfigurationListener.launchConfigurationChanged(MavenLaunchConfigurationListener.java:52)
	at org.eclipse.debug.internal.core.LaunchManager$ConfigurationNotifier.run(LaunchManager.java:219)
	at org.eclipse.core.runtime.SafeRunner.run(SafeRunner.java:47)
	at org.eclipse.debug.internal.core.LaunchManager$ConfigurationNotifier.notify(LaunchManager.java:203)
	at org.eclipse.debug.internal.core.LaunchManager.launchConfigurationChanged(LaunchManager.java:1960)
	at org.eclipse.debug.internal.core.LaunchConfigurationWorkingCopy.writeNewFile(LaunchConfigurationWorkingCopy.java:380)
	at org.eclipse.debug.internal.core.LaunchConfigurationWorkingCopy.doSave0(LaunchConfigurationWorkingCopy.java:259)
	at org.eclipse.debug.internal.core.LaunchConfigurationWorkingCopy.doSave(LaunchConfigurationWorkingCopy.java:229)
	at org.eclipse.debug.internal.core.LaunchConfigurationWorkingCopy.doSave(LaunchConfigurationWorkingCopy.java:187)
	at org.eclipse.m2e.jdt.internal.launch.MavenRuntimeClasspathProvider.disable(MavenRuntimeClasspathProvider.java:411)
	at org.eclipse.m2e.jdt.internal.launch.MavenRuntimeClasspathProvider.disable(MavenRuntimeClasspathProvider.java:435)
	at org.eclipse.m2e.jdt.internal.launch.MavenLaunchConfigurationListener.mavenProjectChanged(MavenLaunchConfigurationListener.java:137)
	at org.eclipse.m2e.core.internal.project.registry.ProjectRegistryManager.notifyProjectChangeListeners(ProjectRegistryManager.java:892)
	at org.eclipse.m2e.core.internal.project.registry.ProjectRegistryManager.applyMutableProjectRegistry(ProjectRegistryManager.java:1042)
	at org.eclipse.m2e.core.internal.project.registry.ProjectRegistryRefreshJob.lambda$0(ProjectRegistryRefreshJob.java:162)
	at org.eclipse.m2e.core.internal.embedder.MavenExecutionContext.executeBare(MavenExecutionContext.java:458)
	at org.eclipse.m2e.core.internal.embedder.MavenExecutionContext.execute(MavenExecutionContext.java:339)
	at org.eclipse.m2e.core.internal.embedder.MavenExecutionContext.execute(MavenExecutionContext.java:278)
	at org.eclipse.m2e.core.internal.project.registry.ProjectRegistryRefreshJob.run(ProjectRegistryRefreshJob.java:106)
	at org.eclipse.core.internal.jobs.Worker.run(Worker.java:63)
2025-10-04 16:43:59,317 [Worker-59: Launching mavenrun-855fcf73-148d-4375-b76e-57b11c1efbd8] INFO  o.eclipse.m2e.core.internal.Bundles - getClasspathEntries(Bundle=org.eclipse.m2e.maven.runtime_3.9.900.20240824-1409 [640])
2025-10-04 16:43:59,318 [Worker-59: Launching mavenrun-855fcf73-148d-4375-b76e-57b11c1efbd8] INFO  o.eclipse.m2e.core.internal.Bundles - 	Entry: C:\Users\PHAN ANH TUAN\.p2\pool\plugins\org.eclipse.m2e.maven.runtime_3.9.900.20240824-1409
2025-10-04 16:43:59,318 [Worker-59: Launching mavenrun-855fcf73-148d-4375-b76e-57b11c1efbd8] INFO  o.eclipse.m2e.core.internal.Bundles - 	Entry: C:\Users\PHAN ANH TUAN\.p2\pool\plugins\org.eclipse.m2e.maven.runtime_3.9.900.20240824-1409\jars\aopalliance-1.0.jar
2025-10-04 16:43:59,318 [Worker-59: Launching mavenrun-855fcf73-148d-4375-b76e-57b11c1efbd8] INFO  o.eclipse.m2e.core.internal.Bundles - 	Entry: C:\Users\PHAN ANH TUAN\.p2\pool\plugins\org.eclipse.m2e.maven.runtime_3.9.900.20240824-1409\jars\guice-5.1.0.jar
2025-10-04 16:43:59,318 [Worker-59: Launching mavenrun-855fcf73-148d-4375-b76e-57b11c1efbd8] INFO  o.eclipse.m2e.core.internal.Bundles - 	Entry: C:\Users\PHAN ANH TUAN\.p2\pool\plugins\org.eclipse.m2e.maven.runtime_3.9.900.20240824-1409\jars\httpclient-4.5.14.jar
2025-10-04 16:43:59,318 [Worker-59: Launching mavenrun-855fcf73-148d-4375-b76e-57b11c1efbd8] INFO  o.eclipse.m2e.core.internal.Bundles - 	Entry: C:\Users\PHAN ANH TUAN\.p2\pool\plugins\org.eclipse.m2e.maven.runtime_3.9.900.20240824-1409\jars\httpcore-4.4.16.jar
2025-10-04 16:43:59,318 [Worker-59: Launching mavenrun-855fcf73-148d-4375-b76e-57b11c1efbd8] INFO  o.eclipse.m2e.core.internal.Bundles - 	Entry: C:\Users\PHAN ANH TUAN\.p2\pool\plugins\org.eclipse.m2e.maven.runtime_3.9.900.20240824-1409\jars\jansi-2.4.1.jar
2025-10-04 16:43:59,318 [Worker-59: Launching mavenrun-855fcf73-148d-4375-b76e-57b11c1efbd8] INFO  o.eclipse.m2e.core.internal.Bundles - 	Entry: C:\Users\PHAN ANH TUAN\.p2\pool\plugins\org.eclipse.m2e.maven.runtime_3.9.900.20240824-1409\jars\jcl-over-slf4j-1.7.36.jar
2025-10-04 16:43:59,318 [Worker-59: Launching mavenrun-855fcf73-148d-4375-b76e-57b11c1efbd8] INFO  o.eclipse.m2e.core.internal.Bundles - 	Entry: C:\Users\PHAN ANH TUAN\.p2\pool\plugins\org.eclipse.m2e.maven.runtime_3.9.900.20240824-1409\jars\maven-artifact-3.9.9.jar
2025-10-04 16:43:59,318 [Worker-59: Launching mavenrun-855fcf73-148d-4375-b76e-57b11c1efbd8] INFO  o.eclipse.m2e.core.internal.Bundles - 	Entry: C:\Users\PHAN ANH TUAN\.p2\pool\plugins\org.eclipse.m2e.maven.runtime_3.9.900.20240824-1409\jars\maven-builder-support-3.9.9.jar
2025-10-04 16:43:59,319 [Worker-59: Launching mavenrun-855fcf73-148d-4375-b76e-57b11c1efbd8] INFO  o.eclipse.m2e.core.internal.Bundles - 	Entry: C:\Users\PHAN ANH TUAN\.p2\pool\plugins\org.eclipse.m2e.maven.runtime_3.9.900.20240824-1409\jars\maven-compat-3.9.9.jar
2025-10-04 16:43:59,319 [Worker-59: Launching mavenrun-855fcf73-148d-4375-b76e-57b11c1efbd8] INFO  o.eclipse.m2e.core.internal.Bundles - 	Entry: C:\Users\PHAN ANH TUAN\.p2\pool\plugins\org.eclipse.m2e.maven.runtime_3.9.900.20240824-1409\jars\maven-core-3.9.9.jar
2025-10-04 16:43:59,319 [Worker-59: Launching mavenrun-855fcf73-148d-4375-b76e-57b11c1efbd8] INFO  o.eclipse.m2e.core.internal.Bundles - 	Entry: C:\Users\PHAN ANH TUAN\.p2\pool\plugins\org.eclipse.m2e.maven.runtime_3.9.900.20240824-1409\jars\maven-embedder-3.9.9.jar
2025-10-04 16:43:59,319 [Worker-59: Launching mavenrun-855fcf73-148d-4375-b76e-57b11c1efbd8] INFO  o.eclipse.m2e.core.internal.Bundles - 	Entry: C:\Users\PHAN ANH TUAN\.p2\pool\plugins\org.eclipse.m2e.maven.runtime_3.9.900.20240824-1409\jars\maven-model-3.9.9.jar
2025-10-04 16:43:59,319 [Worker-59: Launching mavenrun-855fcf73-148d-4375-b76e-57b11c1efbd8] INFO  o.eclipse.m2e.core.internal.Bundles - 	Entry: C:\Users\PHAN ANH TUAN\.p2\pool\plugins\org.eclipse.m2e.maven.runtime_3.9.900.20240824-1409\jars\maven-model-builder-3.9.9.jar
2025-10-04 16:43:59,319 [Worker-59: Launching mavenrun-855fcf73-148d-4375-b76e-57b11c1efbd8] INFO  o.eclipse.m2e.core.internal.Bundles - 	Entry: C:\Users\PHAN ANH TUAN\.p2\pool\plugins\org.eclipse.m2e.maven.runtime_3.9.900.20240824-1409\jars\maven-plugin-api-3.9.9.jar
2025-10-04 16:43:59,319 [Worker-59: Launching mavenrun-855fcf73-148d-4375-b76e-57b11c1efbd8] INFO  o.eclipse.m2e.core.internal.Bundles - 	Entry: C:\Users\PHAN ANH TUAN\.p2\pool\plugins\org.eclipse.m2e.maven.runtime_3.9.900.20240824-1409\jars\maven-repository-metadata-3.9.9.jar
2025-10-04 16:43:59,319 [Worker-59: Launching mavenrun-855fcf73-148d-4375-b76e-57b11c1efbd8] INFO  o.eclipse.m2e.core.internal.Bundles - 	Entry: C:\Users\PHAN ANH TUAN\.p2\pool\plugins\org.eclipse.m2e.maven.runtime_3.9.900.20240824-1409\jars\maven-resolver-api-1.9.22.jar
2025-10-04 16:43:59,320 [Worker-59: Launching mavenrun-855fcf73-148d-4375-b76e-57b11c1efbd8] INFO  o.eclipse.m2e.core.internal.Bundles - 	Entry: C:\Users\PHAN ANH TUAN\.p2\pool\plugins\org.eclipse.m2e.maven.runtime_3.9.900.20240824-1409\jars\maven-resolver-connector-basic-1.9.22.jar
2025-10-04 16:43:59,320 [Worker-59: Launching mavenrun-855fcf73-148d-4375-b76e-57b11c1efbd8] INFO  o.eclipse.m2e.core.internal.Bundles - 	Entry: C:\Users\PHAN ANH TUAN\.p2\pool\plugins\org.eclipse.m2e.maven.runtime_3.9.900.20240824-1409\jars\maven-resolver-impl-1.9.22.jar
2025-10-04 16:43:59,320 [Worker-59: Launching mavenrun-855fcf73-148d-4375-b76e-57b11c1efbd8] INFO  o.eclipse.m2e.core.internal.Bundles - 	Entry: C:\Users\PHAN ANH TUAN\.p2\pool\plugins\org.eclipse.m2e.maven.runtime_3.9.900.20240824-1409\jars\maven-resolver-named-locks-1.9.22.jar
2025-10-04 16:43:59,320 [Worker-59: Launching mavenrun-855fcf73-148d-4375-b76e-57b11c1efbd8] INFO  o.eclipse.m2e.core.internal.Bundles - 	Entry: C:\Users\PHAN ANH TUAN\.p2\pool\plugins\org.eclipse.m2e.maven.runtime_3.9.900.20240824-1409\jars\maven-resolver-provider-3.9.9.jar
2025-10-04 16:43:59,320 [Worker-59: Launching mavenrun-855fcf73-148d-4375-b76e-57b11c1efbd8] INFO  o.eclipse.m2e.core.internal.Bundles - 	Entry: C:\Users\PHAN ANH TUAN\.p2\pool\plugins\org.eclipse.m2e.maven.runtime_3.9.900.20240824-1409\jars\maven-resolver-spi-1.9.22.jar
2025-10-04 16:43:59,320 [Worker-59: Launching mavenrun-855fcf73-148d-4375-b76e-57b11c1efbd8] INFO  o.eclipse.m2e.core.internal.Bundles - 	Entry: C:\Users\PHAN ANH TUAN\.p2\pool\plugins\org.eclipse.m2e.maven.runtime_3.9.900.20240824-1409\jars\maven-resolver-transport-file-1.9.22.jar
2025-10-04 16:43:59,320 [Worker-59: Launching mavenrun-855fcf73-148d-4375-b76e-57b11c1efbd8] INFO  o.eclipse.m2e.core.internal.Bundles - 	Entry: C:\Users\PHAN ANH TUAN\.p2\pool\plugins\org.eclipse.m2e.maven.runtime_3.9.900.20240824-1409\jars\maven-resolver-transport-http-1.9.22.jar
2025-10-04 16:43:59,320 [Worker-59: Launching mavenrun-855fcf73-148d-4375-b76e-57b11c1efbd8] INFO  o.eclipse.m2e.core.internal.Bundles - 	Entry: C:\Users\PHAN ANH TUAN\.p2\pool\plugins\org.eclipse.m2e.maven.runtime_3.9.900.20240824-1409\jars\maven-resolver-transport-wagon-1.9.22.jar
2025-10-04 16:43:59,320 [Worker-59: Launching mavenrun-855fcf73-148d-4375-b76e-57b11c1efbd8] INFO  o.eclipse.m2e.core.internal.Bundles - 	Entry: C:\Users\PHAN ANH TUAN\.p2\pool\plugins\org.eclipse.m2e.maven.runtime_3.9.900.20240824-1409\jars\maven-resolver-util-1.9.22.jar
2025-10-04 16:43:59,320 [Worker-59: Launching mavenrun-855fcf73-148d-4375-b76e-57b11c1efbd8] INFO  o.eclipse.m2e.core.internal.Bundles - 	Entry: C:\Users\PHAN ANH TUAN\.p2\pool\plugins\org.eclipse.m2e.maven.runtime_3.9.900.20240824-1409\jars\maven-settings-3.9.9.jar
2025-10-04 16:43:59,320 [Worker-59: Launching mavenrun-855fcf73-148d-4375-b76e-57b11c1efbd8] INFO  o.eclipse.m2e.core.internal.Bundles - 	Entry: C:\Users\PHAN ANH TUAN\.p2\pool\plugins\org.eclipse.m2e.maven.runtime_3.9.900.20240824-1409\jars\maven-settings-builder-3.9.9.jar
2025-10-04 16:43:59,320 [Worker-59: Launching mavenrun-855fcf73-148d-4375-b76e-57b11c1efbd8] INFO  o.eclipse.m2e.core.internal.Bundles - 	Entry: C:\Users\PHAN ANH TUAN\.p2\pool\plugins\org.eclipse.m2e.maven.runtime_3.9.900.20240824-1409\jars\maven-shared-utils-3.4.2.jar
2025-10-04 16:43:59,320 [Worker-59: Launching mavenrun-855fcf73-148d-4375-b76e-57b11c1efbd8] INFO  o.eclipse.m2e.core.internal.Bundles - 	Entry: C:\Users\PHAN ANH TUAN\.p2\pool\plugins\org.eclipse.m2e.maven.runtime_3.9.900.20240824-1409\jars\org.eclipse.sisu.inject-0.9.0.M3.jar
2025-10-04 16:43:59,320 [Worker-59: Launching mavenrun-855fcf73-148d-4375-b76e-57b11c1efbd8] INFO  o.eclipse.m2e.core.internal.Bundles - 	Entry: C:\Users\PHAN ANH TUAN\.p2\pool\plugins\org.eclipse.m2e.maven.runtime_3.9.900.20240824-1409\jars\org.eclipse.sisu.plexus-0.9.0.M3.jar
2025-10-04 16:43:59,320 [Worker-59: Launching mavenrun-855fcf73-148d-4375-b76e-57b11c1efbd8] INFO  o.eclipse.m2e.core.internal.Bundles - 	Entry: C:\Users\PHAN ANH TUAN\.p2\pool\plugins\org.eclipse.m2e.maven.runtime_3.9.900.20240824-1409\jars\plexus-build-api-0.0.7.jar
2025-10-04 16:43:59,320 [Worker-59: Launching mavenrun-855fcf73-148d-4375-b76e-57b11c1efbd8] INFO  o.eclipse.m2e.core.internal.Bundles - 	Entry: C:\Users\PHAN ANH TUAN\.p2\pool\plugins\org.eclipse.m2e.maven.runtime_3.9.900.20240824-1409\jars\plexus-build-api-1.2.0.jar
2025-10-04 16:43:59,321 [Worker-59: Launching mavenrun-855fcf73-148d-4375-b76e-57b11c1efbd8] INFO  o.eclipse.m2e.core.internal.Bundles - 	Entry: C:\Users\PHAN ANH TUAN\.p2\pool\plugins\org.eclipse.m2e.maven.runtime_3.9.900.20240824-1409\jars\plexus-cipher-2.0.jar
2025-10-04 16:43:59,321 [Worker-59: Launching mavenrun-855fcf73-148d-4375-b76e-57b11c1efbd8] INFO  o.eclipse.m2e.core.internal.Bundles - 	Entry: C:\Users\PHAN ANH TUAN\.p2\pool\plugins\org.eclipse.m2e.maven.runtime_3.9.900.20240824-1409\jars\plexus-classworlds-2.8.0.jar
2025-10-04 16:43:59,321 [Worker-59: Launching mavenrun-855fcf73-148d-4375-b76e-57b11c1efbd8] INFO  o.eclipse.m2e.core.internal.Bundles - 	Entry: C:\Users\PHAN ANH TUAN\.p2\pool\plugins\org.eclipse.m2e.maven.runtime_3.9.900.20240824-1409\jars\plexus-component-annotations-2.1.0.jar
2025-10-04 16:43:59,321 [Worker-59: Launching mavenrun-855fcf73-148d-4375-b76e-57b11c1efbd8] INFO  o.eclipse.m2e.core.internal.Bundles - 	Entry: C:\Users\PHAN ANH TUAN\.p2\pool\plugins\org.eclipse.m2e.maven.runtime_3.9.900.20240824-1409\jars\plexus-interpolation-1.27.jar
2025-10-04 16:43:59,321 [Worker-59: Launching mavenrun-855fcf73-148d-4375-b76e-57b11c1efbd8] INFO  o.eclipse.m2e.core.internal.Bundles - 	Entry: C:\Users\PHAN ANH TUAN\.p2\pool\plugins\org.eclipse.m2e.maven.runtime_3.9.900.20240824-1409\jars\plexus-sec-dispatcher-2.0.jar
2025-10-04 16:43:59,321 [Worker-59: Launching mavenrun-855fcf73-148d-4375-b76e-57b11c1efbd8] INFO  o.eclipse.m2e.core.internal.Bundles - 	Entry: C:\Users\PHAN ANH TUAN\.p2\pool\plugins\org.eclipse.m2e.maven.runtime_3.9.900.20240824-1409\jars\plexus-utils-3.5.1.jar
2025-10-04 16:43:59,321 [Worker-59: Launching mavenrun-855fcf73-148d-4375-b76e-57b11c1efbd8] INFO  o.eclipse.m2e.core.internal.Bundles - 	Entry: C:\Users\PHAN ANH TUAN\.p2\pool\plugins\org.eclipse.m2e.maven.runtime_3.9.900.20240824-1409\jars\plexus-xml-3.0.1.jar
2025-10-04 16:43:59,321 [Worker-59: Launching mavenrun-855fcf73-148d-4375-b76e-57b11c1efbd8] INFO  o.eclipse.m2e.core.internal.Bundles - 	Entry: C:\Users\PHAN ANH TUAN\.p2\pool\plugins\org.eclipse.m2e.maven.runtime_3.9.900.20240824-1409\jars\wagon-file-3.5.3.jar
2025-10-04 16:43:59,321 [Worker-59: Launching mavenrun-855fcf73-148d-4375-b76e-57b11c1efbd8] INFO  o.eclipse.m2e.core.internal.Bundles - 	Entry: C:\Users\PHAN ANH TUAN\.p2\pool\plugins\org.eclipse.m2e.maven.runtime_3.9.900.20240824-1409\jars\wagon-http-3.5.3.jar
2025-10-04 16:43:59,321 [Worker-59: Launching mavenrun-855fcf73-148d-4375-b76e-57b11c1efbd8] INFO  o.eclipse.m2e.core.internal.Bundles - 	Entry: C:\Users\PHAN ANH TUAN\.p2\pool\plugins\org.eclipse.m2e.maven.runtime_3.9.900.20240824-1409\jars\wagon-http-shared-3.5.3.jar
2025-10-04 16:43:59,321 [Worker-59: Launching mavenrun-855fcf73-148d-4375-b76e-57b11c1efbd8] INFO  o.eclipse.m2e.core.internal.Bundles - 	Entry: C:\Users\PHAN ANH TUAN\.p2\pool\plugins\org.eclipse.m2e.maven.runtime_3.9.900.20240824-1409\jars\wagon-provider-api-3.5.3.jar
2025-10-04 16:43:59,322 [Worker-59: Launching mavenrun-855fcf73-148d-4375-b76e-57b11c1efbd8] INFO  o.eclipse.m2e.core.internal.Bundles - getClasspathEntries(Bundle=com.google.guava_33.3.1.jre [1026])
2025-10-04 16:43:59,322 [Worker-59: Launching mavenrun-855fcf73-148d-4375-b76e-57b11c1efbd8] INFO  o.eclipse.m2e.core.internal.Bundles - 	Entry: C:\Users\PHAN ANH TUAN\.p2\pool\plugins\com.google.guava_33.3.1.jre.jar
2025-10-04 16:43:59,322 [Worker-59: Launching mavenrun-855fcf73-148d-4375-b76e-57b11c1efbd8] INFO  o.eclipse.m2e.core.internal.Bundles - getClasspathEntries(Bundle=slf4j.api_2.0.16 [1005])
2025-10-04 16:43:59,322 [Worker-59: Launching mavenrun-855fcf73-148d-4375-b76e-57b11c1efbd8] INFO  o.eclipse.m2e.core.internal.Bundles - 	Entry: C:\Users\PHAN ANH TUAN\.p2\pool\plugins\slf4j.api_2.0.16.jar
2025-10-04 16:43:59,322 [Worker-59: Launching mavenrun-855fcf73-148d-4375-b76e-57b11c1efbd8] INFO  o.eclipse.m2e.core.internal.Bundles - getClasspathEntries(Bundle=jakarta.inject.jakarta.inject-api_1.0.5 [34])
2025-10-04 16:43:59,322 [Worker-59: Launching mavenrun-855fcf73-148d-4375-b76e-57b11c1efbd8] INFO  o.eclipse.m2e.core.internal.Bundles - 	Entry: C:\Users\PHAN ANH TUAN\.p2\pool\plugins\jakarta.inject.jakarta.inject-api_1.0.5.jar
2025-10-04 16:43:59,322 [Worker-59: Launching mavenrun-855fcf73-148d-4375-b76e-57b11c1efbd8] INFO  o.eclipse.m2e.core.internal.Bundles - getClasspathEntries(Bundle=jakarta.annotation-api_1.3.5 [29])
2025-10-04 16:43:59,323 [Worker-59: Launching mavenrun-855fcf73-148d-4375-b76e-57b11c1efbd8] INFO  o.eclipse.m2e.core.internal.Bundles - 	Entry: C:\Users\PHAN ANH TUAN\.p2\pool\plugins\jakarta.annotation-api_1.3.5.jar
2025-10-04 16:43:59,323 [Worker-59: Launching mavenrun-855fcf73-148d-4375-b76e-57b11c1efbd8] INFO  o.eclipse.m2e.core.internal.Bundles - getClasspathEntries(Bundle=org.apache.commons.cli_1.9.0 [78])
2025-10-04 16:43:59,323 [Worker-59: Launching mavenrun-855fcf73-148d-4375-b76e-57b11c1efbd8] INFO  o.eclipse.m2e.core.internal.Bundles - 	Entry: C:\Users\PHAN ANH TUAN\.p2\pool\plugins\org.apache.commons.cli_1.9.0.jar
2025-10-04 16:43:59,323 [Worker-59: Launching mavenrun-855fcf73-148d-4375-b76e-57b11c1efbd8] INFO  o.eclipse.m2e.core.internal.Bundles - getClasspathEntries(Bundle=org.apache.commons.commons-codec_1.16.0 [81])
2025-10-04 16:43:59,323 [Worker-59: Launching mavenrun-855fcf73-148d-4375-b76e-57b11c1efbd8] INFO  o.eclipse.m2e.core.internal.Bundles - 	Entry: C:\Users\PHAN ANH TUAN\.p2\pool\plugins\org.apache.commons.commons-codec_1.16.0.jar
2025-10-04 16:43:59,323 [Worker-59: Launching mavenrun-855fcf73-148d-4375-b76e-57b11c1efbd8] INFO  o.eclipse.m2e.core.internal.Bundles - getClasspathEntries(Bundle=com.google.guava.failureaccess_1.0.2 [17])
2025-10-04 16:43:59,323 [Worker-59: Launching mavenrun-855fcf73-148d-4375-b76e-57b11c1efbd8] INFO  o.eclipse.m2e.core.internal.Bundles - 	Entry: C:\Users\PHAN ANH TUAN\.p2\pool\plugins\com.google.guava.failureaccess_1.0.2.jar
2025-10-04 16:43:59,324 [Worker-59: Launching mavenrun-855fcf73-148d-4375-b76e-57b11c1efbd8] INFO  o.e.m.i.launch.MavenLaunchDelegate - Run build in "C:\Users\PHANAN~1\AppData\Local\Temp\m2e-archetypeGenerator6665185946801687805":
2025-10-04 16:43:59,325 [Worker-59: Launching mavenrun-855fcf73-148d-4375-b76e-57b11c1efbd8] INFO  o.e.m.i.launch.MavenLaunchDelegate -  mvn  -DjavaCompilerVersion=17 -DjunitVersion=5.11.0 -DarchetypeGroupId=org.apache.maven.archetypes -DarchetypeArtifactId=maven-archetype-quickstart -DarchetypeVersion=1.5 -DgroupId=com.jone.mvnp -DartifactId=mvnp-master-data -Dversion=0.0.1-SNAPSHOT -Dpackage=com.jone.mvnp.mvnp_master_data -DoutputDirectory=D:\BackendJava\My_Workspace\Space_Deep\Session01_Maven -Dstyle.color=always -U archetype:generate
2025-10-04 16:44:11,642 [Worker-56: Creating maven-archetype-quickstart] INFO  o.e.m.c.i.p.ProjectConfigurationManager - Collecting project info '/pom.xml' D:\BackendJava\My_Workspace\Space_Deep\Session01_Maven\mvnp-master-data\pom.xml
2025-10-04 16:44:11,733 [Worker-56: Creating maven-archetype-quickstart] INFO  o.e.m.c.i.l.LifecycleMappingFactory - Using org.eclipse.m2e.jdt.JarLifecycleMapping lifecycle mapping for MavenProject: com.jone.mvnp:mvnp-master-data:0.0.1-SNAPSHOT @ D:\BackendJava\My_Workspace\Space_Deep\Session01_Maven\mvnp-master-data\pom.xml.
2025-10-04 16:44:11,839 [Worker-56: Creating maven-archetype-quickstart] INFO  o.e.m.j.i.AbstractJavaProjectConfigurator - Adding source folder /mvnp-master-data/src/main/java
2025-10-04 16:44:11,839 [Worker-56: Creating maven-archetype-quickstart] INFO  o.e.m.j.i.AbstractJavaProjectConfigurator - Adding resource folder /mvnp-master-data/src/main/resources
2025-10-04 16:44:11,842 [Worker-56: Creating maven-archetype-quickstart] INFO  o.e.m.j.i.AbstractJavaProjectConfigurator - Adding source folder /mvnp-master-data/src/test/java
2025-10-04 16:44:11,843 [Worker-56: Creating maven-archetype-quickstart] INFO  o.e.m.j.i.AbstractJavaProjectConfigurator - Adding resource folder /mvnp-master-data/src/test/resources
2025-10-04 16:44:11,928 [Worker-56: Creating maven-archetype-quickstart] INFO  o.e.m.c.i.p.ProjectConfigurationManager - Imported and configured 1 project(s) in 0 sec
2025-10-04 16:44:12,216 [Worker-60: Building] INFO  o.a.m.s.f.DefaultMavenResourcesFiltering - skip non existing resourceDirectory D:\BackendJava\My_Workspace\Space_Deep\Session01_Maven\mvnp-master-data\src\main\resources
2025-10-04 16:44:12,220 [Worker-60: Building] INFO  o.a.m.s.f.DefaultMavenResourcesFiltering - skip non existing resourceDirectory D:\BackendJava\My_Workspace\Space_Deep\Session01_Maven\mvnp-master-data\src\test\resources
2025-10-04 16:44:19,802 [Worker-58: Building] INFO  o.a.m.s.f.DefaultMavenResourcesFiltering - skip non existing resourceDirectory D:\BackendJava\My_Workspace\Space_Deep\Session01_Maven\mvnp-master-data\src\main\resources
2025-10-04 16:44:19,804 [Worker-58: Building] INFO  o.a.m.s.f.DefaultMavenResourcesFiltering - skip non existing resourceDirectory D:\BackendJava\My_Workspace\Space_Deep\Session01_Maven\mvnp-master-data\src\test\resources
2025-10-04 19:48:47,100 [Worker-74: Building] INFO  o.a.m.s.f.DefaultMavenResourcesFiltering - skip non existing resourceDirectory D:\BackendJava\My_Workspace\Space_Deep\Session01_Maven\mvnp-master-data\src\main\resources
2025-10-04 19:48:47,108 [Worker-74: Building] INFO  o.a.m.s.f.DefaultMavenResourcesFiltering - skip non existing resourceDirectory D:\BackendJava\My_Workspace\Space_Deep\Session01_Maven\mvnp-master-data\src\test\resources
2025-10-04 19:50:52,646 [Worker-75: Building] INFO  o.a.m.s.f.DefaultMavenResourcesFiltering - skip non existing resourceDirectory D:\BackendJava\My_Workspace\Space_Deep\Session01_Maven\mvnp-master-data\src\main\resources
2025-10-04 19:50:52,652 [Worker-75: Building] INFO  o.a.m.s.f.DefaultMavenResourcesFiltering - skip non existing resourceDirectory D:\BackendJava\My_Workspace\Space_Deep\Session01_Maven\mvnp-master-data\src\test\resources
2025-10-04 20:16:31,833 [Worker-82: Updating Maven Dependencies] INFO  o.e.m.c.i.l.LifecycleMappingFactory - Using org.eclipse.m2e.jdt.JarLifecycleMapping lifecycle mapping for MavenProject: com.jone.heath:heathy-bmi:10.44 @ D:\BackendJava\My_Workspace\Space_Deep\Session01_Maven\heathy-bmi\pom.xml.
2025-10-04 21:13:51,929 [Worker-108: Updating Maven Dependencies] ERROR o.e.m.j.i.l.MavenLaunchConfigurationListener - Launch configuration App references closed project heathy-bmi
org.eclipse.core.runtime.CoreException: Launch configuration App references closed project heathy-bmi
	at org.eclipse.jdt.launching.JavaRuntime.abort(JavaRuntime.java:1870)
	at org.eclipse.jdt.launching.JavaRuntime.getJavaProject(JavaRuntime.java:1744)
	at org.eclipse.m2e.jdt.internal.launch.MavenLaunchConfigurationListener.updateLaunchConfiguration(MavenLaunchConfigurationListener.java:66)
	at org.eclipse.m2e.jdt.internal.launch.MavenLaunchConfigurationListener.launchConfigurationChanged(MavenLaunchConfigurationListener.java:52)
	at org.eclipse.debug.internal.core.LaunchManager$ConfigurationNotifier.run(LaunchManager.java:219)
	at org.eclipse.core.runtime.SafeRunner.run(SafeRunner.java:47)
	at org.eclipse.debug.internal.core.LaunchManager$ConfigurationNotifier.notify(LaunchManager.java:203)
	at org.eclipse.debug.internal.core.LaunchConfigurationWorkingCopy.setDirty(LaunchConfigurationWorkingCopy.java:527)
	at org.eclipse.debug.internal.core.LaunchConfigurationWorkingCopy.setAttribute(LaunchConfigurationWorkingCopy.java:415)
	at org.eclipse.m2e.jdt.internal.launch.MavenRuntimeClasspathProvider.disable(MavenRuntimeClasspathProvider.java:409)
	at org.eclipse.m2e.jdt.internal.launch.MavenRuntimeClasspathProvider.disable(MavenRuntimeClasspathProvider.java:435)
	at org.eclipse.m2e.jdt.internal.launch.MavenLaunchConfigurationListener.mavenProjectChanged(MavenLaunchConfigurationListener.java:137)
	at org.eclipse.m2e.core.internal.project.registry.ProjectRegistryManager.notifyProjectChangeListeners(ProjectRegistryManager.java:892)
	at org.eclipse.m2e.core.internal.project.registry.ProjectRegistryManager.applyMutableProjectRegistry(ProjectRegistryManager.java:1042)
	at org.eclipse.m2e.core.internal.project.registry.ProjectRegistryRefreshJob.lambda$0(ProjectRegistryRefreshJob.java:162)
	at org.eclipse.m2e.core.internal.embedder.MavenExecutionContext.executeBare(MavenExecutionContext.java:458)
	at org.eclipse.m2e.core.internal.embedder.MavenExecutionContext.execute(MavenExecutionContext.java:339)
	at org.eclipse.m2e.core.internal.embedder.MavenExecutionContext.execute(MavenExecutionContext.java:278)
	at org.eclipse.m2e.core.internal.project.registry.ProjectRegistryRefreshJob.run(ProjectRegistryRefreshJob.java:106)
	at org.eclipse.core.internal.jobs.Worker.run(Worker.java:63)
2025-10-04 21:13:52,002 [Worker-108: Updating Maven Dependencies] ERROR o.e.m.j.i.l.MavenLaunchConfigurationListener - Launch configuration App references closed project heathy-bmi
org.eclipse.core.runtime.CoreException: Launch configuration App references closed project heathy-bmi
	at org.eclipse.jdt.launching.JavaRuntime.abort(JavaRuntime.java:1870)
	at org.eclipse.jdt.launching.JavaRuntime.getJavaProject(JavaRuntime.java:1744)
	at org.eclipse.m2e.jdt.internal.launch.MavenLaunchConfigurationListener.updateLaunchConfiguration(MavenLaunchConfigurationListener.java:66)
	at org.eclipse.m2e.jdt.internal.launch.MavenLaunchConfigurationListener.launchConfigurationChanged(MavenLaunchConfigurationListener.java:52)
	at org.eclipse.debug.internal.core.LaunchManager$ConfigurationNotifier.run(LaunchManager.java:219)
	at org.eclipse.core.runtime.SafeRunner.run(SafeRunner.java:47)
	at org.eclipse.debug.internal.core.LaunchManager$ConfigurationNotifier.notify(LaunchManager.java:203)
	at org.eclipse.debug.internal.core.LaunchConfigurationWorkingCopy.setDirty(LaunchConfigurationWorkingCopy.java:527)
	at org.eclipse.debug.internal.core.LaunchConfigurationWorkingCopy.setAttribute(LaunchConfigurationWorkingCopy.java:415)
	at org.eclipse.m2e.jdt.internal.launch.MavenRuntimeClasspathProvider.disable(MavenRuntimeClasspathProvider.java:410)
	at org.eclipse.m2e.jdt.internal.launch.MavenRuntimeClasspathProvider.disable(MavenRuntimeClasspathProvider.java:435)
	at org.eclipse.m2e.jdt.internal.launch.MavenLaunchConfigurationListener.mavenProjectChanged(MavenLaunchConfigurationListener.java:137)
	at org.eclipse.m2e.core.internal.project.registry.ProjectRegistryManager.notifyProjectChangeListeners(ProjectRegistryManager.java:892)
	at org.eclipse.m2e.core.internal.project.registry.ProjectRegistryManager.applyMutableProjectRegistry(ProjectRegistryManager.java:1042)
	at org.eclipse.m2e.core.internal.project.registry.ProjectRegistryRefreshJob.lambda$0(ProjectRegistryRefreshJob.java:162)
	at org.eclipse.m2e.core.internal.embedder.MavenExecutionContext.executeBare(MavenExecutionContext.java:458)
	at org.eclipse.m2e.core.internal.embedder.MavenExecutionContext.execute(MavenExecutionContext.java:339)
	at org.eclipse.m2e.core.internal.embedder.MavenExecutionContext.execute(MavenExecutionContext.java:278)
	at org.eclipse.m2e.core.internal.project.registry.ProjectRegistryRefreshJob.run(ProjectRegistryRefreshJob.java:106)
	at org.eclipse.core.internal.jobs.Worker.run(Worker.java:63)
2025-10-04 21:13:52,033 [Worker-108: Updating Maven Dependencies] ERROR o.e.m.j.i.l.MavenLaunchConfigurationListener - Launch configuration App references closed project heathy-bmi
org.eclipse.core.runtime.CoreException: Launch configuration App references closed project heathy-bmi
	at org.eclipse.jdt.launching.JavaRuntime.abort(JavaRuntime.java:1870)
	at org.eclipse.jdt.launching.JavaRuntime.getJavaProject(JavaRuntime.java:1744)
	at org.eclipse.m2e.jdt.internal.launch.MavenLaunchConfigurationListener.updateLaunchConfiguration(MavenLaunchConfigurationListener.java:66)
	at org.eclipse.m2e.jdt.internal.launch.MavenLaunchConfigurationListener.launchConfigurationChanged(MavenLaunchConfigurationListener.java:52)
	at org.eclipse.debug.internal.core.LaunchManager$ConfigurationNotifier.run(LaunchManager.java:219)
	at org.eclipse.core.runtime.SafeRunner.run(SafeRunner.java:47)
	at org.eclipse.debug.internal.core.LaunchManager$ConfigurationNotifier.notify(LaunchManager.java:203)
	at org.eclipse.debug.internal.core.LaunchManager.launchConfigurationChanged(LaunchManager.java:1960)
	at org.eclipse.debug.internal.core.LaunchConfigurationWorkingCopy.writeNewFile(LaunchConfigurationWorkingCopy.java:380)
	at org.eclipse.debug.internal.core.LaunchConfigurationWorkingCopy.doSave0(LaunchConfigurationWorkingCopy.java:259)
	at org.eclipse.debug.internal.core.LaunchConfigurationWorkingCopy.doSave(LaunchConfigurationWorkingCopy.java:229)
	at org.eclipse.debug.internal.core.LaunchConfigurationWorkingCopy.doSave(LaunchConfigurationWorkingCopy.java:187)
	at org.eclipse.m2e.jdt.internal.launch.MavenRuntimeClasspathProvider.disable(MavenRuntimeClasspathProvider.java:411)
	at org.eclipse.m2e.jdt.internal.launch.MavenRuntimeClasspathProvider.disable(MavenRuntimeClasspathProvider.java:435)
	at org.eclipse.m2e.jdt.internal.launch.MavenLaunchConfigurationListener.mavenProjectChanged(MavenLaunchConfigurationListener.java:137)
	at org.eclipse.m2e.core.internal.project.registry.ProjectRegistryManager.notifyProjectChangeListeners(ProjectRegistryManager.java:892)
	at org.eclipse.m2e.core.internal.project.registry.ProjectRegistryManager.applyMutableProjectRegistry(ProjectRegistryManager.java:1042)
	at org.eclipse.m2e.core.internal.project.registry.ProjectRegistryRefreshJob.lambda$0(ProjectRegistryRefreshJob.java:162)
	at org.eclipse.m2e.core.internal.embedder.MavenExecutionContext.executeBare(MavenExecutionContext.java:458)
	at org.eclipse.m2e.core.internal.embedder.MavenExecutionContext.execute(MavenExecutionContext.java:339)
	at org.eclipse.m2e.core.internal.embedder.MavenExecutionContext.execute(MavenExecutionContext.java:278)
	at org.eclipse.m2e.core.internal.project.registry.ProjectRegistryRefreshJob.run(ProjectRegistryRefreshJob.java:106)
	at org.eclipse.core.internal.jobs.Worker.run(Worker.java:63)
2025-10-04 21:14:37,388 [Worker-109: Updating Maven Dependencies] INFO  o.e.m.c.i.l.LifecycleMappingFactory - Using org.eclipse.m2e.jdt.JarLifecycleMapping lifecycle mapping for MavenProject: com.jone.heath:heathy-bmi:10.44 @ D:\BackendJava\My_Workspace\Space_Deep\Session01_Maven\heathy-bmi\pom.xml.
2025-10-04 21:16:23,511 [Worker-99: Building] INFO  o.e.m.c.i.l.LifecycleMappingFactory - Using org.eclipse.m2e.jdt.JarLifecycleMapping lifecycle mapping for MavenProject: com.jone.mvnp:mvnp-master-data:0.0.1-SNAPSHOT @ D:\BackendJava\My_Workspace\Space_Deep\Session01_Maven\mvnp-master-data\pom.xml.
2025-10-04 21:16:23,786 [Worker-99: Building] INFO  o.e.m.c.i.e.AbstractTransferListenerAdapter - Downloading https://repo.maven.apache.org/maven2/org/projectlombok/lombok/1.18.42/lombok-1.18.42.pom
2025-10-04 21:16:23,820 [Worker-99: Building] INFO  o.e.m.c.i.e.AbstractTransferListenerAdapter - Downloaded https://repo.maven.apache.org/maven2/org/projectlombok/lombok/1.18.42/lombok-1.18.42.pom
2025-10-04 21:16:23,899 [Worker-99: Building] INFO  o.e.m.c.i.e.AbstractTransferListenerAdapter - Downloading https://repo.maven.apache.org/maven2/org/projectlombok/lombok/1.18.42/lombok-1.18.42.jar
2025-10-04 21:16:27,620 [Worker-99: Building] INFO  o.e.m.c.i.e.AbstractTransferListenerAdapter - Downloaded https://repo.maven.apache.org/maven2/org/projectlombok/lombok/1.18.42/lombok-1.18.42.jar
2025-10-04 21:16:28,238 [Worker-99: Building] INFO  o.a.m.s.f.DefaultMavenResourcesFiltering - skip non existing resourceDirectory D:\BackendJava\My_Workspace\Space_Deep\Session01_Maven\mvnp-master-data\src\main\resources
2025-10-04 21:16:28,241 [Worker-99: Building] INFO  o.a.m.s.f.DefaultMavenResourcesFiltering - skip non existing resourceDirectory D:\BackendJava\My_Workspace\Space_Deep\Session01_Maven\mvnp-master-data\src\test\resources
2025-10-04 21:16:28,957 [Worker-108: Download sources and javadoc] INFO  o.e.m.c.i.e.AbstractTransferListenerAdapter - Downloading https://repo.maven.apache.org/maven2/org/projectlombok/lombok/1.18.42/lombok-1.18.42-sources.jar
2025-10-04 21:16:29,314 [Worker-110: Updating Maven Project] INFO  o.e.m.c.i.p.ProjectConfigurationManager - Update started
2025-10-04 21:16:29,380 [Worker-110: Updating Maven Project] INFO  o.e.m.c.i.l.LifecycleMappingFactory - Using org.eclipse.m2e.jdt.JarLifecycleMapping lifecycle mapping for MavenProject: com.jone.mvnp:mvnp-master-data:0.0.1-SNAPSHOT @ D:\BackendJava\My_Workspace\Space_Deep\Session01_Maven\mvnp-master-data\pom.xml.
2025-10-04 21:16:30,803 [Worker-108: Download sources and javadoc] INFO  o.e.m.c.i.e.AbstractTransferListenerAdapter - Downloaded https://repo.maven.apache.org/maven2/org/projectlombok/lombok/1.18.42/lombok-1.18.42-sources.jar
2025-10-04 21:16:30,807 [Worker-108: Download sources and javadoc] INFO  o.e.m.j.internal.DownloadSourcesJob - Downloaded sources for org.projectlombok:lombok:1.18.42
2025-10-04 21:16:30,852 [Worker-110: Updating Maven Project] INFO  o.e.m.j.i.AbstractJavaProjectConfigurator - Adding source folder /mvnp-master-data/src/main/java
2025-10-04 21:16:30,854 [Worker-110: Updating Maven Project] INFO  o.e.m.j.i.AbstractJavaProjectConfigurator - Adding resource folder /mvnp-master-data/src/main/resources
2025-10-04 21:16:30,855 [Worker-110: Updating Maven Project] INFO  o.e.m.j.i.AbstractJavaProjectConfigurator - Adding source folder /mvnp-master-data/src/test/java
2025-10-04 21:16:30,856 [Worker-110: Updating Maven Project] INFO  o.e.m.j.i.AbstractJavaProjectConfigurator - Adding resource folder /mvnp-master-data/src/test/resources
2025-10-04 21:16:31,084 [Worker-110: Updating Maven Project] INFO  o.e.m.c.i.p.ProjectConfigurationManager - Update completed for 1 poms: local refresh takes 0.00 sec, refresh facades takes 1.00 sec, update config takes 0.00 sec 
2025-10-04 21:16:31,641 [Worker-109: Building] INFO  o.a.m.s.f.DefaultMavenResourcesFiltering - skip non existing resourceDirectory D:\BackendJava\My_Workspace\Space_Deep\Session01_Maven\mvnp-master-data\src\main\resources
2025-10-04 21:16:31,645 [Worker-109: Building] INFO  o.a.m.s.f.DefaultMavenResourcesFiltering - skip non existing resourceDirectory D:\BackendJava\My_Workspace\Space_Deep\Session01_Maven\mvnp-master-data\src\test\resources
2025-10-04 21:16:34,626 [Worker-109: Updating Maven Dependencies] ERROR o.e.m.j.i.l.MavenLaunchConfigurationListener - Launch configuration App references closed project heathy-bmi
org.eclipse.core.runtime.CoreException: Launch configuration App references closed project heathy-bmi
	at org.eclipse.jdt.launching.JavaRuntime.abort(JavaRuntime.java:1870)
	at org.eclipse.jdt.launching.JavaRuntime.getJavaProject(JavaRuntime.java:1744)
	at org.eclipse.m2e.jdt.internal.launch.MavenLaunchConfigurationListener.updateLaunchConfiguration(MavenLaunchConfigurationListener.java:66)
	at org.eclipse.m2e.jdt.internal.launch.MavenLaunchConfigurationListener.launchConfigurationChanged(MavenLaunchConfigurationListener.java:52)
	at org.eclipse.debug.internal.core.LaunchManager$ConfigurationNotifier.run(LaunchManager.java:219)
	at org.eclipse.core.runtime.SafeRunner.run(SafeRunner.java:47)
	at org.eclipse.debug.internal.core.LaunchManager$ConfigurationNotifier.notify(LaunchManager.java:203)
	at org.eclipse.debug.internal.core.LaunchConfigurationWorkingCopy.setDirty(LaunchConfigurationWorkingCopy.java:527)
	at org.eclipse.debug.internal.core.LaunchConfigurationWorkingCopy.setAttribute(LaunchConfigurationWorkingCopy.java:415)
	at org.eclipse.m2e.jdt.internal.launch.MavenRuntimeClasspathProvider.disable(MavenRuntimeClasspathProvider.java:409)
	at org.eclipse.m2e.jdt.internal.launch.MavenRuntimeClasspathProvider.disable(MavenRuntimeClasspathProvider.java:435)
	at org.eclipse.m2e.jdt.internal.launch.MavenLaunchConfigurationListener.mavenProjectChanged(MavenLaunchConfigurationListener.java:137)
	at org.eclipse.m2e.core.internal.project.registry.ProjectRegistryManager.notifyProjectChangeListeners(ProjectRegistryManager.java:892)
	at org.eclipse.m2e.core.internal.project.registry.ProjectRegistryManager.applyMutableProjectRegistry(ProjectRegistryManager.java:1042)
	at org.eclipse.m2e.core.internal.project.registry.ProjectRegistryRefreshJob.lambda$0(ProjectRegistryRefreshJob.java:162)
	at org.eclipse.m2e.core.internal.embedder.MavenExecutionContext.executeBare(MavenExecutionContext.java:458)
	at org.eclipse.m2e.core.internal.embedder.MavenExecutionContext.execute(MavenExecutionContext.java:339)
	at org.eclipse.m2e.core.internal.embedder.MavenExecutionContext.execute(MavenExecutionContext.java:278)
	at org.eclipse.m2e.core.internal.project.registry.ProjectRegistryRefreshJob.run(ProjectRegistryRefreshJob.java:106)
	at org.eclipse.core.internal.jobs.Worker.run(Worker.java:63)
2025-10-04 21:16:34,628 [Worker-109: Updating Maven Dependencies] ERROR o.e.m.j.i.l.MavenLaunchConfigurationListener - Launch configuration App references closed project heathy-bmi
org.eclipse.core.runtime.CoreException: Launch configuration App references closed project heathy-bmi
	at org.eclipse.jdt.launching.JavaRuntime.abort(JavaRuntime.java:1870)
	at org.eclipse.jdt.launching.JavaRuntime.getJavaProject(JavaRuntime.java:1744)
	at org.eclipse.m2e.jdt.internal.launch.MavenLaunchConfigurationListener.updateLaunchConfiguration(MavenLaunchConfigurationListener.java:66)
	at org.eclipse.m2e.jdt.internal.launch.MavenLaunchConfigurationListener.launchConfigurationChanged(MavenLaunchConfigurationListener.java:52)
	at org.eclipse.debug.internal.core.LaunchManager$ConfigurationNotifier.run(LaunchManager.java:219)
	at org.eclipse.core.runtime.SafeRunner.run(SafeRunner.java:47)
	at org.eclipse.debug.internal.core.LaunchManager$ConfigurationNotifier.notify(LaunchManager.java:203)
	at org.eclipse.debug.internal.core.LaunchConfigurationWorkingCopy.setDirty(LaunchConfigurationWorkingCopy.java:527)
	at org.eclipse.debug.internal.core.LaunchConfigurationWorkingCopy.setAttribute(LaunchConfigurationWorkingCopy.java:415)
	at org.eclipse.m2e.jdt.internal.launch.MavenRuntimeClasspathProvider.disable(MavenRuntimeClasspathProvider.java:410)
	at org.eclipse.m2e.jdt.internal.launch.MavenRuntimeClasspathProvider.disable(MavenRuntimeClasspathProvider.java:435)
	at org.eclipse.m2e.jdt.internal.launch.MavenLaunchConfigurationListener.mavenProjectChanged(MavenLaunchConfigurationListener.java:137)
	at org.eclipse.m2e.core.internal.project.registry.ProjectRegistryManager.notifyProjectChangeListeners(ProjectRegistryManager.java:892)
	at org.eclipse.m2e.core.internal.project.registry.ProjectRegistryManager.applyMutableProjectRegistry(ProjectRegistryManager.java:1042)
	at org.eclipse.m2e.core.internal.project.registry.ProjectRegistryRefreshJob.lambda$0(ProjectRegistryRefreshJob.java:162)
	at org.eclipse.m2e.core.internal.embedder.MavenExecutionContext.executeBare(MavenExecutionContext.java:458)
	at org.eclipse.m2e.core.internal.embedder.MavenExecutionContext.execute(MavenExecutionContext.java:339)
	at org.eclipse.m2e.core.internal.embedder.MavenExecutionContext.execute(MavenExecutionContext.java:278)
	at org.eclipse.m2e.core.internal.project.registry.ProjectRegistryRefreshJob.run(ProjectRegistryRefreshJob.java:106)
	at org.eclipse.core.internal.jobs.Worker.run(Worker.java:63)
2025-10-04 21:16:34,633 [Worker-109: Updating Maven Dependencies] ERROR o.e.m.j.i.l.MavenLaunchConfigurationListener - Launch configuration App references closed project heathy-bmi
org.eclipse.core.runtime.CoreException: Launch configuration App references closed project heathy-bmi
	at org.eclipse.jdt.launching.JavaRuntime.abort(JavaRuntime.java:1870)
	at org.eclipse.jdt.launching.JavaRuntime.getJavaProject(JavaRuntime.java:1744)
	at org.eclipse.m2e.jdt.internal.launch.MavenLaunchConfigurationListener.updateLaunchConfiguration(MavenLaunchConfigurationListener.java:66)
	at org.eclipse.m2e.jdt.internal.launch.MavenLaunchConfigurationListener.launchConfigurationChanged(MavenLaunchConfigurationListener.java:52)
	at org.eclipse.debug.internal.core.LaunchManager$ConfigurationNotifier.run(LaunchManager.java:219)
	at org.eclipse.core.runtime.SafeRunner.run(SafeRunner.java:47)
	at org.eclipse.debug.internal.core.LaunchManager$ConfigurationNotifier.notify(LaunchManager.java:203)
	at org.eclipse.debug.internal.core.LaunchManager.launchConfigurationChanged(LaunchManager.java:1960)
	at org.eclipse.debug.internal.core.LaunchConfigurationWorkingCopy.writeNewFile(LaunchConfigurationWorkingCopy.java:380)
	at org.eclipse.debug.internal.core.LaunchConfigurationWorkingCopy.doSave0(LaunchConfigurationWorkingCopy.java:259)
	at org.eclipse.debug.internal.core.LaunchConfigurationWorkingCopy.doSave(LaunchConfigurationWorkingCopy.java:229)
	at org.eclipse.debug.internal.core.LaunchConfigurationWorkingCopy.doSave(LaunchConfigurationWorkingCopy.java:187)
	at org.eclipse.m2e.jdt.internal.launch.MavenRuntimeClasspathProvider.disable(MavenRuntimeClasspathProvider.java:411)
	at org.eclipse.m2e.jdt.internal.launch.MavenRuntimeClasspathProvider.disable(MavenRuntimeClasspathProvider.java:435)
	at org.eclipse.m2e.jdt.internal.launch.MavenLaunchConfigurationListener.mavenProjectChanged(MavenLaunchConfigurationListener.java:137)
	at org.eclipse.m2e.core.internal.project.registry.ProjectRegistryManager.notifyProjectChangeListeners(ProjectRegistryManager.java:892)
	at org.eclipse.m2e.core.internal.project.registry.ProjectRegistryManager.applyMutableProjectRegistry(ProjectRegistryManager.java:1042)
	at org.eclipse.m2e.core.internal.project.registry.ProjectRegistryRefreshJob.lambda$0(ProjectRegistryRefreshJob.java:162)
	at org.eclipse.m2e.core.internal.embedder.MavenExecutionContext.executeBare(MavenExecutionContext.java:458)
	at org.eclipse.m2e.core.internal.embedder.MavenExecutionContext.execute(MavenExecutionContext.java:339)
	at org.eclipse.m2e.core.internal.embedder.MavenExecutionContext.execute(MavenExecutionContext.java:278)
	at org.eclipse.m2e.core.internal.project.registry.ProjectRegistryRefreshJob.run(ProjectRegistryRefreshJob.java:106)
	at org.eclipse.core.internal.jobs.Worker.run(Worker.java:63)
2025-10-04 21:17:57,134 [Worker-105: Building] INFO  o.a.m.s.f.DefaultMavenResourcesFiltering - skip non existing resourceDirectory D:\BackendJava\My_Workspace\Space_Deep\Session01_Maven\mvnp-master-data\src\main\resources
2025-10-04 21:17:57,137 [Worker-105: Building] INFO  o.a.m.s.f.DefaultMavenResourcesFiltering - skip non existing resourceDirectory D:\BackendJava\My_Workspace\Space_Deep\Session01_Maven\mvnp-master-data\src\test\resources
2025-10-04 21:18:26,060 [Worker-102: Building] INFO  o.a.m.s.f.DefaultMavenResourcesFiltering - skip non existing resourceDirectory D:\BackendJava\My_Workspace\Space_Deep\Session01_Maven\mvnp-master-data\src\main\resources
2025-10-04 21:18:26,062 [Worker-102: Building] INFO  o.a.m.s.f.DefaultMavenResourcesFiltering - skip non existing resourceDirectory D:\BackendJava\My_Workspace\Space_Deep\Session01_Maven\mvnp-master-data\src\test\resources
2025-10-04 21:19:07,142 [Worker-106: Building] INFO  o.a.m.s.f.DefaultMavenResourcesFiltering - skip non existing resourceDirectory D:\BackendJava\My_Workspace\Space_Deep\Session01_Maven\mvnp-master-data\src\main\resources
2025-10-04 21:19:07,144 [Worker-106: Building] INFO  o.a.m.s.f.DefaultMavenResourcesFiltering - skip non existing resourceDirectory D:\BackendJava\My_Workspace\Space_Deep\Session01_Maven\mvnp-master-data\src\test\resources
2025-10-04 21:20:03,987 [Worker-105: Building] INFO  o.a.m.s.f.DefaultMavenResourcesFiltering - skip non existing resourceDirectory D:\BackendJava\My_Workspace\Space_Deep\Session01_Maven\mvnp-master-data\src\main\resources
2025-10-04 21:20:03,989 [Worker-105: Building] INFO  o.a.m.s.f.DefaultMavenResourcesFiltering - skip non existing resourceDirectory D:\BackendJava\My_Workspace\Space_Deep\Session01_Maven\mvnp-master-data\src\test\resources
2025-10-04 21:22:23,770 [Worker-99: Building] INFO  o.a.m.s.f.DefaultMavenResourcesFiltering - skip non existing resourceDirectory D:\BackendJava\My_Workspace\Space_Deep\Session01_Maven\mvnp-master-data\src\main\resources
2025-10-04 21:22:23,774 [Worker-99: Building] INFO  o.a.m.s.f.DefaultMavenResourcesFiltering - skip non existing resourceDirectory D:\BackendJava\My_Workspace\Space_Deep\Session01_Maven\mvnp-master-data\src\test\resources
2025-10-04 21:24:50,405 [Worker-105: Building] INFO  o.a.m.s.f.DefaultMavenResourcesFiltering - skip non existing resourceDirectory D:\BackendJava\My_Workspace\Space_Deep\Session01_Maven\mvnp-master-data\src\main\resources
2025-10-04 21:24:50,409 [Worker-105: Building] INFO  o.a.m.s.f.DefaultMavenResourcesFiltering - skip non existing resourceDirectory D:\BackendJava\My_Workspace\Space_Deep\Session01_Maven\mvnp-master-data\src\test\resources
2025-10-04 21:26:03,177 [Worker-107: Building] INFO  o.a.m.s.f.DefaultMavenResourcesFiltering - skip non existing resourceDirectory D:\BackendJava\My_Workspace\Space_Deep\Session01_Maven\mvnp-master-data\src\main\resources
2025-10-04 21:26:03,179 [Worker-107: Building] INFO  o.a.m.s.f.DefaultMavenResourcesFiltering - skip non existing resourceDirectory D:\BackendJava\My_Workspace\Space_Deep\Session01_Maven\mvnp-master-data\src\test\resources
2025-10-04 21:28:43,847 [Worker-105: Building] INFO  o.a.m.s.f.DefaultMavenResourcesFiltering - skip non existing resourceDirectory D:\BackendJava\My_Workspace\Space_Deep\Session01_Maven\mvnp-master-data\src\main\resources
2025-10-04 21:28:43,850 [Worker-105: Building] INFO  o.a.m.s.f.DefaultMavenResourcesFiltering - skip non existing resourceDirectory D:\BackendJava\My_Workspace\Space_Deep\Session01_Maven\mvnp-master-data\src\test\resources
2025-10-04 21:29:02,718 [Worker-99: Updating Maven Dependencies] INFO  o.e.m.c.i.l.LifecycleMappingFactory - Using org.eclipse.m2e.jdt.JarLifecycleMapping lifecycle mapping for MavenProject: com.jone.heath:heathy-bmi:10.44 @ D:\BackendJava\My_Workspace\Space_Deep\Session01_Maven\heathy-bmi\pom.xml.
2025-10-04 21:48:21,916 [Worker-115: Updating Maven Dependencies] ERROR o.e.m.j.i.l.MavenLaunchConfigurationListener - Launch configuration App references closed project heathy-bmi
org.eclipse.core.runtime.CoreException: Launch configuration App references closed project heathy-bmi
	at org.eclipse.jdt.launching.JavaRuntime.abort(JavaRuntime.java:1870)
	at org.eclipse.jdt.launching.JavaRuntime.getJavaProject(JavaRuntime.java:1744)
	at org.eclipse.m2e.jdt.internal.launch.MavenLaunchConfigurationListener.updateLaunchConfiguration(MavenLaunchConfigurationListener.java:66)
	at org.eclipse.m2e.jdt.internal.launch.MavenLaunchConfigurationListener.launchConfigurationChanged(MavenLaunchConfigurationListener.java:52)
	at org.eclipse.debug.internal.core.LaunchManager$ConfigurationNotifier.run(LaunchManager.java:219)
	at org.eclipse.core.runtime.SafeRunner.run(SafeRunner.java:47)
	at org.eclipse.debug.internal.core.LaunchManager$ConfigurationNotifier.notify(LaunchManager.java:203)
	at org.eclipse.debug.internal.core.LaunchConfigurationWorkingCopy.setDirty(LaunchConfigurationWorkingCopy.java:527)
	at org.eclipse.debug.internal.core.LaunchConfigurationWorkingCopy.setAttribute(LaunchConfigurationWorkingCopy.java:415)
	at org.eclipse.m2e.jdt.internal.launch.MavenRuntimeClasspathProvider.disable(MavenRuntimeClasspathProvider.java:409)
	at org.eclipse.m2e.jdt.internal.launch.MavenRuntimeClasspathProvider.disable(MavenRuntimeClasspathProvider.java:435)
	at org.eclipse.m2e.jdt.internal.launch.MavenLaunchConfigurationListener.mavenProjectChanged(MavenLaunchConfigurationListener.java:137)
	at org.eclipse.m2e.core.internal.project.registry.ProjectRegistryManager.notifyProjectChangeListeners(ProjectRegistryManager.java:892)
	at org.eclipse.m2e.core.internal.project.registry.ProjectRegistryManager.applyMutableProjectRegistry(ProjectRegistryManager.java:1042)
	at org.eclipse.m2e.core.internal.project.registry.ProjectRegistryRefreshJob.lambda$0(ProjectRegistryRefreshJob.java:162)
	at org.eclipse.m2e.core.internal.embedder.MavenExecutionContext.executeBare(MavenExecutionContext.java:458)
	at org.eclipse.m2e.core.internal.embedder.MavenExecutionContext.execute(MavenExecutionContext.java:339)
	at org.eclipse.m2e.core.internal.embedder.MavenExecutionContext.execute(MavenExecutionContext.java:278)
	at org.eclipse.m2e.core.internal.project.registry.ProjectRegistryRefreshJob.run(ProjectRegistryRefreshJob.java:106)
	at org.eclipse.core.internal.jobs.Worker.run(Worker.java:63)
2025-10-04 21:48:21,918 [Worker-115: Updating Maven Dependencies] ERROR o.e.m.j.i.l.MavenLaunchConfigurationListener - Launch configuration App references closed project heathy-bmi
org.eclipse.core.runtime.CoreException: Launch configuration App references closed project heathy-bmi
	at org.eclipse.jdt.launching.JavaRuntime.abort(JavaRuntime.java:1870)
	at org.eclipse.jdt.launching.JavaRuntime.getJavaProject(JavaRuntime.java:1744)
	at org.eclipse.m2e.jdt.internal.launch.MavenLaunchConfigurationListener.updateLaunchConfiguration(MavenLaunchConfigurationListener.java:66)
	at org.eclipse.m2e.jdt.internal.launch.MavenLaunchConfigurationListener.launchConfigurationChanged(MavenLaunchConfigurationListener.java:52)
	at org.eclipse.debug.internal.core.LaunchManager$ConfigurationNotifier.run(LaunchManager.java:219)
	at org.eclipse.core.runtime.SafeRunner.run(SafeRunner.java:47)
	at org.eclipse.debug.internal.core.LaunchManager$ConfigurationNotifier.notify(LaunchManager.java:203)
	at org.eclipse.debug.internal.core.LaunchConfigurationWorkingCopy.setDirty(LaunchConfigurationWorkingCopy.java:527)
	at org.eclipse.debug.internal.core.LaunchConfigurationWorkingCopy.setAttribute(LaunchConfigurationWorkingCopy.java:415)
	at org.eclipse.m2e.jdt.internal.launch.MavenRuntimeClasspathProvider.disable(MavenRuntimeClasspathProvider.java:410)
	at org.eclipse.m2e.jdt.internal.launch.MavenRuntimeClasspathProvider.disable(MavenRuntimeClasspathProvider.java:435)
	at org.eclipse.m2e.jdt.internal.launch.MavenLaunchConfigurationListener.mavenProjectChanged(MavenLaunchConfigurationListener.java:137)
	at org.eclipse.m2e.core.internal.project.registry.ProjectRegistryManager.notifyProjectChangeListeners(ProjectRegistryManager.java:892)
	at org.eclipse.m2e.core.internal.project.registry.ProjectRegistryManager.applyMutableProjectRegistry(ProjectRegistryManager.java:1042)
	at org.eclipse.m2e.core.internal.project.registry.ProjectRegistryRefreshJob.lambda$0(ProjectRegistryRefreshJob.java:162)
	at org.eclipse.m2e.core.internal.embedder.MavenExecutionContext.executeBare(MavenExecutionContext.java:458)
	at org.eclipse.m2e.core.internal.embedder.MavenExecutionContext.execute(MavenExecutionContext.java:339)
	at org.eclipse.m2e.core.internal.embedder.MavenExecutionContext.execute(MavenExecutionContext.java:278)
	at org.eclipse.m2e.core.internal.project.registry.ProjectRegistryRefreshJob.run(ProjectRegistryRefreshJob.java:106)
	at org.eclipse.core.internal.jobs.Worker.run(Worker.java:63)
2025-10-04 21:48:21,924 [Worker-115: Updating Maven Dependencies] ERROR o.e.m.j.i.l.MavenLaunchConfigurationListener - Launch configuration App references closed project heathy-bmi
org.eclipse.core.runtime.CoreException: Launch configuration App references closed project heathy-bmi
	at org.eclipse.jdt.launching.JavaRuntime.abort(JavaRuntime.java:1870)
	at org.eclipse.jdt.launching.JavaRuntime.getJavaProject(JavaRuntime.java:1744)
	at org.eclipse.m2e.jdt.internal.launch.MavenLaunchConfigurationListener.updateLaunchConfiguration(MavenLaunchConfigurationListener.java:66)
	at org.eclipse.m2e.jdt.internal.launch.MavenLaunchConfigurationListener.launchConfigurationChanged(MavenLaunchConfigurationListener.java:52)
	at org.eclipse.debug.internal.core.LaunchManager$ConfigurationNotifier.run(LaunchManager.java:219)
	at org.eclipse.core.runtime.SafeRunner.run(SafeRunner.java:47)
	at org.eclipse.debug.internal.core.LaunchManager$ConfigurationNotifier.notify(LaunchManager.java:203)
	at org.eclipse.debug.internal.core.LaunchManager.launchConfigurationChanged(LaunchManager.java:1960)
	at org.eclipse.debug.internal.core.LaunchConfigurationWorkingCopy.writeNewFile(LaunchConfigurationWorkingCopy.java:380)
	at org.eclipse.debug.internal.core.LaunchConfigurationWorkingCopy.doSave0(LaunchConfigurationWorkingCopy.java:259)
	at org.eclipse.debug.internal.core.LaunchConfigurationWorkingCopy.doSave(LaunchConfigurationWorkingCopy.java:229)
	at org.eclipse.debug.internal.core.LaunchConfigurationWorkingCopy.doSave(LaunchConfigurationWorkingCopy.java:187)
	at org.eclipse.m2e.jdt.internal.launch.MavenRuntimeClasspathProvider.disable(MavenRuntimeClasspathProvider.java:411)
	at org.eclipse.m2e.jdt.internal.launch.MavenRuntimeClasspathProvider.disable(MavenRuntimeClasspathProvider.java:435)
	at org.eclipse.m2e.jdt.internal.launch.MavenLaunchConfigurationListener.mavenProjectChanged(MavenLaunchConfigurationListener.java:137)
	at org.eclipse.m2e.core.internal.project.registry.ProjectRegistryManager.notifyProjectChangeListeners(ProjectRegistryManager.java:892)
	at org.eclipse.m2e.core.internal.project.registry.ProjectRegistryManager.applyMutableProjectRegistry(ProjectRegistryManager.java:1042)
	at org.eclipse.m2e.core.internal.project.registry.ProjectRegistryRefreshJob.lambda$0(ProjectRegistryRefreshJob.java:162)
	at org.eclipse.m2e.core.internal.embedder.MavenExecutionContext.executeBare(MavenExecutionContext.java:458)
	at org.eclipse.m2e.core.internal.embedder.MavenExecutionContext.execute(MavenExecutionContext.java:339)
	at org.eclipse.m2e.core.internal.embedder.MavenExecutionContext.execute(MavenExecutionContext.java:278)
	at org.eclipse.m2e.core.internal.project.registry.ProjectRegistryRefreshJob.run(ProjectRegistryRefreshJob.java:106)
	at org.eclipse.core.internal.jobs.Worker.run(Worker.java:63)
2025-10-04 21:48:31,196 [Worker-117: Building] INFO  o.e.m.c.i.l.LifecycleMappingFactory - Using org.eclipse.m2e.jdt.JarLifecycleMapping lifecycle mapping for MavenProject: com.jone.mvnp:mvnp-master-data:0.0.1-SNAPSHOT @ D:\BackendJava\My_Workspace\Space_Deep\Session01_Maven\mvnp-master-data\pom.xml.
2025-10-04 21:48:31,489 [Worker-117: Building] INFO  o.e.m.c.i.e.AbstractTransferListenerAdapter - Downloading https://repo.maven.apache.org/maven2/com/fasterxml/jackson/core/jackson-databind/2.20.0/jackson-databind-2.20.0.pom
2025-10-04 21:48:31,547 [Worker-117: Building] INFO  o.e.m.c.i.e.AbstractTransferListenerAdapter - Downloaded https://repo.maven.apache.org/maven2/com/fasterxml/jackson/core/jackson-databind/2.20.0/jackson-databind-2.20.0.pom
2025-10-04 21:48:31,654 [Worker-117: Building] INFO  o.e.m.c.i.e.AbstractTransferListenerAdapter - Downloading https://repo.maven.apache.org/maven2/com/fasterxml/jackson/jackson-base/2.20.0/jackson-base-2.20.0.pom
2025-10-04 21:48:31,696 [Worker-117: Building] INFO  o.e.m.c.i.e.AbstractTransferListenerAdapter - Downloaded https://repo.maven.apache.org/maven2/com/fasterxml/jackson/jackson-base/2.20.0/jackson-base-2.20.0.pom
2025-10-04 21:48:31,873 [Worker-117: Building] INFO  o.e.m.c.i.e.AbstractTransferListenerAdapter - Downloading https://repo.maven.apache.org/maven2/com/fasterxml/jackson/jackson-bom/2.20.0/jackson-bom-2.20.0.pom
2025-10-04 21:48:31,909 [Worker-117: Building] INFO  o.e.m.c.i.e.AbstractTransferListenerAdapter - Downloaded https://repo.maven.apache.org/maven2/com/fasterxml/jackson/jackson-bom/2.20.0/jackson-bom-2.20.0.pom
2025-10-04 21:48:32,064 [Worker-117: Building] INFO  o.e.m.c.i.e.AbstractTransferListenerAdapter - Downloading https://repo.maven.apache.org/maven2/com/fasterxml/jackson/jackson-parent/2.20/jackson-parent-2.20.pom
2025-10-04 21:48:32,092 [Worker-117: Building] INFO  o.e.m.c.i.e.AbstractTransferListenerAdapter - Downloaded https://repo.maven.apache.org/maven2/com/fasterxml/jackson/jackson-parent/2.20/jackson-parent-2.20.pom
2025-10-04 21:48:32,229 [Worker-117: Building] INFO  o.e.m.c.i.e.AbstractTransferListenerAdapter - Downloading https://repo.maven.apache.org/maven2/com/fasterxml/oss-parent/70/oss-parent-70.pom
2025-10-04 21:48:32,267 [Worker-117: Building] INFO  o.e.m.c.i.e.AbstractTransferListenerAdapter - Downloaded https://repo.maven.apache.org/maven2/com/fasterxml/oss-parent/70/oss-parent-70.pom
2025-10-04 21:48:32,374 [Worker-117: Building] INFO  o.e.m.c.i.e.AbstractTransferListenerAdapter - Downloading https://repo.maven.apache.org/maven2/org/junit/junit-bom/5.13.4/junit-bom-5.13.4.pom
2025-10-04 21:48:32,408 [Worker-117: Building] INFO  o.e.m.c.i.e.AbstractTransferListenerAdapter - Downloaded https://repo.maven.apache.org/maven2/org/junit/junit-bom/5.13.4/junit-bom-5.13.4.pom
2025-10-04 21:48:32,520 [Worker-117: Building] INFO  o.e.m.c.i.e.AbstractTransferListenerAdapter - Downloading https://repo.maven.apache.org/maven2/com/fasterxml/jackson/core/jackson-annotations/2.20/jackson-annotations-2.20.pom
2025-10-04 21:48:32,552 [Worker-117: Building] INFO  o.e.m.c.i.e.AbstractTransferListenerAdapter - Downloaded https://repo.maven.apache.org/maven2/com/fasterxml/jackson/core/jackson-annotations/2.20/jackson-annotations-2.20.pom
2025-10-04 21:48:32,679 [Worker-117: Building] INFO  o.e.m.c.i.e.AbstractTransferListenerAdapter - Downloading https://repo.maven.apache.org/maven2/com/fasterxml/jackson/core/jackson-core/2.20.0/jackson-core-2.20.0.pom
2025-10-04 21:48:32,725 [Worker-117: Building] INFO  o.e.m.c.i.e.AbstractTransferListenerAdapter - Downloaded https://repo.maven.apache.org/maven2/com/fasterxml/jackson/core/jackson-core/2.20.0/jackson-core-2.20.0.pom
2025-10-04 21:48:32,849 [Worker-117: Building] INFO  o.e.m.c.i.e.AbstractTransferListenerAdapter - Downloading https://repo.maven.apache.org/maven2/com/fasterxml/jackson/core/jackson-databind/2.20.0/jackson-databind-2.20.0.jar
2025-10-04 21:48:33,736 [Worker-117: Building] INFO  o.e.m.c.i.e.AbstractTransferListenerAdapter - Downloaded https://repo.maven.apache.org/maven2/com/fasterxml/jackson/core/jackson-databind/2.20.0/jackson-databind-2.20.0.jar
2025-10-04 21:48:33,825 [BasicRepositoryConnector-repo.maven.apache.org-0-0] INFO  o.e.m.c.i.e.AbstractTransferListenerAdapter - Downloading https://repo.maven.apache.org/maven2/com/fasterxml/jackson/core/jackson-annotations/2.20/jackson-annotations-2.20.jar
2025-10-04 21:48:33,877 [BasicRepositoryConnector-repo.maven.apache.org-0-0] INFO  o.e.m.c.i.e.AbstractTransferListenerAdapter - Downloaded https://repo.maven.apache.org/maven2/com/fasterxml/jackson/core/jackson-annotations/2.20/jackson-annotations-2.20.jar
2025-10-04 21:48:33,946 [BasicRepositoryConnector-repo.maven.apache.org-0-1] INFO  o.e.m.c.i.e.AbstractTransferListenerAdapter - Downloading https://repo.maven.apache.org/maven2/com/fasterxml/jackson/core/jackson-core/2.20.0/jackson-core-2.20.0.jar
2025-10-04 21:48:34,265 [BasicRepositoryConnector-repo.maven.apache.org-0-1] INFO  o.e.m.c.i.e.AbstractTransferListenerAdapter - Downloaded https://repo.maven.apache.org/maven2/com/fasterxml/jackson/core/jackson-core/2.20.0/jackson-core-2.20.0.jar
2025-10-04 21:48:34,456 [Worker-117: Building] INFO  o.a.m.s.f.DefaultMavenResourcesFiltering - skip non existing resourceDirectory D:\BackendJava\My_Workspace\Space_Deep\Session01_Maven\mvnp-master-data\src\main\resources
2025-10-04 21:48:34,462 [Worker-117: Building] INFO  o.a.m.s.f.DefaultMavenResourcesFiltering - skip non existing resourceDirectory D:\BackendJava\My_Workspace\Space_Deep\Session01_Maven\mvnp-master-data\src\test\resources
2025-10-04 21:48:35,537 [Worker-120: Building] INFO  o.a.m.s.f.DefaultMavenResourcesFiltering - skip non existing resourceDirectory D:\BackendJava\My_Workspace\Space_Deep\Session01_Maven\mvnp-master-data\src\main\resources
2025-10-04 21:48:35,539 [Worker-120: Building] INFO  o.a.m.s.f.DefaultMavenResourcesFiltering - skip non existing resourceDirectory D:\BackendJava\My_Workspace\Space_Deep\Session01_Maven\mvnp-master-data\src\test\resources
2025-10-04 21:48:35,609 [Worker-121: Download sources and javadoc] INFO  o.e.m.c.i.e.AbstractTransferListenerAdapter - Downloading https://repo.maven.apache.org/maven2/com/fasterxml/jackson/core/jackson-databind/2.20.0/jackson-databind-2.20.0-sources.jar
2025-10-04 21:48:36,137 [Worker-121: Download sources and javadoc] INFO  o.e.m.c.i.e.AbstractTransferListenerAdapter - Downloaded https://repo.maven.apache.org/maven2/com/fasterxml/jackson/core/jackson-databind/2.20.0/jackson-databind-2.20.0-sources.jar
2025-10-04 21:48:36,141 [Worker-121: Download sources and javadoc] INFO  o.e.m.j.internal.DownloadSourcesJob - Downloaded sources for com.fasterxml.jackson.core:jackson-databind:2.20.0
2025-10-04 21:48:36,468 [Worker-121: Download sources and javadoc] INFO  o.e.m.c.i.e.AbstractTransferListenerAdapter - Downloading https://repo.maven.apache.org/maven2/com/fasterxml/jackson/core/jackson-annotations/2.20/jackson-annotations-2.20-sources.jar
2025-10-04 21:48:36,540 [Worker-121: Download sources and javadoc] INFO  o.e.m.c.i.e.AbstractTransferListenerAdapter - Downloaded https://repo.maven.apache.org/maven2/com/fasterxml/jackson/core/jackson-annotations/2.20/jackson-annotations-2.20-sources.jar
2025-10-04 21:48:36,544 [Worker-121: Download sources and javadoc] INFO  o.e.m.j.internal.DownloadSourcesJob - Downloaded sources for com.fasterxml.jackson.core:jackson-annotations:2.20
2025-10-04 21:48:36,794 [Worker-121: Download sources and javadoc] INFO  o.e.m.c.i.e.AbstractTransferListenerAdapter - Downloading https://repo.maven.apache.org/maven2/com/fasterxml/jackson/core/jackson-core/2.20.0/jackson-core-2.20.0-sources.jar
2025-10-04 21:48:37,064 [Worker-121: Download sources and javadoc] INFO  o.e.m.c.i.e.AbstractTransferListenerAdapter - Downloaded https://repo.maven.apache.org/maven2/com/fasterxml/jackson/core/jackson-core/2.20.0/jackson-core-2.20.0-sources.jar
2025-10-04 21:48:37,067 [Worker-121: Download sources and javadoc] INFO  o.e.m.j.internal.DownloadSourcesJob - Downloaded sources for com.fasterxml.jackson.core:jackson-core:2.20.0
2025-10-04 21:56:01,994 [Worker-125: Building] INFO  o.a.m.s.f.DefaultMavenResourcesFiltering - skip non existing resourceDirectory D:\BackendJava\My_Workspace\Space_Deep\Session01_Maven\mvnp-master-data\src\main\resources
2025-10-04 21:56:01,997 [Worker-125: Building] INFO  o.a.m.s.f.DefaultMavenResourcesFiltering - skip non existing resourceDirectory D:\BackendJava\My_Workspace\Space_Deep\Session01_Maven\mvnp-master-data\src\test\resources
2025-10-04 21:56:30,151 [Worker-127: Building] INFO  o.a.m.s.f.DefaultMavenResourcesFiltering - skip non existing resourceDirectory D:\BackendJava\My_Workspace\Space_Deep\Session01_Maven\mvnp-master-data\src\main\resources
2025-10-04 21:56:30,152 [Worker-127: Building] INFO  o.a.m.s.f.DefaultMavenResourcesFiltering - skip non existing resourceDirectory D:\BackendJava\My_Workspace\Space_Deep\Session01_Maven\mvnp-master-data\src\test\resources
2025-10-04 21:59:31,463 [Worker-129: Building] INFO  o.a.m.s.f.DefaultMavenResourcesFiltering - skip non existing resourceDirectory D:\BackendJava\My_Workspace\Space_Deep\Session01_Maven\mvnp-master-data\src\main\resources
2025-10-04 21:59:31,465 [Worker-129: Building] INFO  o.a.m.s.f.DefaultMavenResourcesFiltering - skip non existing resourceDirectory D:\BackendJava\My_Workspace\Space_Deep\Session01_Maven\mvnp-master-data\src\test\resources
2025-10-04 22:09:38,817 [Worker-131: Building] INFO  o.a.m.s.f.DefaultMavenResourcesFiltering - skip non existing resourceDirectory D:\BackendJava\My_Workspace\Space_Deep\Session01_Maven\mvnp-master-data\src\main\resources
2025-10-04 22:09:38,818 [Worker-131: Building] INFO  o.a.m.s.f.DefaultMavenResourcesFiltering - skip non existing resourceDirectory D:\BackendJava\My_Workspace\Space_Deep\Session01_Maven\mvnp-master-data\src\test\resources
2025-10-04 22:12:07,467 [Worker-130: Building] INFO  o.a.m.s.f.DefaultMavenResourcesFiltering - skip non existing resourceDirectory D:\BackendJava\My_Workspace\Space_Deep\Session01_Maven\mvnp-master-data\src\main\resources
2025-10-04 22:12:07,470 [Worker-130: Building] INFO  o.a.m.s.f.DefaultMavenResourcesFiltering - skip non existing resourceDirectory D:\BackendJava\My_Workspace\Space_Deep\Session01_Maven\mvnp-master-data\src\test\resources
2025-10-04 22:13:08,961 [Worker-133: Building] INFO  o.a.m.s.f.DefaultMavenResourcesFiltering - skip non existing resourceDirectory D:\BackendJava\My_Workspace\Space_Deep\Session01_Maven\mvnp-master-data\src\main\resources
2025-10-04 22:13:08,963 [Worker-133: Building] INFO  o.a.m.s.f.DefaultMavenResourcesFiltering - skip non existing resourceDirectory D:\BackendJava\My_Workspace\Space_Deep\Session01_Maven\mvnp-master-data\src\test\resources
2025-10-06 16:21:48,795 [Worker-2: Loading available Gradle versions] INFO  o.e.b.c.i.u.g.PublishedGradleVersions - Gradle version information cache is out-of-date. Trying to update.
2025-10-06 16:25:09,564 [Worker-1: Updating Maven Dependencies] ERROR o.e.m.j.i.l.MavenLaunchConfigurationListener - Launch configuration App (1) references closed project mvnp-master-data
org.eclipse.core.runtime.CoreException: Launch configuration App (1) references closed project mvnp-master-data
	at org.eclipse.jdt.launching.JavaRuntime.abort(JavaRuntime.java:1870)
	at org.eclipse.jdt.launching.JavaRuntime.getJavaProject(JavaRuntime.java:1744)
	at org.eclipse.m2e.jdt.internal.launch.MavenLaunchConfigurationListener.updateLaunchConfiguration(MavenLaunchConfigurationListener.java:66)
	at org.eclipse.m2e.jdt.internal.launch.MavenLaunchConfigurationListener.launchConfigurationChanged(MavenLaunchConfigurationListener.java:52)
	at org.eclipse.debug.internal.core.LaunchManager$ConfigurationNotifier.run(LaunchManager.java:219)
	at org.eclipse.core.runtime.SafeRunner.run(SafeRunner.java:47)
	at org.eclipse.debug.internal.core.LaunchManager$ConfigurationNotifier.notify(LaunchManager.java:203)
	at org.eclipse.debug.internal.core.LaunchConfigurationWorkingCopy.setDirty(LaunchConfigurationWorkingCopy.java:527)
	at org.eclipse.debug.internal.core.LaunchConfigurationWorkingCopy.setAttribute(LaunchConfigurationWorkingCopy.java:415)
	at org.eclipse.m2e.jdt.internal.launch.MavenRuntimeClasspathProvider.disable(MavenRuntimeClasspathProvider.java:409)
	at org.eclipse.m2e.jdt.internal.launch.MavenRuntimeClasspathProvider.disable(MavenRuntimeClasspathProvider.java:435)
	at org.eclipse.m2e.jdt.internal.launch.MavenLaunchConfigurationListener.mavenProjectChanged(MavenLaunchConfigurationListener.java:137)
	at org.eclipse.m2e.core.internal.project.registry.ProjectRegistryManager.notifyProjectChangeListeners(ProjectRegistryManager.java:892)
	at org.eclipse.m2e.core.internal.project.registry.ProjectRegistryManager.applyMutableProjectRegistry(ProjectRegistryManager.java:1042)
	at org.eclipse.m2e.core.internal.project.registry.ProjectRegistryRefreshJob.lambda$0(ProjectRegistryRefreshJob.java:162)
	at org.eclipse.m2e.core.internal.embedder.MavenExecutionContext.executeBare(MavenExecutionContext.java:458)
	at org.eclipse.m2e.core.internal.embedder.MavenExecutionContext.execute(MavenExecutionContext.java:339)
	at org.eclipse.m2e.core.internal.embedder.MavenExecutionContext.execute(MavenExecutionContext.java:278)
	at org.eclipse.m2e.core.internal.project.registry.ProjectRegistryRefreshJob.run(ProjectRegistryRefreshJob.java:106)
	at org.eclipse.core.internal.jobs.Worker.run(Worker.java:63)
2025-10-06 16:25:09,577 [Worker-1: Updating Maven Dependencies] ERROR o.e.m.j.i.l.MavenLaunchConfigurationListener - Launch configuration App (1) references closed project mvnp-master-data
org.eclipse.core.runtime.CoreException: Launch configuration App (1) references closed project mvnp-master-data
	at org.eclipse.jdt.launching.JavaRuntime.abort(JavaRuntime.java:1870)
	at org.eclipse.jdt.launching.JavaRuntime.getJavaProject(JavaRuntime.java:1744)
	at org.eclipse.m2e.jdt.internal.launch.MavenLaunchConfigurationListener.updateLaunchConfiguration(MavenLaunchConfigurationListener.java:66)
	at org.eclipse.m2e.jdt.internal.launch.MavenLaunchConfigurationListener.launchConfigurationChanged(MavenLaunchConfigurationListener.java:52)
	at org.eclipse.debug.internal.core.LaunchManager$ConfigurationNotifier.run(LaunchManager.java:219)
	at org.eclipse.core.runtime.SafeRunner.run(SafeRunner.java:47)
	at org.eclipse.debug.internal.core.LaunchManager$ConfigurationNotifier.notify(LaunchManager.java:203)
	at org.eclipse.debug.internal.core.LaunchConfigurationWorkingCopy.setDirty(LaunchConfigurationWorkingCopy.java:527)
	at org.eclipse.debug.internal.core.LaunchConfigurationWorkingCopy.setAttribute(LaunchConfigurationWorkingCopy.java:415)
	at org.eclipse.m2e.jdt.internal.launch.MavenRuntimeClasspathProvider.disable(MavenRuntimeClasspathProvider.java:410)
	at org.eclipse.m2e.jdt.internal.launch.MavenRuntimeClasspathProvider.disable(MavenRuntimeClasspathProvider.java:435)
	at org.eclipse.m2e.jdt.internal.launch.MavenLaunchConfigurationListener.mavenProjectChanged(MavenLaunchConfigurationListener.java:137)
	at org.eclipse.m2e.core.internal.project.registry.ProjectRegistryManager.notifyProjectChangeListeners(ProjectRegistryManager.java:892)
	at org.eclipse.m2e.core.internal.project.registry.ProjectRegistryManager.applyMutableProjectRegistry(ProjectRegistryManager.java:1042)
	at org.eclipse.m2e.core.internal.project.registry.ProjectRegistryRefreshJob.lambda$0(ProjectRegistryRefreshJob.java:162)
	at org.eclipse.m2e.core.internal.embedder.MavenExecutionContext.executeBare(MavenExecutionContext.java:458)
	at org.eclipse.m2e.core.internal.embedder.MavenExecutionContext.execute(MavenExecutionContext.java:339)
	at org.eclipse.m2e.core.internal.embedder.MavenExecutionContext.execute(MavenExecutionContext.java:278)
	at org.eclipse.m2e.core.internal.project.registry.ProjectRegistryRefreshJob.run(ProjectRegistryRefreshJob.java:106)
	at org.eclipse.core.internal.jobs.Worker.run(Worker.java:63)
2025-10-06 16:25:09,596 [Worker-1: Updating Maven Dependencies] ERROR o.e.m.j.i.l.MavenLaunchConfigurationListener - Launch configuration App (1) references closed project mvnp-master-data
org.eclipse.core.runtime.CoreException: Launch configuration App (1) references closed project mvnp-master-data
	at org.eclipse.jdt.launching.JavaRuntime.abort(JavaRuntime.java:1870)
	at org.eclipse.jdt.launching.JavaRuntime.getJavaProject(JavaRuntime.java:1744)
	at org.eclipse.m2e.jdt.internal.launch.MavenLaunchConfigurationListener.updateLaunchConfiguration(MavenLaunchConfigurationListener.java:66)
	at org.eclipse.m2e.jdt.internal.launch.MavenLaunchConfigurationListener.launchConfigurationChanged(MavenLaunchConfigurationListener.java:52)
	at org.eclipse.debug.internal.core.LaunchManager$ConfigurationNotifier.run(LaunchManager.java:219)
	at org.eclipse.core.runtime.SafeRunner.run(SafeRunner.java:47)
	at org.eclipse.debug.internal.core.LaunchManager$ConfigurationNotifier.notify(LaunchManager.java:203)
	at org.eclipse.debug.internal.core.LaunchManager.launchConfigurationChanged(LaunchManager.java:1960)
	at org.eclipse.debug.internal.core.LaunchConfigurationWorkingCopy.writeNewFile(LaunchConfigurationWorkingCopy.java:380)
	at org.eclipse.debug.internal.core.LaunchConfigurationWorkingCopy.doSave0(LaunchConfigurationWorkingCopy.java:259)
	at org.eclipse.debug.internal.core.LaunchConfigurationWorkingCopy.doSave(LaunchConfigurationWorkingCopy.java:229)
	at org.eclipse.debug.internal.core.LaunchConfigurationWorkingCopy.doSave(LaunchConfigurationWorkingCopy.java:187)
	at org.eclipse.m2e.jdt.internal.launch.MavenRuntimeClasspathProvider.disable(MavenRuntimeClasspathProvider.java:411)
	at org.eclipse.m2e.jdt.internal.launch.MavenRuntimeClasspathProvider.disable(MavenRuntimeClasspathProvider.java:435)
	at org.eclipse.m2e.jdt.internal.launch.MavenLaunchConfigurationListener.mavenProjectChanged(MavenLaunchConfigurationListener.java:137)
	at org.eclipse.m2e.core.internal.project.registry.ProjectRegistryManager.notifyProjectChangeListeners(ProjectRegistryManager.java:892)
	at org.eclipse.m2e.core.internal.project.registry.ProjectRegistryManager.applyMutableProjectRegistry(ProjectRegistryManager.java:1042)
	at org.eclipse.m2e.core.internal.project.registry.ProjectRegistryRefreshJob.lambda$0(ProjectRegistryRefreshJob.java:162)
	at org.eclipse.m2e.core.internal.embedder.MavenExecutionContext.executeBare(MavenExecutionContext.java:458)
	at org.eclipse.m2e.core.internal.embedder.MavenExecutionContext.execute(MavenExecutionContext.java:339)
	at org.eclipse.m2e.core.internal.embedder.MavenExecutionContext.execute(MavenExecutionContext.java:278)
	at org.eclipse.m2e.core.internal.project.registry.ProjectRegistryRefreshJob.run(ProjectRegistryRefreshJob.java:106)
	at org.eclipse.core.internal.jobs.Worker.run(Worker.java:63)
2025-10-06 16:30:28,507 [Worker-21: Launching mavenrun-5a190a15-9fa0-4923-93a4-b2e030629c00] INFO  o.eclipse.m2e.core.internal.Bundles - getClasspathEntries(Bundle=org.eclipse.m2e.maven.runtime_3.9.900.20240824-1409 [640])
2025-10-06 16:30:28,509 [Worker-21: Launching mavenrun-5a190a15-9fa0-4923-93a4-b2e030629c00] INFO  o.eclipse.m2e.core.internal.Bundles - 	Entry: C:\Users\PHAN ANH TUAN\.p2\pool\plugins\org.eclipse.m2e.maven.runtime_3.9.900.20240824-1409
2025-10-06 16:30:28,510 [Worker-21: Launching mavenrun-5a190a15-9fa0-4923-93a4-b2e030629c00] INFO  o.eclipse.m2e.core.internal.Bundles - 	Entry: C:\Users\PHAN ANH TUAN\.p2\pool\plugins\org.eclipse.m2e.maven.runtime_3.9.900.20240824-1409\jars\aopalliance-1.0.jar
2025-10-06 16:30:28,510 [Worker-21: Launching mavenrun-5a190a15-9fa0-4923-93a4-b2e030629c00] INFO  o.eclipse.m2e.core.internal.Bundles - 	Entry: C:\Users\PHAN ANH TUAN\.p2\pool\plugins\org.eclipse.m2e.maven.runtime_3.9.900.20240824-1409\jars\guice-5.1.0.jar
2025-10-06 16:30:28,510 [Worker-21: Launching mavenrun-5a190a15-9fa0-4923-93a4-b2e030629c00] INFO  o.eclipse.m2e.core.internal.Bundles - 	Entry: C:\Users\PHAN ANH TUAN\.p2\pool\plugins\org.eclipse.m2e.maven.runtime_3.9.900.20240824-1409\jars\httpclient-4.5.14.jar
2025-10-06 16:30:28,510 [Worker-21: Launching mavenrun-5a190a15-9fa0-4923-93a4-b2e030629c00] INFO  o.eclipse.m2e.core.internal.Bundles - 	Entry: C:\Users\PHAN ANH TUAN\.p2\pool\plugins\org.eclipse.m2e.maven.runtime_3.9.900.20240824-1409\jars\httpcore-4.4.16.jar
2025-10-06 16:30:28,510 [Worker-21: Launching mavenrun-5a190a15-9fa0-4923-93a4-b2e030629c00] INFO  o.eclipse.m2e.core.internal.Bundles - 	Entry: C:\Users\PHAN ANH TUAN\.p2\pool\plugins\org.eclipse.m2e.maven.runtime_3.9.900.20240824-1409\jars\jansi-2.4.1.jar
2025-10-06 16:30:28,511 [Worker-21: Launching mavenrun-5a190a15-9fa0-4923-93a4-b2e030629c00] INFO  o.eclipse.m2e.core.internal.Bundles - 	Entry: C:\Users\PHAN ANH TUAN\.p2\pool\plugins\org.eclipse.m2e.maven.runtime_3.9.900.20240824-1409\jars\jcl-over-slf4j-1.7.36.jar
2025-10-06 16:30:28,511 [Worker-21: Launching mavenrun-5a190a15-9fa0-4923-93a4-b2e030629c00] INFO  o.eclipse.m2e.core.internal.Bundles - 	Entry: C:\Users\PHAN ANH TUAN\.p2\pool\plugins\org.eclipse.m2e.maven.runtime_3.9.900.20240824-1409\jars\maven-artifact-3.9.9.jar
2025-10-06 16:30:28,511 [Worker-21: Launching mavenrun-5a190a15-9fa0-4923-93a4-b2e030629c00] INFO  o.eclipse.m2e.core.internal.Bundles - 	Entry: C:\Users\PHAN ANH TUAN\.p2\pool\plugins\org.eclipse.m2e.maven.runtime_3.9.900.20240824-1409\jars\maven-builder-support-3.9.9.jar
2025-10-06 16:30:28,511 [Worker-21: Launching mavenrun-5a190a15-9fa0-4923-93a4-b2e030629c00] INFO  o.eclipse.m2e.core.internal.Bundles - 	Entry: C:\Users\PHAN ANH TUAN\.p2\pool\plugins\org.eclipse.m2e.maven.runtime_3.9.900.20240824-1409\jars\maven-compat-3.9.9.jar
2025-10-06 16:30:28,511 [Worker-21: Launching mavenrun-5a190a15-9fa0-4923-93a4-b2e030629c00] INFO  o.eclipse.m2e.core.internal.Bundles - 	Entry: C:\Users\PHAN ANH TUAN\.p2\pool\plugins\org.eclipse.m2e.maven.runtime_3.9.900.20240824-1409\jars\maven-core-3.9.9.jar
2025-10-06 16:30:28,511 [Worker-21: Launching mavenrun-5a190a15-9fa0-4923-93a4-b2e030629c00] INFO  o.eclipse.m2e.core.internal.Bundles - 	Entry: C:\Users\PHAN ANH TUAN\.p2\pool\plugins\org.eclipse.m2e.maven.runtime_3.9.900.20240824-1409\jars\maven-embedder-3.9.9.jar
2025-10-06 16:30:28,511 [Worker-21: Launching mavenrun-5a190a15-9fa0-4923-93a4-b2e030629c00] INFO  o.eclipse.m2e.core.internal.Bundles - 	Entry: C:\Users\PHAN ANH TUAN\.p2\pool\plugins\org.eclipse.m2e.maven.runtime_3.9.900.20240824-1409\jars\maven-model-3.9.9.jar
2025-10-06 16:30:28,511 [Worker-21: Launching mavenrun-5a190a15-9fa0-4923-93a4-b2e030629c00] INFO  o.eclipse.m2e.core.internal.Bundles - 	Entry: C:\Users\PHAN ANH TUAN\.p2\pool\plugins\org.eclipse.m2e.maven.runtime_3.9.900.20240824-1409\jars\maven-model-builder-3.9.9.jar
2025-10-06 16:30:28,512 [Worker-21: Launching mavenrun-5a190a15-9fa0-4923-93a4-b2e030629c00] INFO  o.eclipse.m2e.core.internal.Bundles - 	Entry: C:\Users\PHAN ANH TUAN\.p2\pool\plugins\org.eclipse.m2e.maven.runtime_3.9.900.20240824-1409\jars\maven-plugin-api-3.9.9.jar
2025-10-06 16:30:28,512 [Worker-21: Launching mavenrun-5a190a15-9fa0-4923-93a4-b2e030629c00] INFO  o.eclipse.m2e.core.internal.Bundles - 	Entry: C:\Users\PHAN ANH TUAN\.p2\pool\plugins\org.eclipse.m2e.maven.runtime_3.9.900.20240824-1409\jars\maven-repository-metadata-3.9.9.jar
2025-10-06 16:30:28,512 [Worker-21: Launching mavenrun-5a190a15-9fa0-4923-93a4-b2e030629c00] INFO  o.eclipse.m2e.core.internal.Bundles - 	Entry: C:\Users\PHAN ANH TUAN\.p2\pool\plugins\org.eclipse.m2e.maven.runtime_3.9.900.20240824-1409\jars\maven-resolver-api-1.9.22.jar
2025-10-06 16:30:28,512 [Worker-21: Launching mavenrun-5a190a15-9fa0-4923-93a4-b2e030629c00] INFO  o.eclipse.m2e.core.internal.Bundles - 	Entry: C:\Users\PHAN ANH TUAN\.p2\pool\plugins\org.eclipse.m2e.maven.runtime_3.9.900.20240824-1409\jars\maven-resolver-connector-basic-1.9.22.jar
2025-10-06 16:30:28,512 [Worker-21: Launching mavenrun-5a190a15-9fa0-4923-93a4-b2e030629c00] INFO  o.eclipse.m2e.core.internal.Bundles - 	Entry: C:\Users\PHAN ANH TUAN\.p2\pool\plugins\org.eclipse.m2e.maven.runtime_3.9.900.20240824-1409\jars\maven-resolver-impl-1.9.22.jar
2025-10-06 16:30:28,512 [Worker-21: Launching mavenrun-5a190a15-9fa0-4923-93a4-b2e030629c00] INFO  o.eclipse.m2e.core.internal.Bundles - 	Entry: C:\Users\PHAN ANH TUAN\.p2\pool\plugins\org.eclipse.m2e.maven.runtime_3.9.900.20240824-1409\jars\maven-resolver-named-locks-1.9.22.jar
2025-10-06 16:30:28,512 [Worker-21: Launching mavenrun-5a190a15-9fa0-4923-93a4-b2e030629c00] INFO  o.eclipse.m2e.core.internal.Bundles - 	Entry: C:\Users\PHAN ANH TUAN\.p2\pool\plugins\org.eclipse.m2e.maven.runtime_3.9.900.20240824-1409\jars\maven-resolver-provider-3.9.9.jar
2025-10-06 16:30:28,512 [Worker-21: Launching mavenrun-5a190a15-9fa0-4923-93a4-b2e030629c00] INFO  o.eclipse.m2e.core.internal.Bundles - 	Entry: C:\Users\PHAN ANH TUAN\.p2\pool\plugins\org.eclipse.m2e.maven.runtime_3.9.900.20240824-1409\jars\maven-resolver-spi-1.9.22.jar
2025-10-06 16:30:28,513 [Worker-21: Launching mavenrun-5a190a15-9fa0-4923-93a4-b2e030629c00] INFO  o.eclipse.m2e.core.internal.Bundles - 	Entry: C:\Users\PHAN ANH TUAN\.p2\pool\plugins\org.eclipse.m2e.maven.runtime_3.9.900.20240824-1409\jars\maven-resolver-transport-file-1.9.22.jar
2025-10-06 16:30:28,513 [Worker-21: Launching mavenrun-5a190a15-9fa0-4923-93a4-b2e030629c00] INFO  o.eclipse.m2e.core.internal.Bundles - 	Entry: C:\Users\PHAN ANH TUAN\.p2\pool\plugins\org.eclipse.m2e.maven.runtime_3.9.900.20240824-1409\jars\maven-resolver-transport-http-1.9.22.jar
2025-10-06 16:30:28,513 [Worker-21: Launching mavenrun-5a190a15-9fa0-4923-93a4-b2e030629c00] INFO  o.eclipse.m2e.core.internal.Bundles - 	Entry: C:\Users\PHAN ANH TUAN\.p2\pool\plugins\org.eclipse.m2e.maven.runtime_3.9.900.20240824-1409\jars\maven-resolver-transport-wagon-1.9.22.jar
2025-10-06 16:30:28,513 [Worker-21: Launching mavenrun-5a190a15-9fa0-4923-93a4-b2e030629c00] INFO  o.eclipse.m2e.core.internal.Bundles - 	Entry: C:\Users\PHAN ANH TUAN\.p2\pool\plugins\org.eclipse.m2e.maven.runtime_3.9.900.20240824-1409\jars\maven-resolver-util-1.9.22.jar
2025-10-06 16:30:28,513 [Worker-21: Launching mavenrun-5a190a15-9fa0-4923-93a4-b2e030629c00] INFO  o.eclipse.m2e.core.internal.Bundles - 	Entry: C:\Users\PHAN ANH TUAN\.p2\pool\plugins\org.eclipse.m2e.maven.runtime_3.9.900.20240824-1409\jars\maven-settings-3.9.9.jar
2025-10-06 16:30:28,513 [Worker-21: Launching mavenrun-5a190a15-9fa0-4923-93a4-b2e030629c00] INFO  o.eclipse.m2e.core.internal.Bundles - 	Entry: C:\Users\PHAN ANH TUAN\.p2\pool\plugins\org.eclipse.m2e.maven.runtime_3.9.900.20240824-1409\jars\maven-settings-builder-3.9.9.jar
2025-10-06 16:30:28,513 [Worker-21: Launching mavenrun-5a190a15-9fa0-4923-93a4-b2e030629c00] INFO  o.eclipse.m2e.core.internal.Bundles - 	Entry: C:\Users\PHAN ANH TUAN\.p2\pool\plugins\org.eclipse.m2e.maven.runtime_3.9.900.20240824-1409\jars\maven-shared-utils-3.4.2.jar
2025-10-06 16:30:28,513 [Worker-21: Launching mavenrun-5a190a15-9fa0-4923-93a4-b2e030629c00] INFO  o.eclipse.m2e.core.internal.Bundles - 	Entry: C:\Users\PHAN ANH TUAN\.p2\pool\plugins\org.eclipse.m2e.maven.runtime_3.9.900.20240824-1409\jars\org.eclipse.sisu.inject-0.9.0.M3.jar
2025-10-06 16:30:28,514 [Worker-21: Launching mavenrun-5a190a15-9fa0-4923-93a4-b2e030629c00] INFO  o.eclipse.m2e.core.internal.Bundles - 	Entry: C:\Users\PHAN ANH TUAN\.p2\pool\plugins\org.eclipse.m2e.maven.runtime_3.9.900.20240824-1409\jars\org.eclipse.sisu.plexus-0.9.0.M3.jar
2025-10-06 16:30:28,514 [Worker-21: Launching mavenrun-5a190a15-9fa0-4923-93a4-b2e030629c00] INFO  o.eclipse.m2e.core.internal.Bundles - 	Entry: C:\Users\PHAN ANH TUAN\.p2\pool\plugins\org.eclipse.m2e.maven.runtime_3.9.900.20240824-1409\jars\plexus-build-api-0.0.7.jar
2025-10-06 16:30:28,514 [Worker-21: Launching mavenrun-5a190a15-9fa0-4923-93a4-b2e030629c00] INFO  o.eclipse.m2e.core.internal.Bundles - 	Entry: C:\Users\PHAN ANH TUAN\.p2\pool\plugins\org.eclipse.m2e.maven.runtime_3.9.900.20240824-1409\jars\plexus-build-api-1.2.0.jar
2025-10-06 16:30:28,514 [Worker-21: Launching mavenrun-5a190a15-9fa0-4923-93a4-b2e030629c00] INFO  o.eclipse.m2e.core.internal.Bundles - 	Entry: C:\Users\PHAN ANH TUAN\.p2\pool\plugins\org.eclipse.m2e.maven.runtime_3.9.900.20240824-1409\jars\plexus-cipher-2.0.jar
2025-10-06 16:30:28,514 [Worker-21: Launching mavenrun-5a190a15-9fa0-4923-93a4-b2e030629c00] INFO  o.eclipse.m2e.core.internal.Bundles - 	Entry: C:\Users\PHAN ANH TUAN\.p2\pool\plugins\org.eclipse.m2e.maven.runtime_3.9.900.20240824-1409\jars\plexus-classworlds-2.8.0.jar
2025-10-06 16:30:28,514 [Worker-21: Launching mavenrun-5a190a15-9fa0-4923-93a4-b2e030629c00] INFO  o.eclipse.m2e.core.internal.Bundles - 	Entry: C:\Users\PHAN ANH TUAN\.p2\pool\plugins\org.eclipse.m2e.maven.runtime_3.9.900.20240824-1409\jars\plexus-component-annotations-2.1.0.jar
2025-10-06 16:30:28,514 [Worker-21: Launching mavenrun-5a190a15-9fa0-4923-93a4-b2e030629c00] INFO  o.eclipse.m2e.core.internal.Bundles - 	Entry: C:\Users\PHAN ANH TUAN\.p2\pool\plugins\org.eclipse.m2e.maven.runtime_3.9.900.20240824-1409\jars\plexus-interpolation-1.27.jar
2025-10-06 16:30:28,514 [Worker-21: Launching mavenrun-5a190a15-9fa0-4923-93a4-b2e030629c00] INFO  o.eclipse.m2e.core.internal.Bundles - 	Entry: C:\Users\PHAN ANH TUAN\.p2\pool\plugins\org.eclipse.m2e.maven.runtime_3.9.900.20240824-1409\jars\plexus-sec-dispatcher-2.0.jar
2025-10-06 16:30:28,515 [Worker-21: Launching mavenrun-5a190a15-9fa0-4923-93a4-b2e030629c00] INFO  o.eclipse.m2e.core.internal.Bundles - 	Entry: C:\Users\PHAN ANH TUAN\.p2\pool\plugins\org.eclipse.m2e.maven.runtime_3.9.900.20240824-1409\jars\plexus-utils-3.5.1.jar
2025-10-06 16:30:28,515 [Worker-21: Launching mavenrun-5a190a15-9fa0-4923-93a4-b2e030629c00] INFO  o.eclipse.m2e.core.internal.Bundles - 	Entry: C:\Users\PHAN ANH TUAN\.p2\pool\plugins\org.eclipse.m2e.maven.runtime_3.9.900.20240824-1409\jars\plexus-xml-3.0.1.jar
2025-10-06 16:30:28,515 [Worker-21: Launching mavenrun-5a190a15-9fa0-4923-93a4-b2e030629c00] INFO  o.eclipse.m2e.core.internal.Bundles - 	Entry: C:\Users\PHAN ANH TUAN\.p2\pool\plugins\org.eclipse.m2e.maven.runtime_3.9.900.20240824-1409\jars\wagon-file-3.5.3.jar
2025-10-06 16:30:28,515 [Worker-21: Launching mavenrun-5a190a15-9fa0-4923-93a4-b2e030629c00] INFO  o.eclipse.m2e.core.internal.Bundles - 	Entry: C:\Users\PHAN ANH TUAN\.p2\pool\plugins\org.eclipse.m2e.maven.runtime_3.9.900.20240824-1409\jars\wagon-http-3.5.3.jar
2025-10-06 16:30:28,515 [Worker-21: Launching mavenrun-5a190a15-9fa0-4923-93a4-b2e030629c00] INFO  o.eclipse.m2e.core.internal.Bundles - 	Entry: C:\Users\PHAN ANH TUAN\.p2\pool\plugins\org.eclipse.m2e.maven.runtime_3.9.900.20240824-1409\jars\wagon-http-shared-3.5.3.jar
2025-10-06 16:30:28,515 [Worker-21: Launching mavenrun-5a190a15-9fa0-4923-93a4-b2e030629c00] INFO  o.eclipse.m2e.core.internal.Bundles - 	Entry: C:\Users\PHAN ANH TUAN\.p2\pool\plugins\org.eclipse.m2e.maven.runtime_3.9.900.20240824-1409\jars\wagon-provider-api-3.5.3.jar
2025-10-06 16:30:28,517 [Worker-21: Launching mavenrun-5a190a15-9fa0-4923-93a4-b2e030629c00] INFO  o.eclipse.m2e.core.internal.Bundles - getClasspathEntries(Bundle=com.google.guava_33.3.1.jre [1026])
2025-10-06 16:30:28,518 [Worker-21: Launching mavenrun-5a190a15-9fa0-4923-93a4-b2e030629c00] INFO  o.eclipse.m2e.core.internal.Bundles - 	Entry: C:\Users\PHAN ANH TUAN\.p2\pool\plugins\com.google.guava_33.3.1.jre.jar
2025-10-06 16:30:28,518 [Worker-21: Launching mavenrun-5a190a15-9fa0-4923-93a4-b2e030629c00] INFO  o.eclipse.m2e.core.internal.Bundles - getClasspathEntries(Bundle=slf4j.api_2.0.16 [1005])
2025-10-06 16:30:28,519 [Worker-21: Launching mavenrun-5a190a15-9fa0-4923-93a4-b2e030629c00] INFO  o.eclipse.m2e.core.internal.Bundles - 	Entry: C:\Users\PHAN ANH TUAN\.p2\pool\plugins\slf4j.api_2.0.16.jar
2025-10-06 16:30:28,519 [Worker-21: Launching mavenrun-5a190a15-9fa0-4923-93a4-b2e030629c00] INFO  o.eclipse.m2e.core.internal.Bundles - getClasspathEntries(Bundle=jakarta.inject.jakarta.inject-api_1.0.5 [34])
2025-10-06 16:30:28,519 [Worker-21: Launching mavenrun-5a190a15-9fa0-4923-93a4-b2e030629c00] INFO  o.eclipse.m2e.core.internal.Bundles - 	Entry: C:\Users\PHAN ANH TUAN\.p2\pool\plugins\jakarta.inject.jakarta.inject-api_1.0.5.jar
2025-10-06 16:30:28,519 [Worker-21: Launching mavenrun-5a190a15-9fa0-4923-93a4-b2e030629c00] INFO  o.eclipse.m2e.core.internal.Bundles - getClasspathEntries(Bundle=jakarta.annotation-api_1.3.5 [29])
2025-10-06 16:30:28,520 [Worker-21: Launching mavenrun-5a190a15-9fa0-4923-93a4-b2e030629c00] INFO  o.eclipse.m2e.core.internal.Bundles - 	Entry: C:\Users\PHAN ANH TUAN\.p2\pool\plugins\jakarta.annotation-api_1.3.5.jar
2025-10-06 16:30:28,520 [Worker-21: Launching mavenrun-5a190a15-9fa0-4923-93a4-b2e030629c00] INFO  o.eclipse.m2e.core.internal.Bundles - getClasspathEntries(Bundle=org.apache.commons.cli_1.9.0 [78])
2025-10-06 16:30:28,520 [Worker-21: Launching mavenrun-5a190a15-9fa0-4923-93a4-b2e030629c00] INFO  o.eclipse.m2e.core.internal.Bundles - 	Entry: C:\Users\PHAN ANH TUAN\.p2\pool\plugins\org.apache.commons.cli_1.9.0.jar
2025-10-06 16:30:28,520 [Worker-21: Launching mavenrun-5a190a15-9fa0-4923-93a4-b2e030629c00] INFO  o.eclipse.m2e.core.internal.Bundles - getClasspathEntries(Bundle=org.apache.commons.commons-codec_1.16.0 [81])
2025-10-06 16:30:28,522 [Worker-21: Launching mavenrun-5a190a15-9fa0-4923-93a4-b2e030629c00] INFO  o.eclipse.m2e.core.internal.Bundles - 	Entry: C:\Users\PHAN ANH TUAN\.p2\pool\plugins\org.apache.commons.commons-codec_1.16.0.jar
2025-10-06 16:30:28,522 [Worker-21: Launching mavenrun-5a190a15-9fa0-4923-93a4-b2e030629c00] INFO  o.eclipse.m2e.core.internal.Bundles - getClasspathEntries(Bundle=com.google.guava.failureaccess_1.0.2 [17])
2025-10-06 16:30:28,522 [Worker-21: Launching mavenrun-5a190a15-9fa0-4923-93a4-b2e030629c00] INFO  o.eclipse.m2e.core.internal.Bundles - 	Entry: C:\Users\PHAN ANH TUAN\.p2\pool\plugins\com.google.guava.failureaccess_1.0.2.jar
2025-10-06 16:30:28,525 [Worker-21: Launching mavenrun-5a190a15-9fa0-4923-93a4-b2e030629c00] INFO  o.e.m.i.launch.MavenLaunchDelegate - Run build in "C:\Users\PHANAN~1\AppData\Local\Temp\m2e-archetypeGenerator15244676696287219029":
2025-10-06 16:30:28,529 [Worker-21: Launching mavenrun-5a190a15-9fa0-4923-93a4-b2e030629c00] INFO  o.e.m.i.launch.MavenLaunchDelegate -  mvn  -DarchetypeGroupId=org.apache.maven.archetypes -DarchetypeArtifactId=maven-archetype-quickstart -DarchetypeVersion=1.5 -DgroupId=com.jone.mvnp -DartifactId=fap -Dversion=0.0.1-SNAPSHOT -Dpackage=com.jone.mvnp.fap -DoutputDirectory=D:\BackendJava\My_Workspace\Space_Deep\Session01_Maven -Dstyle.color=always -U archetype:generate
2025-10-06 16:30:35,741 [Worker-12: Creating maven-archetype-quickstart] INFO  o.e.m.c.i.p.ProjectConfigurationManager - Collecting project info '/pom.xml' D:\BackendJava\My_Workspace\Space_Deep\Session01_Maven\fap\pom.xml
2025-10-06 16:30:38,216 [Worker-12: Creating maven-archetype-quickstart] INFO  o.e.m.c.i.l.LifecycleMappingFactory - Using org.eclipse.m2e.jdt.JarLifecycleMapping lifecycle mapping for MavenProject: com.jone.mvnp:fap:0.0.1-SNAPSHOT @ D:\BackendJava\My_Workspace\Space_Deep\Session01_Maven\fap\pom.xml.
2025-10-06 16:30:40,116 [Worker-12: Creating maven-archetype-quickstart] INFO  o.e.m.j.i.AbstractJavaProjectConfigurator - Adding source folder /fap/src/main/java
2025-10-06 16:30:40,118 [Worker-12: Creating maven-archetype-quickstart] INFO  o.e.m.j.i.AbstractJavaProjectConfigurator - Adding resource folder /fap/src/main/resources
2025-10-06 16:30:40,127 [Worker-12: Creating maven-archetype-quickstart] INFO  o.e.m.j.i.AbstractJavaProjectConfigurator - Adding source folder /fap/src/test/java
2025-10-06 16:30:40,129 [Worker-12: Creating maven-archetype-quickstart] INFO  o.e.m.j.i.AbstractJavaProjectConfigurator - Adding resource folder /fap/src/test/resources
2025-10-06 16:30:40,405 [Worker-12: Creating maven-archetype-quickstart] INFO  o.e.m.c.i.p.ProjectConfigurationManager - Imported and configured 1 project(s) in 4 sec
2025-10-06 16:30:41,187 [Worker-21: Building] INFO  o.a.m.s.f.DefaultMavenResourcesFiltering - skip non existing resourceDirectory D:\BackendJava\My_Workspace\Space_Deep\Session01_Maven\fap\src\main\resources
2025-10-06 16:30:41,194 [Worker-21: Building] INFO  o.a.m.s.f.DefaultMavenResourcesFiltering - skip non existing resourceDirectory D:\BackendJava\My_Workspace\Space_Deep\Session01_Maven\fap\src\test\resources
2025-10-06 16:30:47,575 [Worker-21: Building] INFO  o.a.m.s.f.DefaultMavenResourcesFiltering - skip non existing resourceDirectory D:\BackendJava\My_Workspace\Space_Deep\Session01_Maven\fap\src\main\resources
2025-10-06 16:30:47,578 [Worker-21: Building] INFO  o.a.m.s.f.DefaultMavenResourcesFiltering - skip non existing resourceDirectory D:\BackendJava\My_Workspace\Space_Deep\Session01_Maven\fap\src\test\resources
2025-10-06 20:31:49,912 [Worker-67: Building] INFO  o.e.m.c.i.l.LifecycleMappingFactory - Using org.eclipse.m2e.jdt.JarLifecycleMapping lifecycle mapping for MavenProject: com.jone.mvnp:fap:0.0.1-SNAPSHOT @ D:\BackendJava\My_Workspace\Space_Deep\Session01_Maven\fap\pom.xml.
2025-10-06 20:31:50,255 [Worker-67: Building] INFO  o.e.m.c.i.e.AbstractTransferListenerAdapter - Downloading https://repo.maven.apache.org/maven2/com/microsoft/sqlserver/mssql-jdbc/13.2.0.jre11/mssql-jdbc-13.2.0.jre11.pom
2025-10-06 20:31:50,299 [Worker-67: Building] INFO  o.e.m.c.i.e.AbstractTransferListenerAdapter - Downloaded https://repo.maven.apache.org/maven2/com/microsoft/sqlserver/mssql-jdbc/13.2.0.jre11/mssql-jdbc-13.2.0.jre11.pom
2025-10-06 20:31:50,490 [Worker-67: Building] INFO  o.e.m.c.i.e.AbstractTransferListenerAdapter - Downloading https://repo.maven.apache.org/maven2/com/microsoft/sqlserver/mssql-jdbc/13.2.0.jre11/mssql-jdbc-13.2.0.jre11.jar
2025-10-06 20:31:51,258 [Worker-67: Building] INFO  o.e.m.c.i.e.AbstractTransferListenerAdapter - Downloaded https://repo.maven.apache.org/maven2/com/microsoft/sqlserver/mssql-jdbc/13.2.0.jre11/mssql-jdbc-13.2.0.jre11.jar
2025-10-06 20:31:51,569 [Worker-67: Building] INFO  o.a.m.s.f.DefaultMavenResourcesFiltering - skip non existing resourceDirectory D:\BackendJava\My_Workspace\Space_Deep\Session01_Maven\fap\src\main\resources
2025-10-06 20:31:51,577 [Worker-67: Building] INFO  o.a.m.s.f.DefaultMavenResourcesFiltering - skip non existing resourceDirectory D:\BackendJava\My_Workspace\Space_Deep\Session01_Maven\fap\src\test\resources
2025-10-06 20:31:52,154 [Worker-67: Updating Maven Project] INFO  o.e.m.c.i.p.ProjectConfigurationManager - Update started
2025-10-06 20:31:52,259 [Worker-67: Updating Maven Project] INFO  o.e.m.c.i.l.LifecycleMappingFactory - Using org.eclipse.m2e.jdt.JarLifecycleMapping lifecycle mapping for MavenProject: com.jone.mvnp:fap:0.0.1-SNAPSHOT @ D:\BackendJava\My_Workspace\Space_Deep\Session01_Maven\fap\pom.xml.
2025-10-06 20:31:52,403 [Worker-67: Updating Maven Project] INFO  o.e.m.j.i.AbstractJavaProjectConfigurator - Adding source folder /fap/src/main/java
2025-10-06 20:31:52,405 [Worker-67: Updating Maven Project] INFO  o.e.m.j.i.AbstractJavaProjectConfigurator - Adding resource folder /fap/src/main/resources
2025-10-06 20:31:52,406 [Worker-67: Updating Maven Project] INFO  o.e.m.j.i.AbstractJavaProjectConfigurator - Adding source folder /fap/src/test/java
2025-10-06 20:31:52,406 [Worker-67: Updating Maven Project] INFO  o.e.m.j.i.AbstractJavaProjectConfigurator - Adding resource folder /fap/src/test/resources
2025-10-06 20:31:52,660 [Worker-67: Updating Maven Project] INFO  o.e.m.c.i.p.ProjectConfigurationManager - Update completed for 1 poms: local refresh takes 0.00 sec, refresh facades takes 0.00 sec, update config takes 0.00 sec 
2025-10-06 20:31:52,754 [Worker-65: Download sources and javadoc] INFO  o.e.m.c.i.e.AbstractTransferListenerAdapter - Downloading https://repo.maven.apache.org/maven2/com/microsoft/sqlserver/mssql-jdbc/13.2.0.jre11/mssql-jdbc-13.2.0.jre11-sources.jar
2025-10-06 20:31:53,288 [Worker-69: Building] INFO  o.a.m.s.f.DefaultMavenResourcesFiltering - skip non existing resourceDirectory D:\BackendJava\My_Workspace\Space_Deep\Session01_Maven\fap\src\main\resources
2025-10-06 20:31:53,296 [Worker-69: Building] INFO  o.a.m.s.f.DefaultMavenResourcesFiltering - skip non existing resourceDirectory D:\BackendJava\My_Workspace\Space_Deep\Session01_Maven\fap\src\test\resources
2025-10-06 20:31:53,481 [Worker-65: Download sources and javadoc] INFO  o.e.m.c.i.e.AbstractTransferListenerAdapter - Downloaded https://repo.maven.apache.org/maven2/com/microsoft/sqlserver/mssql-jdbc/13.2.0.jre11/mssql-jdbc-13.2.0.jre11-sources.jar
2025-10-06 20:31:53,486 [Worker-65: Download sources and javadoc] INFO  o.e.m.j.internal.DownloadSourcesJob - Downloaded sources for com.microsoft.sqlserver:mssql-jdbc:13.2.0.jre11
2025-10-06 20:37:20,416 [Worker-75: Building] INFO  o.a.m.s.f.DefaultMavenResourcesFiltering - skip non existing resourceDirectory D:\BackendJava\My_Workspace\Space_Deep\Session01_Maven\fap\src\main\resources
2025-10-06 20:37:20,418 [Worker-75: Building] INFO  o.a.m.s.f.DefaultMavenResourcesFiltering - skip non existing resourceDirectory D:\BackendJava\My_Workspace\Space_Deep\Session01_Maven\fap\src\test\resources
2025-10-06 20:41:34,941 [Worker-77: Building] INFO  o.a.m.s.f.DefaultMavenResourcesFiltering - skip non existing resourceDirectory D:\BackendJava\My_Workspace\Space_Deep\Session01_Maven\fap\src\main\resources
2025-10-06 20:41:34,943 [Worker-77: Building] INFO  o.a.m.s.f.DefaultMavenResourcesFiltering - skip non existing resourceDirectory D:\BackendJava\My_Workspace\Space_Deep\Session01_Maven\fap\src\test\resources
2025-10-06 20:58:17,891 [Worker-83: Launching App (2)] INFO  o.a.m.s.f.DefaultMavenResourcesFiltering - skip non existing resourceDirectory D:\BackendJava\My_Workspace\Space_Deep\Session01_Maven\fap\src\main\resources
2025-10-06 20:58:17,897 [Worker-83: Launching App (2)] INFO  o.a.m.s.f.DefaultMavenResourcesFiltering - skip non existing resourceDirectory D:\BackendJava\My_Workspace\Space_Deep\Session01_Maven\fap\src\test\resources
2025-10-06 20:59:03,196 [Worker-84: Launching App (2)] INFO  o.a.m.s.f.DefaultMavenResourcesFiltering - skip non existing resourceDirectory D:\BackendJava\My_Workspace\Space_Deep\Session01_Maven\fap\src\main\resources
2025-10-06 20:59:03,200 [Worker-84: Launching App (2)] INFO  o.a.m.s.f.DefaultMavenResourcesFiltering - skip non existing resourceDirectory D:\BackendJava\My_Workspace\Space_Deep\Session01_Maven\fap\src\test\resources
2025-10-06 21:01:09,803 [Worker-88: Launching App (2)] INFO  o.a.m.s.f.DefaultMavenResourcesFiltering - skip non existing resourceDirectory D:\BackendJava\My_Workspace\Space_Deep\Session01_Maven\fap\src\main\resources
2025-10-06 21:01:09,806 [Worker-88: Launching App (2)] INFO  o.a.m.s.f.DefaultMavenResourcesFiltering - skip non existing resourceDirectory D:\BackendJava\My_Workspace\Space_Deep\Session01_Maven\fap\src\test\resources
2025-10-06 21:01:53,252 [Worker-90: Launching App (2)] INFO  o.a.m.s.f.DefaultMavenResourcesFiltering - skip non existing resourceDirectory D:\BackendJava\My_Workspace\Space_Deep\Session01_Maven\fap\src\main\resources
2025-10-06 21:01:53,261 [Worker-90: Launching App (2)] INFO  o.a.m.s.f.DefaultMavenResourcesFiltering - skip non existing resourceDirectory D:\BackendJava\My_Workspace\Space_Deep\Session01_Maven\fap\src\test\resources
2025-10-06 21:03:36,662 [Worker-81: Launching App (2)] INFO  o.a.m.s.f.DefaultMavenResourcesFiltering - skip non existing resourceDirectory D:\BackendJava\My_Workspace\Space_Deep\Session01_Maven\fap\src\main\resources
2025-10-06 21:03:36,667 [Worker-81: Launching App (2)] INFO  o.a.m.s.f.DefaultMavenResourcesFiltering - skip non existing resourceDirectory D:\BackendJava\My_Workspace\Space_Deep\Session01_Maven\fap\src\test\resources
