2025-10-06 22:38:18,415 [Worker-4: Loading available Gradle versions] INFO  o.e.b.c.i.u.g.PublishedGradleVersions - Gradle version information cache is up-to-date. Trying to read.
2025-10-06 22:45:01,176 [Worker-22: Launching mavenrun-c8b65305-3497-46b4-8206-3a03c35a85e4] INFO  o.eclipse.m2e.core.internal.Bundles - getClasspathEntries(Bundle=org.eclipse.m2e.maven.runtime_3.9.900.20240824-1409 [640])
2025-10-06 22:45:01,179 [Worker-22: Launching mavenrun-c8b65305-3497-46b4-8206-3a03c35a85e4] INFO  o.eclipse.m2e.core.internal.Bundles - 	Entry: C:\Users\PHAN ANH TUAN\.p2\pool\plugins\org.eclipse.m2e.maven.runtime_3.9.900.20240824-1409
2025-10-06 22:45:01,180 [Worker-22: Launching mavenrun-c8b65305-3497-46b4-8206-3a03c35a85e4] INFO  o.eclipse.m2e.core.internal.Bundles - 	Entry: C:\Users\PHAN ANH TUAN\.p2\pool\plugins\org.eclipse.m2e.maven.runtime_3.9.900.20240824-1409\jars\aopalliance-1.0.jar
2025-10-06 22:45:01,180 [Worker-22: Launching mavenrun-c8b65305-3497-46b4-8206-3a03c35a85e4] INFO  o.eclipse.m2e.core.internal.Bundles - 	Entry: C:\Users\PHAN ANH TUAN\.p2\pool\plugins\org.eclipse.m2e.maven.runtime_3.9.900.20240824-1409\jars\guice-5.1.0.jar
2025-10-06 22:45:01,180 [Worker-22: Launching mavenrun-c8b65305-3497-46b4-8206-3a03c35a85e4] INFO  o.eclipse.m2e.core.internal.Bundles - 	Entry: C:\Users\PHAN ANH TUAN\.p2\pool\plugins\org.eclipse.m2e.maven.runtime_3.9.900.20240824-1409\jars\httpclient-4.5.14.jar
2025-10-06 22:45:01,181 [Worker-22: Launching mavenrun-c8b65305-3497-46b4-8206-3a03c35a85e4] INFO  o.eclipse.m2e.core.internal.Bundles - 	Entry: C:\Users\PHAN ANH TUAN\.p2\pool\plugins\org.eclipse.m2e.maven.runtime_3.9.900.20240824-1409\jars\httpcore-4.4.16.jar
2025-10-06 22:45:01,181 [Worker-22: Launching mavenrun-c8b65305-3497-46b4-8206-3a03c35a85e4] INFO  o.eclipse.m2e.core.internal.Bundles - 	Entry: C:\Users\PHAN ANH TUAN\.p2\pool\plugins\org.eclipse.m2e.maven.runtime_3.9.900.20240824-1409\jars\jansi-2.4.1.jar
2025-10-06 22:45:01,181 [Worker-22: Launching mavenrun-c8b65305-3497-46b4-8206-3a03c35a85e4] INFO  o.eclipse.m2e.core.internal.Bundles - 	Entry: C:\Users\PHAN ANH TUAN\.p2\pool\plugins\org.eclipse.m2e.maven.runtime_3.9.900.20240824-1409\jars\jcl-over-slf4j-1.7.36.jar
2025-10-06 22:45:01,181 [Worker-22: Launching mavenrun-c8b65305-3497-46b4-8206-3a03c35a85e4] INFO  o.eclipse.m2e.core.internal.Bundles - 	Entry: C:\Users\PHAN ANH TUAN\.p2\pool\plugins\org.eclipse.m2e.maven.runtime_3.9.900.20240824-1409\jars\maven-artifact-3.9.9.jar
2025-10-06 22:45:01,181 [Worker-22: Launching mavenrun-c8b65305-3497-46b4-8206-3a03c35a85e4] INFO  o.eclipse.m2e.core.internal.Bundles - 	Entry: C:\Users\PHAN ANH TUAN\.p2\pool\plugins\org.eclipse.m2e.maven.runtime_3.9.900.20240824-1409\jars\maven-builder-support-3.9.9.jar
2025-10-06 22:45:01,181 [Worker-22: Launching mavenrun-c8b65305-3497-46b4-8206-3a03c35a85e4] INFO  o.eclipse.m2e.core.internal.Bundles - 	Entry: C:\Users\PHAN ANH TUAN\.p2\pool\plugins\org.eclipse.m2e.maven.runtime_3.9.900.20240824-1409\jars\maven-compat-3.9.9.jar
2025-10-06 22:45:01,181 [Worker-22: Launching mavenrun-c8b65305-3497-46b4-8206-3a03c35a85e4] INFO  o.eclipse.m2e.core.internal.Bundles - 	Entry: C:\Users\PHAN ANH TUAN\.p2\pool\plugins\org.eclipse.m2e.maven.runtime_3.9.900.20240824-1409\jars\maven-core-3.9.9.jar
2025-10-06 22:45:01,181 [Worker-22: Launching mavenrun-c8b65305-3497-46b4-8206-3a03c35a85e4] INFO  o.eclipse.m2e.core.internal.Bundles - 	Entry: C:\Users\PHAN ANH TUAN\.p2\pool\plugins\org.eclipse.m2e.maven.runtime_3.9.900.20240824-1409\jars\maven-embedder-3.9.9.jar
2025-10-06 22:45:01,182 [Worker-22: Launching mavenrun-c8b65305-3497-46b4-8206-3a03c35a85e4] INFO  o.eclipse.m2e.core.internal.Bundles - 	Entry: C:\Users\PHAN ANH TUAN\.p2\pool\plugins\org.eclipse.m2e.maven.runtime_3.9.900.20240824-1409\jars\maven-model-3.9.9.jar
2025-10-06 22:45:01,183 [Worker-22: Launching mavenrun-c8b65305-3497-46b4-8206-3a03c35a85e4] INFO  o.eclipse.m2e.core.internal.Bundles - 	Entry: C:\Users\PHAN ANH TUAN\.p2\pool\plugins\org.eclipse.m2e.maven.runtime_3.9.900.20240824-1409\jars\maven-model-builder-3.9.9.jar
2025-10-06 22:45:01,183 [Worker-22: Launching mavenrun-c8b65305-3497-46b4-8206-3a03c35a85e4] INFO  o.eclipse.m2e.core.internal.Bundles - 	Entry: C:\Users\PHAN ANH TUAN\.p2\pool\plugins\org.eclipse.m2e.maven.runtime_3.9.900.20240824-1409\jars\maven-plugin-api-3.9.9.jar
2025-10-06 22:45:01,183 [Worker-22: Launching mavenrun-c8b65305-3497-46b4-8206-3a03c35a85e4] INFO  o.eclipse.m2e.core.internal.Bundles - 	Entry: C:\Users\PHAN ANH TUAN\.p2\pool\plugins\org.eclipse.m2e.maven.runtime_3.9.900.20240824-1409\jars\maven-repository-metadata-3.9.9.jar
2025-10-06 22:45:01,183 [Worker-22: Launching mavenrun-c8b65305-3497-46b4-8206-3a03c35a85e4] INFO  o.eclipse.m2e.core.internal.Bundles - 	Entry: C:\Users\PHAN ANH TUAN\.p2\pool\plugins\org.eclipse.m2e.maven.runtime_3.9.900.20240824-1409\jars\maven-resolver-api-1.9.22.jar
2025-10-06 22:45:01,183 [Worker-22: Launching mavenrun-c8b65305-3497-46b4-8206-3a03c35a85e4] INFO  o.eclipse.m2e.core.internal.Bundles - 	Entry: C:\Users\PHAN ANH TUAN\.p2\pool\plugins\org.eclipse.m2e.maven.runtime_3.9.900.20240824-1409\jars\maven-resolver-connector-basic-1.9.22.jar
2025-10-06 22:45:01,183 [Worker-22: Launching mavenrun-c8b65305-3497-46b4-8206-3a03c35a85e4] INFO  o.eclipse.m2e.core.internal.Bundles - 	Entry: C:\Users\PHAN ANH TUAN\.p2\pool\plugins\org.eclipse.m2e.maven.runtime_3.9.900.20240824-1409\jars\maven-resolver-impl-1.9.22.jar
2025-10-06 22:45:01,183 [Worker-22: Launching mavenrun-c8b65305-3497-46b4-8206-3a03c35a85e4] INFO  o.eclipse.m2e.core.internal.Bundles - 	Entry: C:\Users\PHAN ANH TUAN\.p2\pool\plugins\org.eclipse.m2e.maven.runtime_3.9.900.20240824-1409\jars\maven-resolver-named-locks-1.9.22.jar
2025-10-06 22:45:01,183 [Worker-22: Launching mavenrun-c8b65305-3497-46b4-8206-3a03c35a85e4] INFO  o.eclipse.m2e.core.internal.Bundles - 	Entry: C:\Users\PHAN ANH TUAN\.p2\pool\plugins\org.eclipse.m2e.maven.runtime_3.9.900.20240824-1409\jars\maven-resolver-provider-3.9.9.jar
2025-10-06 22:45:01,183 [Worker-22: Launching mavenrun-c8b65305-3497-46b4-8206-3a03c35a85e4] INFO  o.eclipse.m2e.core.internal.Bundles - 	Entry: C:\Users\PHAN ANH TUAN\.p2\pool\plugins\org.eclipse.m2e.maven.runtime_3.9.900.20240824-1409\jars\maven-resolver-spi-1.9.22.jar
2025-10-06 22:45:01,184 [Worker-22: Launching mavenrun-c8b65305-3497-46b4-8206-3a03c35a85e4] INFO  o.eclipse.m2e.core.internal.Bundles - 	Entry: C:\Users\PHAN ANH TUAN\.p2\pool\plugins\org.eclipse.m2e.maven.runtime_3.9.900.20240824-1409\jars\maven-resolver-transport-file-1.9.22.jar
2025-10-06 22:45:01,184 [Worker-22: Launching mavenrun-c8b65305-3497-46b4-8206-3a03c35a85e4] INFO  o.eclipse.m2e.core.internal.Bundles - 	Entry: C:\Users\PHAN ANH TUAN\.p2\pool\plugins\org.eclipse.m2e.maven.runtime_3.9.900.20240824-1409\jars\maven-resolver-transport-http-1.9.22.jar
2025-10-06 22:45:01,184 [Worker-22: Launching mavenrun-c8b65305-3497-46b4-8206-3a03c35a85e4] INFO  o.eclipse.m2e.core.internal.Bundles - 	Entry: C:\Users\PHAN ANH TUAN\.p2\pool\plugins\org.eclipse.m2e.maven.runtime_3.9.900.20240824-1409\jars\maven-resolver-transport-wagon-1.9.22.jar
2025-10-06 22:45:01,184 [Worker-22: Launching mavenrun-c8b65305-3497-46b4-8206-3a03c35a85e4] INFO  o.eclipse.m2e.core.internal.Bundles - 	Entry: C:\Users\PHAN ANH TUAN\.p2\pool\plugins\org.eclipse.m2e.maven.runtime_3.9.900.20240824-1409\jars\maven-resolver-util-1.9.22.jar
2025-10-06 22:45:01,184 [Worker-22: Launching mavenrun-c8b65305-3497-46b4-8206-3a03c35a85e4] INFO  o.eclipse.m2e.core.internal.Bundles - 	Entry: C:\Users\PHAN ANH TUAN\.p2\pool\plugins\org.eclipse.m2e.maven.runtime_3.9.900.20240824-1409\jars\maven-settings-3.9.9.jar
2025-10-06 22:45:01,184 [Worker-22: Launching mavenrun-c8b65305-3497-46b4-8206-3a03c35a85e4] INFO  o.eclipse.m2e.core.internal.Bundles - 	Entry: C:\Users\PHAN ANH TUAN\.p2\pool\plugins\org.eclipse.m2e.maven.runtime_3.9.900.20240824-1409\jars\maven-settings-builder-3.9.9.jar
2025-10-06 22:45:01,184 [Worker-22: Launching mavenrun-c8b65305-3497-46b4-8206-3a03c35a85e4] INFO  o.eclipse.m2e.core.internal.Bundles - 	Entry: C:\Users\PHAN ANH TUAN\.p2\pool\plugins\org.eclipse.m2e.maven.runtime_3.9.900.20240824-1409\jars\maven-shared-utils-3.4.2.jar
2025-10-06 22:45:01,184 [Worker-22: Launching mavenrun-c8b65305-3497-46b4-8206-3a03c35a85e4] INFO  o.eclipse.m2e.core.internal.Bundles - 	Entry: C:\Users\PHAN ANH TUAN\.p2\pool\plugins\org.eclipse.m2e.maven.runtime_3.9.900.20240824-1409\jars\org.eclipse.sisu.inject-0.9.0.M3.jar
2025-10-06 22:45:01,185 [Worker-22: Launching mavenrun-c8b65305-3497-46b4-8206-3a03c35a85e4] INFO  o.eclipse.m2e.core.internal.Bundles - 	Entry: C:\Users\PHAN ANH TUAN\.p2\pool\plugins\org.eclipse.m2e.maven.runtime_3.9.900.20240824-1409\jars\org.eclipse.sisu.plexus-0.9.0.M3.jar
2025-10-06 22:45:01,185 [Worker-22: Launching mavenrun-c8b65305-3497-46b4-8206-3a03c35a85e4] INFO  o.eclipse.m2e.core.internal.Bundles - 	Entry: C:\Users\PHAN ANH TUAN\.p2\pool\plugins\org.eclipse.m2e.maven.runtime_3.9.900.20240824-1409\jars\plexus-build-api-0.0.7.jar
2025-10-06 22:45:01,185 [Worker-22: Launching mavenrun-c8b65305-3497-46b4-8206-3a03c35a85e4] INFO  o.eclipse.m2e.core.internal.Bundles - 	Entry: C:\Users\PHAN ANH TUAN\.p2\pool\plugins\org.eclipse.m2e.maven.runtime_3.9.900.20240824-1409\jars\plexus-build-api-1.2.0.jar
2025-10-06 22:45:01,185 [Worker-22: Launching mavenrun-c8b65305-3497-46b4-8206-3a03c35a85e4] INFO  o.eclipse.m2e.core.internal.Bundles - 	Entry: C:\Users\PHAN ANH TUAN\.p2\pool\plugins\org.eclipse.m2e.maven.runtime_3.9.900.20240824-1409\jars\plexus-cipher-2.0.jar
2025-10-06 22:45:01,185 [Worker-22: Launching mavenrun-c8b65305-3497-46b4-8206-3a03c35a85e4] INFO  o.eclipse.m2e.core.internal.Bundles - 	Entry: C:\Users\PHAN ANH TUAN\.p2\pool\plugins\org.eclipse.m2e.maven.runtime_3.9.900.20240824-1409\jars\plexus-classworlds-2.8.0.jar
2025-10-06 22:45:01,185 [Worker-22: Launching mavenrun-c8b65305-3497-46b4-8206-3a03c35a85e4] INFO  o.eclipse.m2e.core.internal.Bundles - 	Entry: C:\Users\PHAN ANH TUAN\.p2\pool\plugins\org.eclipse.m2e.maven.runtime_3.9.900.20240824-1409\jars\plexus-component-annotations-2.1.0.jar
2025-10-06 22:45:01,185 [Worker-22: Launching mavenrun-c8b65305-3497-46b4-8206-3a03c35a85e4] INFO  o.eclipse.m2e.core.internal.Bundles - 	Entry: C:\Users\PHAN ANH TUAN\.p2\pool\plugins\org.eclipse.m2e.maven.runtime_3.9.900.20240824-1409\jars\plexus-interpolation-1.27.jar
2025-10-06 22:45:01,186 [Worker-22: Launching mavenrun-c8b65305-3497-46b4-8206-3a03c35a85e4] INFO  o.eclipse.m2e.core.internal.Bundles - 	Entry: C:\Users\PHAN ANH TUAN\.p2\pool\plugins\org.eclipse.m2e.maven.runtime_3.9.900.20240824-1409\jars\plexus-sec-dispatcher-2.0.jar
2025-10-06 22:45:01,186 [Worker-22: Launching mavenrun-c8b65305-3497-46b4-8206-3a03c35a85e4] INFO  o.eclipse.m2e.core.internal.Bundles - 	Entry: C:\Users\PHAN ANH TUAN\.p2\pool\plugins\org.eclipse.m2e.maven.runtime_3.9.900.20240824-1409\jars\plexus-utils-3.5.1.jar
2025-10-06 22:45:01,186 [Worker-22: Launching mavenrun-c8b65305-3497-46b4-8206-3a03c35a85e4] INFO  o.eclipse.m2e.core.internal.Bundles - 	Entry: C:\Users\PHAN ANH TUAN\.p2\pool\plugins\org.eclipse.m2e.maven.runtime_3.9.900.20240824-1409\jars\plexus-xml-3.0.1.jar
2025-10-06 22:45:01,186 [Worker-22: Launching mavenrun-c8b65305-3497-46b4-8206-3a03c35a85e4] INFO  o.eclipse.m2e.core.internal.Bundles - 	Entry: C:\Users\PHAN ANH TUAN\.p2\pool\plugins\org.eclipse.m2e.maven.runtime_3.9.900.20240824-1409\jars\wagon-file-3.5.3.jar
2025-10-06 22:45:01,186 [Worker-22: Launching mavenrun-c8b65305-3497-46b4-8206-3a03c35a85e4] INFO  o.eclipse.m2e.core.internal.Bundles - 	Entry: C:\Users\PHAN ANH TUAN\.p2\pool\plugins\org.eclipse.m2e.maven.runtime_3.9.900.20240824-1409\jars\wagon-http-3.5.3.jar
2025-10-06 22:45:01,186 [Worker-22: Launching mavenrun-c8b65305-3497-46b4-8206-3a03c35a85e4] INFO  o.eclipse.m2e.core.internal.Bundles - 	Entry: C:\Users\PHAN ANH TUAN\.p2\pool\plugins\org.eclipse.m2e.maven.runtime_3.9.900.20240824-1409\jars\wagon-http-shared-3.5.3.jar
2025-10-06 22:45:01,186 [Worker-22: Launching mavenrun-c8b65305-3497-46b4-8206-3a03c35a85e4] INFO  o.eclipse.m2e.core.internal.Bundles - 	Entry: C:\Users\PHAN ANH TUAN\.p2\pool\plugins\org.eclipse.m2e.maven.runtime_3.9.900.20240824-1409\jars\wagon-provider-api-3.5.3.jar
2025-10-06 22:45:01,188 [Worker-22: Launching mavenrun-c8b65305-3497-46b4-8206-3a03c35a85e4] INFO  o.eclipse.m2e.core.internal.Bundles - getClasspathEntries(Bundle=com.google.guava_33.3.1.jre [1026])
2025-10-06 22:45:01,189 [Worker-22: Launching mavenrun-c8b65305-3497-46b4-8206-3a03c35a85e4] INFO  o.eclipse.m2e.core.internal.Bundles - 	Entry: C:\Users\PHAN ANH TUAN\.p2\pool\plugins\com.google.guava_33.3.1.jre.jar
2025-10-06 22:45:01,189 [Worker-22: Launching mavenrun-c8b65305-3497-46b4-8206-3a03c35a85e4] INFO  o.eclipse.m2e.core.internal.Bundles - getClasspathEntries(Bundle=slf4j.api_2.0.16 [1005])
2025-10-06 22:45:01,189 [Worker-22: Launching mavenrun-c8b65305-3497-46b4-8206-3a03c35a85e4] INFO  o.eclipse.m2e.core.internal.Bundles - 	Entry: C:\Users\PHAN ANH TUAN\.p2\pool\plugins\slf4j.api_2.0.16.jar
2025-10-06 22:45:01,190 [Worker-22: Launching mavenrun-c8b65305-3497-46b4-8206-3a03c35a85e4] INFO  o.eclipse.m2e.core.internal.Bundles - getClasspathEntries(Bundle=jakarta.inject.jakarta.inject-api_1.0.5 [34])
2025-10-06 22:45:01,190 [Worker-22: Launching mavenrun-c8b65305-3497-46b4-8206-3a03c35a85e4] INFO  o.eclipse.m2e.core.internal.Bundles - 	Entry: C:\Users\PHAN ANH TUAN\.p2\pool\plugins\jakarta.inject.jakarta.inject-api_1.0.5.jar
2025-10-06 22:45:01,190 [Worker-22: Launching mavenrun-c8b65305-3497-46b4-8206-3a03c35a85e4] INFO  o.eclipse.m2e.core.internal.Bundles - getClasspathEntries(Bundle=jakarta.annotation-api_1.3.5 [29])
2025-10-06 22:45:01,190 [Worker-22: Launching mavenrun-c8b65305-3497-46b4-8206-3a03c35a85e4] INFO  o.eclipse.m2e.core.internal.Bundles - 	Entry: C:\Users\PHAN ANH TUAN\.p2\pool\plugins\jakarta.annotation-api_1.3.5.jar
2025-10-06 22:45:01,190 [Worker-22: Launching mavenrun-c8b65305-3497-46b4-8206-3a03c35a85e4] INFO  o.eclipse.m2e.core.internal.Bundles - getClasspathEntries(Bundle=org.apache.commons.cli_1.9.0 [78])
2025-10-06 22:45:01,190 [Worker-22: Launching mavenrun-c8b65305-3497-46b4-8206-3a03c35a85e4] INFO  o.eclipse.m2e.core.internal.Bundles - 	Entry: C:\Users\PHAN ANH TUAN\.p2\pool\plugins\org.apache.commons.cli_1.9.0.jar
2025-10-06 22:45:01,190 [Worker-22: Launching mavenrun-c8b65305-3497-46b4-8206-3a03c35a85e4] INFO  o.eclipse.m2e.core.internal.Bundles - getClasspathEntries(Bundle=org.apache.commons.commons-codec_1.16.0 [81])
2025-10-06 22:45:01,191 [Worker-22: Launching mavenrun-c8b65305-3497-46b4-8206-3a03c35a85e4] INFO  o.eclipse.m2e.core.internal.Bundles - 	Entry: C:\Users\PHAN ANH TUAN\.p2\pool\plugins\org.apache.commons.commons-codec_1.16.0.jar
2025-10-06 22:45:01,191 [Worker-22: Launching mavenrun-c8b65305-3497-46b4-8206-3a03c35a85e4] INFO  o.eclipse.m2e.core.internal.Bundles - getClasspathEntries(Bundle=com.google.guava.failureaccess_1.0.2 [17])
2025-10-06 22:45:01,191 [Worker-22: Launching mavenrun-c8b65305-3497-46b4-8206-3a03c35a85e4] INFO  o.eclipse.m2e.core.internal.Bundles - 	Entry: C:\Users\PHAN ANH TUAN\.p2\pool\plugins\com.google.guava.failureaccess_1.0.2.jar
2025-10-06 22:45:01,196 [Worker-22: Launching mavenrun-c8b65305-3497-46b4-8206-3a03c35a85e4] INFO  o.e.m.i.launch.MavenLaunchDelegate - Run build in "C:\Users\PHANAN~1\AppData\Local\Temp\m2e-archetypeGenerator7038291290722034603":
2025-10-06 22:45:01,201 [Worker-22: Launching mavenrun-c8b65305-3497-46b4-8206-3a03c35a85e4] INFO  o.e.m.i.launch.MavenLaunchDelegate -  mvn  -DarchetypeGroupId=org.apache.maven.archetypes -DarchetypeArtifactId=maven-archetype-quickstart -DarchetypeVersion=1.5 -DgroupId=com.jone -DartifactId=superapp -Dversion=0.0.1-SNAPSHOT -Dpackage=com.jone.superapp -DoutputDirectory=D:\BackendJava\My_Workspace\Space_Deep\Session03_ORM.JPA -Dstyle.color=always -U archetype:generate
2025-10-06 22:47:57,637 [Worker-5: Loading available Gradle versions] INFO  o.e.b.c.i.u.g.PublishedGradleVersions - Gradle version information cache is up-to-date. Trying to read.
2025-10-06 22:49:11,417 [Worker-16: Launching mavenrun-820c0e26-78bf-4857-b9ac-bbedd98cae90] INFO  o.eclipse.m2e.core.internal.Bundles - getClasspathEntries(Bundle=org.eclipse.m2e.maven.runtime_3.9.900.20240824-1409 [640])
2025-10-06 22:49:11,437 [Worker-16: Launching mavenrun-820c0e26-78bf-4857-b9ac-bbedd98cae90] INFO  o.eclipse.m2e.core.internal.Bundles - 	Entry: C:\Users\PHAN ANH TUAN\.p2\pool\plugins\org.eclipse.m2e.maven.runtime_3.9.900.20240824-1409
2025-10-06 22:49:11,438 [Worker-16: Launching mavenrun-820c0e26-78bf-4857-b9ac-bbedd98cae90] INFO  o.eclipse.m2e.core.internal.Bundles - 	Entry: C:\Users\PHAN ANH TUAN\.p2\pool\plugins\org.eclipse.m2e.maven.runtime_3.9.900.20240824-1409\jars\aopalliance-1.0.jar
2025-10-06 22:49:11,439 [Worker-16: Launching mavenrun-820c0e26-78bf-4857-b9ac-bbedd98cae90] INFO  o.eclipse.m2e.core.internal.Bundles - 	Entry: C:\Users\PHAN ANH TUAN\.p2\pool\plugins\org.eclipse.m2e.maven.runtime_3.9.900.20240824-1409\jars\guice-5.1.0.jar
2025-10-06 22:49:11,439 [Worker-16: Launching mavenrun-820c0e26-78bf-4857-b9ac-bbedd98cae90] INFO  o.eclipse.m2e.core.internal.Bundles - 	Entry: C:\Users\PHAN ANH TUAN\.p2\pool\plugins\org.eclipse.m2e.maven.runtime_3.9.900.20240824-1409\jars\httpclient-4.5.14.jar
2025-10-06 22:49:11,439 [Worker-16: Launching mavenrun-820c0e26-78bf-4857-b9ac-bbedd98cae90] INFO  o.eclipse.m2e.core.internal.Bundles - 	Entry: C:\Users\PHAN ANH TUAN\.p2\pool\plugins\org.eclipse.m2e.maven.runtime_3.9.900.20240824-1409\jars\httpcore-4.4.16.jar
2025-10-06 22:49:11,439 [Worker-16: Launching mavenrun-820c0e26-78bf-4857-b9ac-bbedd98cae90] INFO  o.eclipse.m2e.core.internal.Bundles - 	Entry: C:\Users\PHAN ANH TUAN\.p2\pool\plugins\org.eclipse.m2e.maven.runtime_3.9.900.20240824-1409\jars\jansi-2.4.1.jar
2025-10-06 22:49:11,439 [Worker-16: Launching mavenrun-820c0e26-78bf-4857-b9ac-bbedd98cae90] INFO  o.eclipse.m2e.core.internal.Bundles - 	Entry: C:\Users\PHAN ANH TUAN\.p2\pool\plugins\org.eclipse.m2e.maven.runtime_3.9.900.20240824-1409\jars\jcl-over-slf4j-1.7.36.jar
2025-10-06 22:49:11,440 [Worker-16: Launching mavenrun-820c0e26-78bf-4857-b9ac-bbedd98cae90] INFO  o.eclipse.m2e.core.internal.Bundles - 	Entry: C:\Users\PHAN ANH TUAN\.p2\pool\plugins\org.eclipse.m2e.maven.runtime_3.9.900.20240824-1409\jars\maven-artifact-3.9.9.jar
2025-10-06 22:49:11,440 [Worker-16: Launching mavenrun-820c0e26-78bf-4857-b9ac-bbedd98cae90] INFO  o.eclipse.m2e.core.internal.Bundles - 	Entry: C:\Users\PHAN ANH TUAN\.p2\pool\plugins\org.eclipse.m2e.maven.runtime_3.9.900.20240824-1409\jars\maven-builder-support-3.9.9.jar
2025-10-06 22:49:11,440 [Worker-16: Launching mavenrun-820c0e26-78bf-4857-b9ac-bbedd98cae90] INFO  o.eclipse.m2e.core.internal.Bundles - 	Entry: C:\Users\PHAN ANH TUAN\.p2\pool\plugins\org.eclipse.m2e.maven.runtime_3.9.900.20240824-1409\jars\maven-compat-3.9.9.jar
2025-10-06 22:49:11,440 [Worker-16: Launching mavenrun-820c0e26-78bf-4857-b9ac-bbedd98cae90] INFO  o.eclipse.m2e.core.internal.Bundles - 	Entry: C:\Users\PHAN ANH TUAN\.p2\pool\plugins\org.eclipse.m2e.maven.runtime_3.9.900.20240824-1409\jars\maven-core-3.9.9.jar
2025-10-06 22:49:11,440 [Worker-16: Launching mavenrun-820c0e26-78bf-4857-b9ac-bbedd98cae90] INFO  o.eclipse.m2e.core.internal.Bundles - 	Entry: C:\Users\PHAN ANH TUAN\.p2\pool\plugins\org.eclipse.m2e.maven.runtime_3.9.900.20240824-1409\jars\maven-embedder-3.9.9.jar
2025-10-06 22:49:11,440 [Worker-16: Launching mavenrun-820c0e26-78bf-4857-b9ac-bbedd98cae90] INFO  o.eclipse.m2e.core.internal.Bundles - 	Entry: C:\Users\PHAN ANH TUAN\.p2\pool\plugins\org.eclipse.m2e.maven.runtime_3.9.900.20240824-1409\jars\maven-model-3.9.9.jar
2025-10-06 22:49:11,440 [Worker-16: Launching mavenrun-820c0e26-78bf-4857-b9ac-bbedd98cae90] INFO  o.eclipse.m2e.core.internal.Bundles - 	Entry: C:\Users\PHAN ANH TUAN\.p2\pool\plugins\org.eclipse.m2e.maven.runtime_3.9.900.20240824-1409\jars\maven-model-builder-3.9.9.jar
2025-10-06 22:49:11,440 [Worker-16: Launching mavenrun-820c0e26-78bf-4857-b9ac-bbedd98cae90] INFO  o.eclipse.m2e.core.internal.Bundles - 	Entry: C:\Users\PHAN ANH TUAN\.p2\pool\plugins\org.eclipse.m2e.maven.runtime_3.9.900.20240824-1409\jars\maven-plugin-api-3.9.9.jar
2025-10-06 22:49:11,440 [Worker-16: Launching mavenrun-820c0e26-78bf-4857-b9ac-bbedd98cae90] INFO  o.eclipse.m2e.core.internal.Bundles - 	Entry: C:\Users\PHAN ANH TUAN\.p2\pool\plugins\org.eclipse.m2e.maven.runtime_3.9.900.20240824-1409\jars\maven-repository-metadata-3.9.9.jar
2025-10-06 22:49:11,441 [Worker-16: Launching mavenrun-820c0e26-78bf-4857-b9ac-bbedd98cae90] INFO  o.eclipse.m2e.core.internal.Bundles - 	Entry: C:\Users\PHAN ANH TUAN\.p2\pool\plugins\org.eclipse.m2e.maven.runtime_3.9.900.20240824-1409\jars\maven-resolver-api-1.9.22.jar
2025-10-06 22:49:11,441 [Worker-16: Launching mavenrun-820c0e26-78bf-4857-b9ac-bbedd98cae90] INFO  o.eclipse.m2e.core.internal.Bundles - 	Entry: C:\Users\PHAN ANH TUAN\.p2\pool\plugins\org.eclipse.m2e.maven.runtime_3.9.900.20240824-1409\jars\maven-resolver-connector-basic-1.9.22.jar
2025-10-06 22:49:11,441 [Worker-16: Launching mavenrun-820c0e26-78bf-4857-b9ac-bbedd98cae90] INFO  o.eclipse.m2e.core.internal.Bundles - 	Entry: C:\Users\PHAN ANH TUAN\.p2\pool\plugins\org.eclipse.m2e.maven.runtime_3.9.900.20240824-1409\jars\maven-resolver-impl-1.9.22.jar
2025-10-06 22:49:11,441 [Worker-16: Launching mavenrun-820c0e26-78bf-4857-b9ac-bbedd98cae90] INFO  o.eclipse.m2e.core.internal.Bundles - 	Entry: C:\Users\PHAN ANH TUAN\.p2\pool\plugins\org.eclipse.m2e.maven.runtime_3.9.900.20240824-1409\jars\maven-resolver-named-locks-1.9.22.jar
2025-10-06 22:49:11,441 [Worker-16: Launching mavenrun-820c0e26-78bf-4857-b9ac-bbedd98cae90] INFO  o.eclipse.m2e.core.internal.Bundles - 	Entry: C:\Users\PHAN ANH TUAN\.p2\pool\plugins\org.eclipse.m2e.maven.runtime_3.9.900.20240824-1409\jars\maven-resolver-provider-3.9.9.jar
2025-10-06 22:49:11,441 [Worker-16: Launching mavenrun-820c0e26-78bf-4857-b9ac-bbedd98cae90] INFO  o.eclipse.m2e.core.internal.Bundles - 	Entry: C:\Users\PHAN ANH TUAN\.p2\pool\plugins\org.eclipse.m2e.maven.runtime_3.9.900.20240824-1409\jars\maven-resolver-spi-1.9.22.jar
2025-10-06 22:49:11,441 [Worker-16: Launching mavenrun-820c0e26-78bf-4857-b9ac-bbedd98cae90] INFO  o.eclipse.m2e.core.internal.Bundles - 	Entry: C:\Users\PHAN ANH TUAN\.p2\pool\plugins\org.eclipse.m2e.maven.runtime_3.9.900.20240824-1409\jars\maven-resolver-transport-file-1.9.22.jar
2025-10-06 22:49:11,442 [Worker-16: Launching mavenrun-820c0e26-78bf-4857-b9ac-bbedd98cae90] INFO  o.eclipse.m2e.core.internal.Bundles - 	Entry: C:\Users\PHAN ANH TUAN\.p2\pool\plugins\org.eclipse.m2e.maven.runtime_3.9.900.20240824-1409\jars\maven-resolver-transport-http-1.9.22.jar
2025-10-06 22:49:11,442 [Worker-16: Launching mavenrun-820c0e26-78bf-4857-b9ac-bbedd98cae90] INFO  o.eclipse.m2e.core.internal.Bundles - 	Entry: C:\Users\PHAN ANH TUAN\.p2\pool\plugins\org.eclipse.m2e.maven.runtime_3.9.900.20240824-1409\jars\maven-resolver-transport-wagon-1.9.22.jar
2025-10-06 22:49:11,442 [Worker-16: Launching mavenrun-820c0e26-78bf-4857-b9ac-bbedd98cae90] INFO  o.eclipse.m2e.core.internal.Bundles - 	Entry: C:\Users\PHAN ANH TUAN\.p2\pool\plugins\org.eclipse.m2e.maven.runtime_3.9.900.20240824-1409\jars\maven-resolver-util-1.9.22.jar
2025-10-06 22:49:11,442 [Worker-16: Launching mavenrun-820c0e26-78bf-4857-b9ac-bbedd98cae90] INFO  o.eclipse.m2e.core.internal.Bundles - 	Entry: C:\Users\PHAN ANH TUAN\.p2\pool\plugins\org.eclipse.m2e.maven.runtime_3.9.900.20240824-1409\jars\maven-settings-3.9.9.jar
2025-10-06 22:49:11,442 [Worker-16: Launching mavenrun-820c0e26-78bf-4857-b9ac-bbedd98cae90] INFO  o.eclipse.m2e.core.internal.Bundles - 	Entry: C:\Users\PHAN ANH TUAN\.p2\pool\plugins\org.eclipse.m2e.maven.runtime_3.9.900.20240824-1409\jars\maven-settings-builder-3.9.9.jar
2025-10-06 22:49:11,442 [Worker-16: Launching mavenrun-820c0e26-78bf-4857-b9ac-bbedd98cae90] INFO  o.eclipse.m2e.core.internal.Bundles - 	Entry: C:\Users\PHAN ANH TUAN\.p2\pool\plugins\org.eclipse.m2e.maven.runtime_3.9.900.20240824-1409\jars\maven-shared-utils-3.4.2.jar
2025-10-06 22:49:11,442 [Worker-16: Launching mavenrun-820c0e26-78bf-4857-b9ac-bbedd98cae90] INFO  o.eclipse.m2e.core.internal.Bundles - 	Entry: C:\Users\PHAN ANH TUAN\.p2\pool\plugins\org.eclipse.m2e.maven.runtime_3.9.900.20240824-1409\jars\org.eclipse.sisu.inject-0.9.0.M3.jar
2025-10-06 22:49:11,442 [Worker-16: Launching mavenrun-820c0e26-78bf-4857-b9ac-bbedd98cae90] INFO  o.eclipse.m2e.core.internal.Bundles - 	Entry: C:\Users\PHAN ANH TUAN\.p2\pool\plugins\org.eclipse.m2e.maven.runtime_3.9.900.20240824-1409\jars\org.eclipse.sisu.plexus-0.9.0.M3.jar
2025-10-06 22:49:11,443 [Worker-16: Launching mavenrun-820c0e26-78bf-4857-b9ac-bbedd98cae90] INFO  o.eclipse.m2e.core.internal.Bundles - 	Entry: C:\Users\PHAN ANH TUAN\.p2\pool\plugins\org.eclipse.m2e.maven.runtime_3.9.900.20240824-1409\jars\plexus-build-api-0.0.7.jar
2025-10-06 22:49:11,443 [Worker-16: Launching mavenrun-820c0e26-78bf-4857-b9ac-bbedd98cae90] INFO  o.eclipse.m2e.core.internal.Bundles - 	Entry: C:\Users\PHAN ANH TUAN\.p2\pool\plugins\org.eclipse.m2e.maven.runtime_3.9.900.20240824-1409\jars\plexus-build-api-1.2.0.jar
2025-10-06 22:49:11,443 [Worker-16: Launching mavenrun-820c0e26-78bf-4857-b9ac-bbedd98cae90] INFO  o.eclipse.m2e.core.internal.Bundles - 	Entry: C:\Users\PHAN ANH TUAN\.p2\pool\plugins\org.eclipse.m2e.maven.runtime_3.9.900.20240824-1409\jars\plexus-cipher-2.0.jar
2025-10-06 22:49:11,443 [Worker-16: Launching mavenrun-820c0e26-78bf-4857-b9ac-bbedd98cae90] INFO  o.eclipse.m2e.core.internal.Bundles - 	Entry: C:\Users\PHAN ANH TUAN\.p2\pool\plugins\org.eclipse.m2e.maven.runtime_3.9.900.20240824-1409\jars\plexus-classworlds-2.8.0.jar
2025-10-06 22:49:11,443 [Worker-16: Launching mavenrun-820c0e26-78bf-4857-b9ac-bbedd98cae90] INFO  o.eclipse.m2e.core.internal.Bundles - 	Entry: C:\Users\PHAN ANH TUAN\.p2\pool\plugins\org.eclipse.m2e.maven.runtime_3.9.900.20240824-1409\jars\plexus-component-annotations-2.1.0.jar
2025-10-06 22:49:11,443 [Worker-16: Launching mavenrun-820c0e26-78bf-4857-b9ac-bbedd98cae90] INFO  o.eclipse.m2e.core.internal.Bundles - 	Entry: C:\Users\PHAN ANH TUAN\.p2\pool\plugins\org.eclipse.m2e.maven.runtime_3.9.900.20240824-1409\jars\plexus-interpolation-1.27.jar
2025-10-06 22:49:11,443 [Worker-16: Launching mavenrun-820c0e26-78bf-4857-b9ac-bbedd98cae90] INFO  o.eclipse.m2e.core.internal.Bundles - 	Entry: C:\Users\PHAN ANH TUAN\.p2\pool\plugins\org.eclipse.m2e.maven.runtime_3.9.900.20240824-1409\jars\plexus-sec-dispatcher-2.0.jar
2025-10-06 22:49:11,443 [Worker-16: Launching mavenrun-820c0e26-78bf-4857-b9ac-bbedd98cae90] INFO  o.eclipse.m2e.core.internal.Bundles - 	Entry: C:\Users\PHAN ANH TUAN\.p2\pool\plugins\org.eclipse.m2e.maven.runtime_3.9.900.20240824-1409\jars\plexus-utils-3.5.1.jar
2025-10-06 22:49:11,443 [Worker-16: Launching mavenrun-820c0e26-78bf-4857-b9ac-bbedd98cae90] INFO  o.eclipse.m2e.core.internal.Bundles - 	Entry: C:\Users\PHAN ANH TUAN\.p2\pool\plugins\org.eclipse.m2e.maven.runtime_3.9.900.20240824-1409\jars\plexus-xml-3.0.1.jar
2025-10-06 22:49:11,443 [Worker-16: Launching mavenrun-820c0e26-78bf-4857-b9ac-bbedd98cae90] INFO  o.eclipse.m2e.core.internal.Bundles - 	Entry: C:\Users\PHAN ANH TUAN\.p2\pool\plugins\org.eclipse.m2e.maven.runtime_3.9.900.20240824-1409\jars\wagon-file-3.5.3.jar
2025-10-06 22:49:11,443 [Worker-16: Launching mavenrun-820c0e26-78bf-4857-b9ac-bbedd98cae90] INFO  o.eclipse.m2e.core.internal.Bundles - 	Entry: C:\Users\PHAN ANH TUAN\.p2\pool\plugins\org.eclipse.m2e.maven.runtime_3.9.900.20240824-1409\jars\wagon-http-3.5.3.jar
2025-10-06 22:49:11,443 [Worker-16: Launching mavenrun-820c0e26-78bf-4857-b9ac-bbedd98cae90] INFO  o.eclipse.m2e.core.internal.Bundles - 	Entry: C:\Users\PHAN ANH TUAN\.p2\pool\plugins\org.eclipse.m2e.maven.runtime_3.9.900.20240824-1409\jars\wagon-http-shared-3.5.3.jar
2025-10-06 22:49:11,443 [Worker-16: Launching mavenrun-820c0e26-78bf-4857-b9ac-bbedd98cae90] INFO  o.eclipse.m2e.core.internal.Bundles - 	Entry: C:\Users\PHAN ANH TUAN\.p2\pool\plugins\org.eclipse.m2e.maven.runtime_3.9.900.20240824-1409\jars\wagon-provider-api-3.5.3.jar
2025-10-06 22:49:11,445 [Worker-16: Launching mavenrun-820c0e26-78bf-4857-b9ac-bbedd98cae90] INFO  o.eclipse.m2e.core.internal.Bundles - getClasspathEntries(Bundle=com.google.guava_33.3.1.jre [1026])
2025-10-06 22:49:11,446 [Worker-16: Launching mavenrun-820c0e26-78bf-4857-b9ac-bbedd98cae90] INFO  o.eclipse.m2e.core.internal.Bundles - 	Entry: C:\Users\PHAN ANH TUAN\.p2\pool\plugins\com.google.guava_33.3.1.jre.jar
2025-10-06 22:49:11,446 [Worker-16: Launching mavenrun-820c0e26-78bf-4857-b9ac-bbedd98cae90] INFO  o.eclipse.m2e.core.internal.Bundles - getClasspathEntries(Bundle=slf4j.api_2.0.16 [1005])
2025-10-06 22:49:11,446 [Worker-16: Launching mavenrun-820c0e26-78bf-4857-b9ac-bbedd98cae90] INFO  o.eclipse.m2e.core.internal.Bundles - 	Entry: C:\Users\PHAN ANH TUAN\.p2\pool\plugins\slf4j.api_2.0.16.jar
2025-10-06 22:49:11,446 [Worker-16: Launching mavenrun-820c0e26-78bf-4857-b9ac-bbedd98cae90] INFO  o.eclipse.m2e.core.internal.Bundles - getClasspathEntries(Bundle=jakarta.inject.jakarta.inject-api_1.0.5 [34])
2025-10-06 22:49:11,446 [Worker-16: Launching mavenrun-820c0e26-78bf-4857-b9ac-bbedd98cae90] INFO  o.eclipse.m2e.core.internal.Bundles - 	Entry: C:\Users\PHAN ANH TUAN\.p2\pool\plugins\jakarta.inject.jakarta.inject-api_1.0.5.jar
2025-10-06 22:49:11,446 [Worker-16: Launching mavenrun-820c0e26-78bf-4857-b9ac-bbedd98cae90] INFO  o.eclipse.m2e.core.internal.Bundles - getClasspathEntries(Bundle=jakarta.annotation-api_1.3.5 [29])
2025-10-06 22:49:11,446 [Worker-16: Launching mavenrun-820c0e26-78bf-4857-b9ac-bbedd98cae90] INFO  o.eclipse.m2e.core.internal.Bundles - 	Entry: C:\Users\PHAN ANH TUAN\.p2\pool\plugins\jakarta.annotation-api_1.3.5.jar
2025-10-06 22:49:11,446 [Worker-16: Launching mavenrun-820c0e26-78bf-4857-b9ac-bbedd98cae90] INFO  o.eclipse.m2e.core.internal.Bundles - getClasspathEntries(Bundle=org.apache.commons.cli_1.9.0 [78])
2025-10-06 22:49:11,446 [Worker-16: Launching mavenrun-820c0e26-78bf-4857-b9ac-bbedd98cae90] INFO  o.eclipse.m2e.core.internal.Bundles - 	Entry: C:\Users\PHAN ANH TUAN\.p2\pool\plugins\org.apache.commons.cli_1.9.0.jar
2025-10-06 22:49:11,447 [Worker-16: Launching mavenrun-820c0e26-78bf-4857-b9ac-bbedd98cae90] INFO  o.eclipse.m2e.core.internal.Bundles - getClasspathEntries(Bundle=org.apache.commons.commons-codec_1.16.0 [81])
2025-10-06 22:49:11,447 [Worker-16: Launching mavenrun-820c0e26-78bf-4857-b9ac-bbedd98cae90] INFO  o.eclipse.m2e.core.internal.Bundles - 	Entry: C:\Users\PHAN ANH TUAN\.p2\pool\plugins\org.apache.commons.commons-codec_1.16.0.jar
2025-10-06 22:49:11,447 [Worker-16: Launching mavenrun-820c0e26-78bf-4857-b9ac-bbedd98cae90] INFO  o.eclipse.m2e.core.internal.Bundles - getClasspathEntries(Bundle=com.google.guava.failureaccess_1.0.2 [17])
2025-10-06 22:49:11,447 [Worker-16: Launching mavenrun-820c0e26-78bf-4857-b9ac-bbedd98cae90] INFO  o.eclipse.m2e.core.internal.Bundles - 	Entry: C:\Users\PHAN ANH TUAN\.p2\pool\plugins\com.google.guava.failureaccess_1.0.2.jar
2025-10-06 22:49:11,451 [Worker-16: Launching mavenrun-820c0e26-78bf-4857-b9ac-bbedd98cae90] INFO  o.e.m.i.launch.MavenLaunchDelegate - Run build in "C:\Users\PHANAN~1\AppData\Local\Temp\m2e-archetypeGenerator6861673925180997084":
2025-10-06 22:49:11,457 [Worker-16: Launching mavenrun-820c0e26-78bf-4857-b9ac-bbedd98cae90] INFO  o.e.m.i.launch.MavenLaunchDelegate -  mvn  -DarchetypeGroupId=org.apache.maven.archetypes -DarchetypeArtifactId=maven-archetype-quickstart -DarchetypeVersion=1.5 -DgroupId=com.jone -DartifactId=superapp -Dversion=0.0.1-SNAPSHOT -Dpackage=com.jone.superapp -DoutputDirectory=D:\BackendJava\My_Workspace\Space_Deep\Session03_ORM.JPA -Dstyle.color=always -U archetype:generate
2025-10-06 22:49:30,457 [Worker-19: Creating maven-archetype-quickstart] INFO  o.e.m.c.i.p.ProjectConfigurationManager - Collecting project info '/pom.xml' D:\BackendJava\My_Workspace\Space_Deep\Session03_ORM.JPA\superapp\pom.xml
2025-10-06 22:49:31,266 [Worker-19: Creating maven-archetype-quickstart] INFO  o.e.m.c.i.l.LifecycleMappingFactory - Using org.eclipse.m2e.jdt.JarLifecycleMapping lifecycle mapping for MavenProject: com.jone:superapp:0.0.1-SNAPSHOT @ D:\BackendJava\My_Workspace\Space_Deep\Session03_ORM.JPA\superapp\pom.xml.
2025-10-06 22:49:31,874 [Worker-19: Creating maven-archetype-quickstart] INFO  o.e.m.j.i.AbstractJavaProjectConfigurator - Adding source folder /superapp/src/main/java
2025-10-06 22:49:31,875 [Worker-19: Creating maven-archetype-quickstart] INFO  o.e.m.j.i.AbstractJavaProjectConfigurator - Adding resource folder /superapp/src/main/resources
2025-10-06 22:49:31,884 [Worker-19: Creating maven-archetype-quickstart] INFO  o.e.m.j.i.AbstractJavaProjectConfigurator - Adding source folder /superapp/src/test/java
2025-10-06 22:49:31,886 [Worker-19: Creating maven-archetype-quickstart] INFO  o.e.m.j.i.AbstractJavaProjectConfigurator - Adding resource folder /superapp/src/test/resources
2025-10-06 22:49:32,485 [Worker-19: Creating maven-archetype-quickstart] INFO  o.e.m.c.i.p.ProjectConfigurationManager - Imported and configured 1 project(s) in 2 sec
2025-10-06 22:49:34,073 [Worker-10: Building] INFO  o.a.m.s.f.DefaultMavenResourcesFiltering - skip non existing resourceDirectory D:\BackendJava\My_Workspace\Space_Deep\Session03_ORM.JPA\superapp\src\main\resources
2025-10-06 22:49:34,084 [Worker-10: Building] INFO  o.a.m.s.f.DefaultMavenResourcesFiltering - skip non existing resourceDirectory D:\BackendJava\My_Workspace\Space_Deep\Session03_ORM.JPA\superapp\src\test\resources
2025-10-06 22:55:29,824 [Worker-6: Building] INFO  o.a.m.s.f.DefaultMavenResourcesFiltering - skip non existing resourceDirectory D:\BackendJava\My_Workspace\Space_Deep\Session03_ORM.JPA\superapp\src\main\resources
2025-10-06 22:55:29,833 [Worker-6: Building] INFO  o.a.m.s.f.DefaultMavenResourcesFiltering - skip non existing resourceDirectory D:\BackendJava\My_Workspace\Space_Deep\Session03_ORM.JPA\superapp\src\test\resources
2025-10-06 22:56:27,957 [Worker-23: Building] INFO  o.e.m.c.i.l.LifecycleMappingFactory - Using org.eclipse.m2e.jdt.JarLifecycleMapping lifecycle mapping for MavenProject: com.jone:superapp:0.0.1-SNAPSHOT @ D:\BackendJava\My_Workspace\Space_Deep\Session03_ORM.JPA\superapp\pom.xml.
2025-10-06 22:56:28,132 [Worker-23: Building] INFO  o.a.m.s.f.DefaultMavenResourcesFiltering - skip non existing resourceDirectory D:\BackendJava\My_Workspace\Space_Deep\Session03_ORM.JPA\superapp\src\main\resources
2025-10-06 22:56:28,136 [Worker-23: Building] INFO  o.a.m.s.f.DefaultMavenResourcesFiltering - skip non existing resourceDirectory D:\BackendJava\My_Workspace\Space_Deep\Session03_ORM.JPA\superapp\src\test\resources
2025-10-06 22:56:28,590 [Worker-23: Updating Maven Project] INFO  o.e.m.c.i.p.ProjectConfigurationManager - Update started
2025-10-06 22:56:28,726 [Worker-23: Updating Maven Project] INFO  o.e.m.c.i.l.LifecycleMappingFactory - Using org.eclipse.m2e.jdt.JarLifecycleMapping lifecycle mapping for MavenProject: com.jone:superapp:0.0.1-SNAPSHOT @ D:\BackendJava\My_Workspace\Space_Deep\Session03_ORM.JPA\superapp\pom.xml.
2025-10-06 22:56:28,788 [Worker-23: Updating Maven Project] INFO  o.e.m.j.i.AbstractJavaProjectConfigurator - Adding source folder /superapp/src/main/java
2025-10-06 22:56:28,790 [Worker-23: Updating Maven Project] INFO  o.e.m.j.i.AbstractJavaProjectConfigurator - Adding resource folder /superapp/src/main/resources
2025-10-06 22:56:28,791 [Worker-23: Updating Maven Project] INFO  o.e.m.j.i.AbstractJavaProjectConfigurator - Adding source folder /superapp/src/test/java
2025-10-06 22:56:28,793 [Worker-23: Updating Maven Project] INFO  o.e.m.j.i.AbstractJavaProjectConfigurator - Adding resource folder /superapp/src/test/resources
2025-10-06 22:56:28,924 [Worker-23: Updating Maven Project] INFO  o.e.m.c.i.p.ProjectConfigurationManager - Update completed for 1 poms: local refresh takes 0.00 sec, refresh facades takes 0.00 sec, update config takes 0.00 sec 
2025-10-06 22:56:29,726 [Worker-23: Building] INFO  o.a.m.s.f.DefaultMavenResourcesFiltering - skip non existing resourceDirectory D:\BackendJava\My_Workspace\Space_Deep\Session03_ORM.JPA\superapp\src\main\resources
2025-10-06 22:56:29,734 [Worker-23: Building] INFO  o.a.m.s.f.DefaultMavenResourcesFiltering - skip non existing resourceDirectory D:\BackendJava\My_Workspace\Space_Deep\Session03_ORM.JPA\superapp\src\test\resources
2025-10-06 22:56:49,116 [Worker-0: Building] INFO  o.a.m.s.f.DefaultMavenResourcesFiltering - skip non existing resourceDirectory D:\BackendJava\My_Workspace\Space_Deep\Session03_ORM.JPA\superapp\src\main\resources
2025-10-06 22:56:49,117 [Worker-0: Building] INFO  o.a.m.s.f.DefaultMavenResourcesFiltering - skip non existing resourceDirectory D:\BackendJava\My_Workspace\Space_Deep\Session03_ORM.JPA\superapp\src\test\resources
2025-10-06 22:59:07,060 [Worker-23: Building] INFO  o.a.m.s.f.DefaultMavenResourcesFiltering - skip non existing resourceDirectory D:\BackendJava\My_Workspace\Space_Deep\Session03_ORM.JPA\superapp\src\main\resources
2025-10-06 22:59:07,064 [Worker-23: Building] INFO  o.a.m.s.f.DefaultMavenResourcesFiltering - skip non existing resourceDirectory D:\BackendJava\My_Workspace\Space_Deep\Session03_ORM.JPA\superapp\src\test\resources
2025-10-06 22:59:17,976 [Worker-24: Building] INFO  o.a.m.s.f.DefaultMavenResourcesFiltering - skip non existing resourceDirectory D:\BackendJava\My_Workspace\Space_Deep\Session03_ORM.JPA\superapp\src\main\resources
2025-10-06 22:59:17,983 [Worker-24: Building] INFO  o.a.m.s.f.DefaultMavenResourcesFiltering - skip non existing resourceDirectory D:\BackendJava\My_Workspace\Space_Deep\Session03_ORM.JPA\superapp\src\test\resources
2025-10-06 23:04:20,660 [Worker-21: Building] INFO  o.e.m.c.i.l.LifecycleMappingFactory - Using org.eclipse.m2e.jdt.JarLifecycleMapping lifecycle mapping for MavenProject: com.jone:superapp:0.0.1-SNAPSHOT @ D:\BackendJava\My_Workspace\Space_Deep\Session03_ORM.JPA\superapp\pom.xml.
2025-10-06 23:04:20,881 [Worker-21: Building] INFO  o.a.m.s.f.DefaultMavenResourcesFiltering - skip non existing resourceDirectory D:\BackendJava\My_Workspace\Space_Deep\Session03_ORM.JPA\superapp\src\main\resources
2025-10-06 23:04:20,883 [Worker-21: Building] INFO  o.a.m.s.f.DefaultMavenResourcesFiltering - skip non existing resourceDirectory D:\BackendJava\My_Workspace\Space_Deep\Session03_ORM.JPA\superapp\src\test\resources
2025-10-06 23:04:21,960 [Worker-28: Building] INFO  o.a.m.s.f.DefaultMavenResourcesFiltering - skip non existing resourceDirectory D:\BackendJava\My_Workspace\Space_Deep\Session03_ORM.JPA\superapp\src\main\resources
2025-10-06 23:04:21,964 [Worker-28: Building] INFO  o.a.m.s.f.DefaultMavenResourcesFiltering - skip non existing resourceDirectory D:\BackendJava\My_Workspace\Space_Deep\Session03_ORM.JPA\superapp\src\test\resources
2025-10-06 23:10:42,133 [Worker-31: Building] INFO  o.e.m.c.i.l.LifecycleMappingFactory - Using org.eclipse.m2e.jdt.JarLifecycleMapping lifecycle mapping for MavenProject: com.jone:superapp:0.0.1-SNAPSHOT @ D:\BackendJava\My_Workspace\Space_Deep\Session03_ORM.JPA\superapp\pom.xml.
2025-10-06 23:10:42,513 [Worker-31: Building] INFO  o.e.m.c.i.e.AbstractTransferListenerAdapter - Downloading https://repo.maven.apache.org/maven2/jakarta/persistence/jakarta.persistence-api/3.2.0/jakarta.persistence-api-3.2.0.pom
2025-10-06 23:10:42,596 [Worker-31: Building] INFO  o.e.m.c.i.e.AbstractTransferListenerAdapter - Downloaded https://repo.maven.apache.org/maven2/jakarta/persistence/jakarta.persistence-api/3.2.0/jakarta.persistence-api-3.2.0.pom
2025-10-06 23:10:42,864 [Worker-31: Building] INFO  o.e.m.c.i.e.AbstractTransferListenerAdapter - Downloading https://repo.maven.apache.org/maven2/org/jboss/logging/jboss-logging/3.5.0.Final/jboss-logging-3.5.0.Final.pom
2025-10-06 23:10:42,899 [Worker-31: Building] INFO  o.e.m.c.i.e.AbstractTransferListenerAdapter - Downloaded https://repo.maven.apache.org/maven2/org/jboss/logging/jboss-logging/3.5.0.Final/jboss-logging-3.5.0.Final.pom
2025-10-06 23:10:43,332 [Worker-31: Building] INFO  o.e.m.c.i.e.AbstractTransferListenerAdapter - Downloading https://repo.maven.apache.org/maven2/jakarta/activation/jakarta.activation-api/2.1.0/jakarta.activation-api-2.1.0.pom
2025-10-06 23:10:43,365 [Worker-31: Building] INFO  o.e.m.c.i.e.AbstractTransferListenerAdapter - Downloaded https://repo.maven.apache.org/maven2/jakarta/activation/jakarta.activation-api/2.1.0/jakarta.activation-api-2.1.0.pom
2025-10-06 23:10:43,650 [Worker-31: Building] INFO  o.e.m.c.i.e.AbstractTransferListenerAdapter - Downloading https://repo.maven.apache.org/maven2/jakarta/activation/jakarta.activation-api/2.1.1/jakarta.activation-api-2.1.1.pom
2025-10-06 23:10:43,686 [Worker-31: Building] INFO  o.e.m.c.i.e.AbstractTransferListenerAdapter - Downloaded https://repo.maven.apache.org/maven2/jakarta/activation/jakarta.activation-api/2.1.1/jakarta.activation-api-2.1.1.pom
2025-10-06 23:10:44,022 [Worker-31: Building] INFO  o.e.m.c.i.e.AbstractTransferListenerAdapter - Downloading https://repo.maven.apache.org/maven2/jakarta/persistence/jakarta.persistence-api/3.2.0/jakarta.persistence-api-3.2.0.jar
2025-10-06 23:10:44,191 [Worker-31: Building] INFO  o.e.m.c.i.e.AbstractTransferListenerAdapter - Downloaded https://repo.maven.apache.org/maven2/jakarta/persistence/jakarta.persistence-api/3.2.0/jakarta.persistence-api-3.2.0.jar
2025-10-06 23:10:44,280 [BasicRepositoryConnector-repo.maven.apache.org-0-1] INFO  o.e.m.c.i.e.AbstractTransferListenerAdapter - Downloading https://repo.maven.apache.org/maven2/jakarta/activation/jakarta.activation-api/2.1.0/jakarta.activation-api-2.1.0.jar
2025-10-06 23:10:44,326 [BasicRepositoryConnector-repo.maven.apache.org-0-1] INFO  o.e.m.c.i.e.AbstractTransferListenerAdapter - Downloaded https://repo.maven.apache.org/maven2/jakarta/activation/jakarta.activation-api/2.1.0/jakarta.activation-api-2.1.0.jar
2025-10-06 23:10:44,410 [BasicRepositoryConnector-repo.maven.apache.org-0-0] INFO  o.e.m.c.i.e.AbstractTransferListenerAdapter - Downloading https://repo.maven.apache.org/maven2/org/jboss/logging/jboss-logging/3.5.0.Final/jboss-logging-3.5.0.Final.jar
2025-10-06 23:10:44,474 [BasicRepositoryConnector-repo.maven.apache.org-0-0] INFO  o.e.m.c.i.e.AbstractTransferListenerAdapter - Downloaded https://repo.maven.apache.org/maven2/org/jboss/logging/jboss-logging/3.5.0.Final/jboss-logging-3.5.0.Final.jar
2025-10-06 23:10:45,358 [Worker-31: Building] INFO  o.a.m.s.f.DefaultMavenResourcesFiltering - skip non existing resourceDirectory D:\BackendJava\My_Workspace\Space_Deep\Session03_ORM.JPA\superapp\src\main\resources
2025-10-06 23:10:45,362 [Worker-31: Building] INFO  o.a.m.s.f.DefaultMavenResourcesFiltering - skip non existing resourceDirectory D:\BackendJava\My_Workspace\Space_Deep\Session03_ORM.JPA\superapp\src\test\resources
2025-10-06 23:10:46,429 [Worker-34: Building] INFO  o.a.m.s.f.DefaultMavenResourcesFiltering - skip non existing resourceDirectory D:\BackendJava\My_Workspace\Space_Deep\Session03_ORM.JPA\superapp\src\main\resources
2025-10-06 23:10:46,432 [Worker-34: Building] INFO  o.a.m.s.f.DefaultMavenResourcesFiltering - skip non existing resourceDirectory D:\BackendJava\My_Workspace\Space_Deep\Session03_ORM.JPA\superapp\src\test\resources
2025-10-06 23:10:46,474 [Worker-22: Download sources and javadoc] INFO  o.e.m.c.i.e.AbstractTransferListenerAdapter - Downloading https://repo.maven.apache.org/maven2/jakarta/persistence/jakarta.persistence-api/3.2.0/jakarta.persistence-api-3.2.0-sources.jar
2025-10-06 23:10:46,810 [Worker-22: Download sources and javadoc] INFO  o.e.m.c.i.e.AbstractTransferListenerAdapter - Downloaded https://repo.maven.apache.org/maven2/jakarta/persistence/jakarta.persistence-api/3.2.0/jakarta.persistence-api-3.2.0-sources.jar
2025-10-06 23:10:46,815 [Worker-22: Download sources and javadoc] INFO  o.e.m.j.internal.DownloadSourcesJob - Downloaded sources for jakarta.persistence:jakarta.persistence-api:3.2.0
2025-10-06 23:10:47,107 [Worker-22: Download sources and javadoc] INFO  o.e.m.c.i.e.AbstractTransferListenerAdapter - Downloading https://repo.maven.apache.org/maven2/org/jboss/logging/jboss-logging/3.5.0.Final/jboss-logging-3.5.0.Final-sources.jar
2025-10-06 23:10:47,863 [Worker-22: Download sources and javadoc] INFO  o.e.m.c.i.e.AbstractTransferListenerAdapter - Downloaded https://repo.maven.apache.org/maven2/org/jboss/logging/jboss-logging/3.5.0.Final/jboss-logging-3.5.0.Final-sources.jar
2025-10-06 23:10:47,866 [Worker-22: Download sources and javadoc] INFO  o.e.m.j.internal.DownloadSourcesJob - Downloaded sources for org.jboss.logging:jboss-logging:3.5.0.Final
2025-10-06 23:10:48,040 [Worker-22: Download sources and javadoc] INFO  o.e.m.c.i.e.AbstractTransferListenerAdapter - Downloading https://repo.maven.apache.org/maven2/jakarta/activation/jakarta.activation-api/2.1.0/jakarta.activation-api-2.1.0-sources.jar
2025-10-06 23:10:48,101 [Worker-22: Download sources and javadoc] INFO  o.e.m.c.i.e.AbstractTransferListenerAdapter - Downloaded https://repo.maven.apache.org/maven2/jakarta/activation/jakarta.activation-api/2.1.0/jakarta.activation-api-2.1.0-sources.jar
2025-10-06 23:10:48,105 [Worker-22: Download sources and javadoc] INFO  o.e.m.j.internal.DownloadSourcesJob - Downloaded sources for jakarta.activation:jakarta.activation-api:2.1.0
2025-10-06 23:28:07,804 [Worker-43: Building] INFO  o.a.m.s.f.DefaultMavenResourcesFiltering - skip non existing resourceDirectory D:\BackendJava\My_Workspace\Space_Deep\Session03_ORM.JPA\superapp\src\main\resources
2025-10-06 23:28:07,807 [Worker-43: Building] INFO  o.a.m.s.f.DefaultMavenResourcesFiltering - skip non existing resourceDirectory D:\BackendJava\My_Workspace\Space_Deep\Session03_ORM.JPA\superapp\src\test\resources
2025-10-06 23:29:01,131 [Worker-43: Building] INFO  o.a.m.s.f.DefaultMavenResourcesFiltering - skip non existing resourceDirectory D:\BackendJava\My_Workspace\Space_Deep\Session03_ORM.JPA\superapp\src\main\resources
2025-10-06 23:29:01,134 [Worker-43: Building] INFO  o.a.m.s.f.DefaultMavenResourcesFiltering - skip non existing resourceDirectory D:\BackendJava\My_Workspace\Space_Deep\Session03_ORM.JPA\superapp\src\test\resources
2025-10-06 23:31:10,835 [Worker-32: Building] INFO  o.a.m.s.f.DefaultMavenResourcesFiltering - skip non existing resourceDirectory D:\BackendJava\My_Workspace\Space_Deep\Session03_ORM.JPA\superapp\src\main\resources
2025-10-06 23:31:10,837 [Worker-32: Building] INFO  o.a.m.s.f.DefaultMavenResourcesFiltering - skip non existing resourceDirectory D:\BackendJava\My_Workspace\Space_Deep\Session03_ORM.JPA\superapp\src\test\resources
2025-10-06 23:39:27,271 [Worker-43: Building] INFO  o.a.m.s.f.DefaultMavenResourcesFiltering - skip non existing resourceDirectory D:\BackendJava\My_Workspace\Space_Deep\Session03_ORM.JPA\superapp\src\main\resources
2025-10-06 23:39:27,274 [Worker-43: Building] INFO  o.a.m.s.f.DefaultMavenResourcesFiltering - skip non existing resourceDirectory D:\BackendJava\My_Workspace\Space_Deep\Session03_ORM.JPA\superapp\src\test\resources
2025-10-06 23:40:01,413 [Worker-41: Building] INFO  o.a.m.s.f.DefaultMavenResourcesFiltering - Copying 0 resource from src\main\resources to target\classes
2025-10-06 23:40:01,415 [Worker-41: Building] INFO  o.a.m.s.f.DefaultMavenResourcesFiltering - skip non existing resourceDirectory D:\BackendJava\My_Workspace\Space_Deep\Session03_ORM.JPA\superapp\src\test\resources
2025-10-06 23:41:22,266 [Worker-49: Building] INFO  o.a.m.s.f.DefaultMavenResourcesFiltering - Copying 1 resource from src\main\resources to target\classes
2025-10-06 23:41:22,271 [Worker-49: Building] INFO  o.a.m.s.f.DefaultMavenResourcesFiltering - skip non existing resourceDirectory D:\BackendJava\My_Workspace\Space_Deep\Session03_ORM.JPA\superapp\src\test\resources
2025-10-06 23:54:21,721 [Worker-54: Building] INFO  o.a.m.s.f.DefaultMavenResourcesFiltering - Copying 1 resource from src\main\resources to target\classes
2025-10-06 23:54:21,725 [Worker-54: Building] INFO  o.a.m.s.f.DefaultMavenResourcesFiltering - skip non existing resourceDirectory D:\BackendJava\My_Workspace\Space_Deep\Session03_ORM.JPA\superapp\src\test\resources
2025-10-07 00:17:31,613 [Worker-61: Building] INFO  o.a.m.s.f.DefaultMavenResourcesFiltering - Copying 1 resource from src\main\resources to target\classes
2025-10-07 00:17:31,620 [Worker-61: Building] INFO  o.a.m.s.f.DefaultMavenResourcesFiltering - skip non existing resourceDirectory D:\BackendJava\My_Workspace\Space_Deep\Session03_ORM.JPA\superapp\src\test\resources
2025-10-07 00:18:33,303 [Worker-61: Building] INFO  o.a.m.s.f.DefaultMavenResourcesFiltering - Copying 1 resource from src\main\resources to target\classes
2025-10-07 00:18:33,309 [Worker-61: Building] INFO  o.a.m.s.f.DefaultMavenResourcesFiltering - skip non existing resourceDirectory D:\BackendJava\My_Workspace\Space_Deep\Session03_ORM.JPA\superapp\src\test\resources
2025-10-07 00:23:02,017 [Worker-56: Building] INFO  o.a.m.s.f.DefaultMavenResourcesFiltering - Copying 1 resource from src\main\resources to target\classes
2025-10-07 00:23:02,022 [Worker-56: Building] INFO  o.a.m.s.f.DefaultMavenResourcesFiltering - skip non existing resourceDirectory D:\BackendJava\My_Workspace\Space_Deep\Session03_ORM.JPA\superapp\src\test\resources
2025-10-07 00:26:50,411 [Worker-60: Building] INFO  o.a.m.s.f.DefaultMavenResourcesFiltering - Copying 1 resource from src\main\resources to target\classes
2025-10-07 00:26:50,414 [Worker-60: Building] INFO  o.a.m.s.f.DefaultMavenResourcesFiltering - skip non existing resourceDirectory D:\BackendJava\My_Workspace\Space_Deep\Session03_ORM.JPA\superapp\src\test\resources
2025-10-07 00:27:11,613 [Worker-57: Building] INFO  o.a.m.s.f.DefaultMavenResourcesFiltering - Copying 1 resource from src\main\resources to target\classes
2025-10-07 00:27:11,617 [Worker-57: Building] INFO  o.a.m.s.f.DefaultMavenResourcesFiltering - skip non existing resourceDirectory D:\BackendJava\My_Workspace\Space_Deep\Session03_ORM.JPA\superapp\src\test\resources
2025-10-07 00:29:01,341 [Worker-62: Building] INFO  o.a.m.s.f.DefaultMavenResourcesFiltering - Copying 1 resource from src\main\resources to target\classes
2025-10-07 00:29:01,344 [Worker-62: Building] INFO  o.a.m.s.f.DefaultMavenResourcesFiltering - skip non existing resourceDirectory D:\BackendJava\My_Workspace\Space_Deep\Session03_ORM.JPA\superapp\src\test\resources
2025-10-07 00:32:24,885 [Worker-63: Building] INFO  o.a.m.s.f.DefaultMavenResourcesFiltering - Copying 1 resource from src\main\resources to target\classes
2025-10-07 00:32:24,890 [Worker-63: Building] INFO  o.a.m.s.f.DefaultMavenResourcesFiltering - skip non existing resourceDirectory D:\BackendJava\My_Workspace\Space_Deep\Session03_ORM.JPA\superapp\src\test\resources
2025-10-07 00:33:18,019 [Worker-63: Building] INFO  o.a.m.s.f.DefaultMavenResourcesFiltering - Copying 1 resource from src\main\resources to target\classes
2025-10-07 00:33:18,022 [Worker-63: Building] INFO  o.a.m.s.f.DefaultMavenResourcesFiltering - skip non existing resourceDirectory D:\BackendJava\My_Workspace\Space_Deep\Session03_ORM.JPA\superapp\src\test\resources
2025-10-07 00:36:32,279 [Worker-64: Building] INFO  o.e.m.c.i.l.LifecycleMappingFactory - Using org.eclipse.m2e.jdt.JarLifecycleMapping lifecycle mapping for MavenProject: com.jone:superapp:0.0.1-SNAPSHOT @ D:\BackendJava\My_Workspace\Space_Deep\Session03_ORM.JPA\superapp\pom.xml.
2025-10-07 00:36:33,498 [Worker-64: Building] INFO  o.a.m.s.f.DefaultMavenResourcesFiltering - Copying 0 resource from src\main\resources to target\classes
2025-10-07 00:36:33,502 [Worker-64: Building] INFO  o.a.m.s.f.DefaultMavenResourcesFiltering - skip non existing resourceDirectory D:\BackendJava\My_Workspace\Space_Deep\Session03_ORM.JPA\superapp\src\test\resources
2025-10-07 00:36:33,527 [Worker-66: Updating Maven Project] INFO  o.e.m.c.i.p.ProjectConfigurationManager - Update started
2025-10-07 00:36:33,597 [Worker-66: Updating Maven Project] INFO  o.e.m.c.i.l.LifecycleMappingFactory - Using org.eclipse.m2e.jdt.JarLifecycleMapping lifecycle mapping for MavenProject: com.jone:superapp:0.0.1-SNAPSHOT @ D:\BackendJava\My_Workspace\Space_Deep\Session03_ORM.JPA\superapp\pom.xml.
2025-10-07 00:36:33,816 [Worker-66: Updating Maven Project] INFO  o.e.m.j.i.AbstractJavaProjectConfigurator - Adding source folder /superapp/src/main/java
2025-10-07 00:36:33,817 [Worker-66: Updating Maven Project] INFO  o.e.m.j.i.AbstractJavaProjectConfigurator - Adding resource folder /superapp/src/main/resources
2025-10-07 00:36:33,837 [Worker-66: Updating Maven Project] INFO  o.e.m.j.i.AbstractJavaProjectConfigurator - Adding source folder /superapp/src/test/java
2025-10-07 00:36:33,838 [Worker-66: Updating Maven Project] INFO  o.e.m.j.i.AbstractJavaProjectConfigurator - Adding resource folder /superapp/src/test/resources
2025-10-07 00:36:35,898 [Worker-66: Updating Maven Project] INFO  o.e.m.c.i.p.ProjectConfigurationManager - Update completed for 1 poms: local refresh takes 0.00 sec, refresh facades takes 0.00 sec, update config takes 1.00 sec 
2025-10-07 00:36:36,878 [Worker-63: Building] INFO  o.a.m.s.f.DefaultMavenResourcesFiltering - Copying 1 resource from src\main\resources to target\classes
2025-10-07 00:36:36,888 [Worker-63: Building] INFO  o.a.m.s.f.DefaultMavenResourcesFiltering - skip non existing resourceDirectory D:\BackendJava\My_Workspace\Space_Deep\Session03_ORM.JPA\superapp\src\test\resources
2025-10-07 00:40:23,668 [Worker-68: Building] INFO  o.a.m.s.f.DefaultMavenResourcesFiltering - Copying 1 resource from src\main\resources to target\classes
2025-10-07 00:40:23,669 [Worker-68: Building] INFO  o.a.m.s.f.DefaultMavenResourcesFiltering - skip non existing resourceDirectory D:\BackendJava\My_Workspace\Space_Deep\Session03_ORM.JPA\superapp\src\test\resources
2025-10-07 00:40:24,724 [Worker-69: Building] INFO  o.a.m.s.f.DefaultMavenResourcesFiltering - Copying 1 resource from src\main\resources to target\classes
2025-10-07 00:40:24,730 [Worker-69: Building] INFO  o.a.m.s.f.DefaultMavenResourcesFiltering - skip non existing resourceDirectory D:\BackendJava\My_Workspace\Space_Deep\Session03_ORM.JPA\superapp\src\test\resources
2025-10-07 00:51:15,253 [Worker-68: Building] INFO  o.a.m.s.f.DefaultMavenResourcesFiltering - Copying 1 resource from src\main\resources to target\classes
2025-10-07 00:51:15,256 [Worker-68: Building] INFO  o.a.m.s.f.DefaultMavenResourcesFiltering - skip non existing resourceDirectory D:\BackendJava\My_Workspace\Space_Deep\Session03_ORM.JPA\superapp\src\test\resources
2025-10-07 08:58:33,071 [Worker-0: Loading available Gradle versions] INFO  o.e.b.c.i.u.g.PublishedGradleVersions - Gradle version information cache is up-to-date. Trying to read.
2025-10-07 09:39:36,052 [Worker-26: Building] INFO  o.a.m.s.f.DefaultMavenResourcesFiltering - Copying 1 resource from src\main\resources to target\classes
2025-10-07 09:39:36,062 [Worker-26: Building] INFO  o.a.m.s.f.DefaultMavenResourcesFiltering - skip non existing resourceDirectory D:\BackendJava\My_Workspace\Space_Deep\Session03_ORM.JPA\superapp\src\test\resources
2025-10-07 09:44:09,054 [Worker-31: Building] INFO  o.a.m.s.f.DefaultMavenResourcesFiltering - Copying 1 resource from src\main\resources to target\classes
2025-10-07 09:44:09,059 [Worker-31: Building] INFO  o.a.m.s.f.DefaultMavenResourcesFiltering - skip non existing resourceDirectory D:\BackendJava\My_Workspace\Space_Deep\Session03_ORM.JPA\superapp\src\test\resources
2025-10-07 09:45:15,461 [Worker-24: Building] INFO  o.a.m.s.f.DefaultMavenResourcesFiltering - Copying 1 resource from src\main\resources to target\classes
2025-10-07 09:45:15,467 [Worker-24: Building] INFO  o.a.m.s.f.DefaultMavenResourcesFiltering - skip non existing resourceDirectory D:\BackendJava\My_Workspace\Space_Deep\Session03_ORM.JPA\superapp\src\test\resources
2025-10-07 09:48:01,085 [Worker-37: Building] INFO  o.a.m.s.f.DefaultMavenResourcesFiltering - Copying 1 resource from src\main\resources to target\classes
2025-10-07 09:48:01,089 [Worker-37: Building] INFO  o.a.m.s.f.DefaultMavenResourcesFiltering - skip non existing resourceDirectory D:\BackendJava\My_Workspace\Space_Deep\Session03_ORM.JPA\superapp\src\test\resources
2025-10-07 09:49:16,954 [Worker-38: Building] INFO  o.a.m.s.f.DefaultMavenResourcesFiltering - Copying 1 resource from src\main\resources to target\classes
2025-10-07 09:49:16,956 [Worker-38: Building] INFO  o.a.m.s.f.DefaultMavenResourcesFiltering - skip non existing resourceDirectory D:\BackendJava\My_Workspace\Space_Deep\Session03_ORM.JPA\superapp\src\test\resources
2025-10-07 10:02:09,103 [Worker-43: Building] INFO  o.a.m.s.f.DefaultMavenResourcesFiltering - Copying 1 resource from src\main\resources to target\classes
2025-10-07 10:02:09,107 [Worker-43: Building] INFO  o.a.m.s.f.DefaultMavenResourcesFiltering - skip non existing resourceDirectory D:\BackendJava\My_Workspace\Space_Deep\Session03_ORM.JPA\superapp\src\test\resources
2025-10-07 10:04:48,843 [Worker-40: Building] INFO  o.a.m.s.f.DefaultMavenResourcesFiltering - Copying 1 resource from src\main\resources to target\classes
2025-10-07 10:04:48,845 [Worker-40: Building] INFO  o.a.m.s.f.DefaultMavenResourcesFiltering - skip non existing resourceDirectory D:\BackendJava\My_Workspace\Space_Deep\Session03_ORM.JPA\superapp\src\test\resources
2025-10-07 10:05:33,946 [Worker-42: Building] INFO  o.a.m.s.f.DefaultMavenResourcesFiltering - Copying 1 resource from src\main\resources to target\classes
2025-10-07 10:05:33,949 [Worker-42: Building] INFO  o.a.m.s.f.DefaultMavenResourcesFiltering - skip non existing resourceDirectory D:\BackendJava\My_Workspace\Space_Deep\Session03_ORM.JPA\superapp\src\test\resources
2025-10-07 10:06:16,084 [Worker-46: Building] INFO  o.a.m.s.f.DefaultMavenResourcesFiltering - Copying 1 resource from src\main\resources to target\classes
2025-10-07 10:06:16,087 [Worker-46: Building] INFO  o.a.m.s.f.DefaultMavenResourcesFiltering - skip non existing resourceDirectory D:\BackendJava\My_Workspace\Space_Deep\Session03_ORM.JPA\superapp\src\test\resources
2025-10-07 10:07:44,998 [Worker-42: Building] INFO  o.a.m.s.f.DefaultMavenResourcesFiltering - Copying 1 resource from src\main\resources to target\classes
2025-10-07 10:07:45,001 [Worker-42: Building] INFO  o.a.m.s.f.DefaultMavenResourcesFiltering - skip non existing resourceDirectory D:\BackendJava\My_Workspace\Space_Deep\Session03_ORM.JPA\superapp\src\test\resources
2025-10-07 10:13:08,870 [Worker-50: Building] INFO  o.a.m.s.f.DefaultMavenResourcesFiltering - Copying 1 resource from src\main\resources to target\classes
2025-10-07 10:13:08,874 [Worker-50: Building] INFO  o.a.m.s.f.DefaultMavenResourcesFiltering - skip non existing resourceDirectory D:\BackendJava\My_Workspace\Space_Deep\Session03_ORM.JPA\superapp\src\test\resources
2025-10-07 10:16:59,652 [Worker-51: Building] INFO  o.a.m.s.f.DefaultMavenResourcesFiltering - Copying 1 resource from src\main\resources to target\classes
2025-10-07 10:16:59,654 [Worker-51: Building] INFO  o.a.m.s.f.DefaultMavenResourcesFiltering - skip non existing resourceDirectory D:\BackendJava\My_Workspace\Space_Deep\Session03_ORM.JPA\superapp\src\test\resources
2025-10-07 10:20:28,090 [Worker-56: Building] INFO  o.e.m.c.i.l.LifecycleMappingFactory - Using org.eclipse.m2e.jdt.JarLifecycleMapping lifecycle mapping for MavenProject: com.jone:superapp:0.0.1-SNAPSHOT @ D:\BackendJava\My_Workspace\Space_Deep\Session03_ORM.JPA\superapp\pom.xml.
2025-10-07 10:20:28,493 [Worker-56: Building] INFO  o.a.m.s.f.DefaultMavenResourcesFiltering - Copying 0 resource from src\main\resources to target\classes
2025-10-07 10:20:28,501 [Worker-56: Building] INFO  o.a.m.s.f.DefaultMavenResourcesFiltering - skip non existing resourceDirectory D:\BackendJava\My_Workspace\Space_Deep\Session03_ORM.JPA\superapp\src\test\resources
2025-10-07 10:20:29,648 [Worker-57: Building] INFO  o.a.m.s.f.DefaultMavenResourcesFiltering - Copying 1 resource from src\main\resources to target\classes
2025-10-07 10:20:29,655 [Worker-57: Building] INFO  o.a.m.s.f.DefaultMavenResourcesFiltering - skip non existing resourceDirectory D:\BackendJava\My_Workspace\Space_Deep\Session03_ORM.JPA\superapp\src\test\resources
2025-10-07 10:20:38,216 [Worker-57: Building] INFO  o.a.m.s.f.DefaultMavenResourcesFiltering - Copying 1 resource from src\main\resources to target\classes
2025-10-07 10:20:38,223 [Worker-57: Building] INFO  o.a.m.s.f.DefaultMavenResourcesFiltering - skip non existing resourceDirectory D:\BackendJava\My_Workspace\Space_Deep\Session03_ORM.JPA\superapp\src\test\resources
2025-10-07 10:20:41,455 [Worker-50: Building] INFO  o.a.m.s.f.DefaultMavenResourcesFiltering - Copying 1 resource from src\main\resources to target\classes
2025-10-07 10:20:41,457 [Worker-50: Building] INFO  o.a.m.s.f.DefaultMavenResourcesFiltering - skip non existing resourceDirectory D:\BackendJava\My_Workspace\Space_Deep\Session03_ORM.JPA\superapp\src\test\resources
2025-10-07 10:32:55,417 [Worker-62: Building] INFO  o.a.m.s.f.DefaultMavenResourcesFiltering - Copying 1 resource from src\main\resources to target\classes
2025-10-07 10:32:55,419 [Worker-62: Building] INFO  o.a.m.s.f.DefaultMavenResourcesFiltering - skip non existing resourceDirectory D:\BackendJava\My_Workspace\Space_Deep\Session03_ORM.JPA\superapp\src\test\resources
2025-10-07 10:32:58,262 [Worker-61: Building] INFO  o.a.m.s.f.DefaultMavenResourcesFiltering - Copying 1 resource from src\main\resources to target\classes
2025-10-07 10:32:58,264 [Worker-61: Building] INFO  o.a.m.s.f.DefaultMavenResourcesFiltering - skip non existing resourceDirectory D:\BackendJava\My_Workspace\Space_Deep\Session03_ORM.JPA\superapp\src\test\resources
2025-10-07 10:34:05,704 [Worker-50: Building] INFO  o.a.m.s.f.DefaultMavenResourcesFiltering - Copying 1 resource from src\main\resources to target\classes
2025-10-07 10:34:05,707 [Worker-50: Building] INFO  o.a.m.s.f.DefaultMavenResourcesFiltering - skip non existing resourceDirectory D:\BackendJava\My_Workspace\Space_Deep\Session03_ORM.JPA\superapp\src\test\resources
2025-10-07 10:34:53,986 [Worker-60: Building] INFO  o.a.m.s.f.DefaultMavenResourcesFiltering - Copying 1 resource from src\main\resources to target\classes
2025-10-07 10:34:53,989 [Worker-60: Building] INFO  o.a.m.s.f.DefaultMavenResourcesFiltering - skip non existing resourceDirectory D:\BackendJava\My_Workspace\Space_Deep\Session03_ORM.JPA\superapp\src\test\resources
2025-10-07 10:51:01,414 [Worker-67: Building] INFO  o.a.m.s.f.DefaultMavenResourcesFiltering - Copying 1 resource from src\main\resources to target\classes
2025-10-07 10:51:01,416 [Worker-67: Building] INFO  o.a.m.s.f.DefaultMavenResourcesFiltering - skip non existing resourceDirectory D:\BackendJava\My_Workspace\Space_Deep\Session03_ORM.JPA\superapp\src\test\resources
2025-10-07 10:51:52,759 [Worker-64: Building] INFO  o.a.m.s.f.DefaultMavenResourcesFiltering - Copying 1 resource from src\main\resources to target\classes
2025-10-07 10:51:52,760 [Worker-64: Building] INFO  o.a.m.s.f.DefaultMavenResourcesFiltering - skip non existing resourceDirectory D:\BackendJava\My_Workspace\Space_Deep\Session03_ORM.JPA\superapp\src\test\resources
2025-10-07 10:52:46,633 [Worker-66: Building] INFO  o.a.m.s.f.DefaultMavenResourcesFiltering - Copying 1 resource from src\main\resources to target\classes
2025-10-07 10:52:46,636 [Worker-66: Building] INFO  o.a.m.s.f.DefaultMavenResourcesFiltering - skip non existing resourceDirectory D:\BackendJava\My_Workspace\Space_Deep\Session03_ORM.JPA\superapp\src\test\resources
2025-10-07 10:53:23,758 [Worker-67: Building] INFO  o.a.m.s.f.DefaultMavenResourcesFiltering - Copying 1 resource from src\main\resources to target\classes
2025-10-07 10:53:23,761 [Worker-67: Building] INFO  o.a.m.s.f.DefaultMavenResourcesFiltering - skip non existing resourceDirectory D:\BackendJava\My_Workspace\Space_Deep\Session03_ORM.JPA\superapp\src\test\resources
2025-10-07 10:55:04,359 [Worker-64: Building] INFO  o.a.m.s.f.DefaultMavenResourcesFiltering - Copying 1 resource from src\main\resources to target\classes
2025-10-07 10:55:04,361 [Worker-64: Building] INFO  o.a.m.s.f.DefaultMavenResourcesFiltering - skip non existing resourceDirectory D:\BackendJava\My_Workspace\Space_Deep\Session03_ORM.JPA\superapp\src\test\resources
2025-10-07 10:55:46,076 [Worker-71: Launching App] INFO  o.a.m.s.f.DefaultMavenResourcesFiltering - Copying 1 resource from src\main\resources to target\classes
2025-10-07 10:55:46,081 [Worker-71: Launching App] INFO  o.a.m.s.f.DefaultMavenResourcesFiltering - skip non existing resourceDirectory D:\BackendJava\My_Workspace\Space_Deep\Session03_ORM.JPA\superapp\src\test\resources
2025-10-07 10:58:39,678 [Worker-64: Launching App] INFO  o.a.m.s.f.DefaultMavenResourcesFiltering - Copying 1 resource from src\main\resources to target\classes
2025-10-07 10:58:39,682 [Worker-64: Launching App] INFO  o.a.m.s.f.DefaultMavenResourcesFiltering - skip non existing resourceDirectory D:\BackendJava\My_Workspace\Space_Deep\Session03_ORM.JPA\superapp\src\test\resources
2025-10-07 10:59:04,529 [Worker-71: Launching App] INFO  o.a.m.s.f.DefaultMavenResourcesFiltering - Copying 1 resource from src\main\resources to target\classes
2025-10-07 10:59:04,531 [Worker-71: Launching App] INFO  o.a.m.s.f.DefaultMavenResourcesFiltering - skip non existing resourceDirectory D:\BackendJava\My_Workspace\Space_Deep\Session03_ORM.JPA\superapp\src\test\resources
2025-10-07 11:04:32,294 [Worker-70: Building] INFO  o.a.m.s.f.DefaultMavenResourcesFiltering - Copying 1 resource from src\main\resources to target\classes
2025-10-07 11:04:32,295 [Worker-70: Building] INFO  o.a.m.s.f.DefaultMavenResourcesFiltering - skip non existing resourceDirectory D:\BackendJava\My_Workspace\Space_Deep\Session03_ORM.JPA\superapp\src\test\resources
2025-10-07 11:14:20,875 [Worker-77: Building] INFO  o.a.m.s.f.DefaultMavenResourcesFiltering - Copying 1 resource from src\main\resources to target\classes
2025-10-07 11:14:20,877 [Worker-77: Building] INFO  o.a.m.s.f.DefaultMavenResourcesFiltering - skip non existing resourceDirectory D:\BackendJava\My_Workspace\Space_Deep\Session03_ORM.JPA\superapp\src\test\resources
2025-10-07 11:16:05,017 [Worker-81: Launching App] INFO  o.a.m.s.f.DefaultMavenResourcesFiltering - Copying 1 resource from src\main\resources to target\classes
2025-10-07 11:16:05,021 [Worker-81: Launching App] INFO  o.a.m.s.f.DefaultMavenResourcesFiltering - skip non existing resourceDirectory D:\BackendJava\My_Workspace\Space_Deep\Session03_ORM.JPA\superapp\src\test\resources
2025-10-07 11:16:33,479 [Worker-85: Building] INFO  o.a.m.s.f.DefaultMavenResourcesFiltering - Copying 1 resource from src\main\resources to target\classes
2025-10-07 11:16:33,481 [Worker-85: Building] INFO  o.a.m.s.f.DefaultMavenResourcesFiltering - skip non existing resourceDirectory D:\BackendJava\My_Workspace\Space_Deep\Session03_ORM.JPA\superapp\src\test\resources
2025-10-07 11:24:19,140 [Worker-85: Launching App] INFO  o.a.m.s.f.DefaultMavenResourcesFiltering - Copying 1 resource from src\main\resources to target\classes
2025-10-07 11:24:19,143 [Worker-85: Launching App] INFO  o.a.m.s.f.DefaultMavenResourcesFiltering - skip non existing resourceDirectory D:\BackendJava\My_Workspace\Space_Deep\Session03_ORM.JPA\superapp\src\test\resources
2025-10-07 11:25:22,228 [Worker-85: Launching App] INFO  o.a.m.s.f.DefaultMavenResourcesFiltering - Copying 1 resource from src\main\resources to target\classes
2025-10-07 11:25:22,232 [Worker-85: Launching App] INFO  o.a.m.s.f.DefaultMavenResourcesFiltering - skip non existing resourceDirectory D:\BackendJava\My_Workspace\Space_Deep\Session03_ORM.JPA\superapp\src\test\resources
2025-10-07 11:29:36,103 [Worker-87: Building] INFO  o.a.m.s.f.DefaultMavenResourcesFiltering - Copying 1 resource from src\main\resources to target\classes
2025-10-07 11:29:36,106 [Worker-87: Building] INFO  o.a.m.s.f.DefaultMavenResourcesFiltering - skip non existing resourceDirectory D:\BackendJava\My_Workspace\Space_Deep\Session03_ORM.JPA\superapp\src\test\resources
2025-10-07 11:30:51,171 [Worker-90: Updating Maven Project] INFO  o.e.m.c.i.p.ProjectConfigurationManager - Update started
2025-10-07 11:30:51,245 [Worker-90: Updating Maven Project] INFO  o.e.m.c.i.l.LifecycleMappingFactory - Using org.eclipse.m2e.jdt.JarLifecycleMapping lifecycle mapping for MavenProject: com.jone:superapp:0.0.1-SNAPSHOT @ D:\BackendJava\My_Workspace\Space_Deep\Session03_ORM.JPA\superapp\pom.xml.
2025-10-07 11:30:51,627 [Worker-90: Updating Maven Project] INFO  o.e.m.j.i.AbstractJavaProjectConfigurator - Adding source folder /superapp/src/main/java
2025-10-07 11:30:51,629 [Worker-90: Updating Maven Project] INFO  o.e.m.j.i.AbstractJavaProjectConfigurator - Adding resource folder /superapp/src/main/resources
2025-10-07 11:30:51,630 [Worker-90: Updating Maven Project] INFO  o.e.m.j.i.AbstractJavaProjectConfigurator - Adding source folder /superapp/src/test/java
2025-10-07 11:30:51,632 [Worker-90: Updating Maven Project] INFO  o.e.m.j.i.AbstractJavaProjectConfigurator - Adding resource folder /superapp/src/test/resources
2025-10-07 11:30:51,842 [Worker-90: Updating Maven Project] INFO  o.e.m.c.i.p.ProjectConfigurationManager - Update completed for 1 poms: local refresh takes 0.00 sec, refresh facades takes 0.00 sec, update config takes 0.00 sec 
2025-10-07 11:30:52,214 [Worker-91: Building] INFO  o.a.m.s.f.DefaultMavenResourcesFiltering - Copying 1 resource from src\main\resources to target\classes
2025-10-07 11:30:52,223 [Worker-91: Building] INFO  o.a.m.s.f.DefaultMavenResourcesFiltering - skip non existing resourceDirectory D:\BackendJava\My_Workspace\Space_Deep\Session03_ORM.JPA\superapp\src\test\resources
2025-10-07 11:31:12,118 [Worker-87: Building] INFO  o.a.m.s.f.DefaultMavenResourcesFiltering - Copying 1 resource from src\main\resources to target\classes
2025-10-07 11:31:12,120 [Worker-87: Building] INFO  o.a.m.s.f.DefaultMavenResourcesFiltering - skip non existing resourceDirectory D:\BackendJava\My_Workspace\Space_Deep\Session03_ORM.JPA\superapp\src\test\resources
2025-10-07 11:32:21,231 [Worker-92: Building] INFO  o.a.m.s.f.DefaultMavenResourcesFiltering - Copying 1 resource from src\main\resources to target\classes
2025-10-07 11:32:21,233 [Worker-92: Building] INFO  o.a.m.s.f.DefaultMavenResourcesFiltering - skip non existing resourceDirectory D:\BackendJava\My_Workspace\Space_Deep\Session03_ORM.JPA\superapp\src\test\resources
2025-10-07 11:33:15,692 [Worker-92: Launching App] INFO  o.a.m.s.f.DefaultMavenResourcesFiltering - Copying 1 resource from src\main\resources to target\classes
2025-10-07 11:33:15,695 [Worker-92: Launching App] INFO  o.a.m.s.f.DefaultMavenResourcesFiltering - skip non existing resourceDirectory D:\BackendJava\My_Workspace\Space_Deep\Session03_ORM.JPA\superapp\src\test\resources
2025-10-07 11:43:36,773 [Worker-97: Building] INFO  o.a.m.s.f.DefaultMavenResourcesFiltering - Copying 1 resource from src\main\resources to target\classes
2025-10-07 11:43:36,775 [Worker-97: Building] INFO  o.a.m.s.f.DefaultMavenResourcesFiltering - skip non existing resourceDirectory D:\BackendJava\My_Workspace\Space_Deep\Session03_ORM.JPA\superapp\src\test\resources
2025-10-07 13:49:11,049 [Worker-1: Loading available Gradle versions] INFO  o.e.b.c.i.u.g.PublishedGradleVersions - Gradle version information cache is up-to-date. Trying to read.
2025-10-07 15:11:33,907 [Worker-41: Building] INFO  o.a.m.s.f.DefaultMavenResourcesFiltering - Copying 1 resource from src\main\resources to target\classes
2025-10-07 15:11:33,923 [Worker-41: Building] INFO  o.a.m.s.f.DefaultMavenResourcesFiltering - skip non existing resourceDirectory D:\BackendJava\My_Workspace\Space_Deep\Session03_ORM.JPA\superapp\src\test\resources
2025-10-07 15:12:24,941 [Worker-40: Launching App] INFO  o.a.m.s.f.DefaultMavenResourcesFiltering - Copying 1 resource from src\main\resources to target\classes
2025-10-07 15:12:24,945 [Worker-40: Launching App] INFO  o.a.m.s.f.DefaultMavenResourcesFiltering - skip non existing resourceDirectory D:\BackendJava\My_Workspace\Space_Deep\Session03_ORM.JPA\superapp\src\test\resources
2025-10-07 15:20:54,292 [Worker-47: Launching App] INFO  o.a.m.s.f.DefaultMavenResourcesFiltering - Copying 1 resource from src\main\resources to target\classes
2025-10-07 15:20:54,298 [Worker-47: Launching App] INFO  o.a.m.s.f.DefaultMavenResourcesFiltering - skip non existing resourceDirectory D:\BackendJava\My_Workspace\Space_Deep\Session03_ORM.JPA\superapp\src\test\resources
2025-10-07 15:21:23,838 [Worker-46: Launching App] INFO  o.a.m.s.f.DefaultMavenResourcesFiltering - Copying 1 resource from src\main\resources to target\classes
2025-10-07 15:21:23,840 [Worker-46: Launching App] INFO  o.a.m.s.f.DefaultMavenResourcesFiltering - skip non existing resourceDirectory D:\BackendJava\My_Workspace\Space_Deep\Session03_ORM.JPA\superapp\src\test\resources
2025-10-07 15:22:28,760 [Worker-46: Launching App] INFO  o.a.m.s.f.DefaultMavenResourcesFiltering - Copying 1 resource from src\main\resources to target\classes
2025-10-07 15:22:28,762 [Worker-46: Launching App] INFO  o.a.m.s.f.DefaultMavenResourcesFiltering - skip non existing resourceDirectory D:\BackendJava\My_Workspace\Space_Deep\Session03_ORM.JPA\superapp\src\test\resources
2025-10-07 15:23:33,117 [Worker-42: Building] INFO  o.a.m.s.f.DefaultMavenResourcesFiltering - Copying 1 resource from src\main\resources to target\classes
2025-10-07 15:23:33,120 [Worker-42: Building] INFO  o.a.m.s.f.DefaultMavenResourcesFiltering - skip non existing resourceDirectory D:\BackendJava\My_Workspace\Space_Deep\Session03_ORM.JPA\superapp\src\test\resources
2025-10-07 15:37:53,112 [Worker-53: Launching App] INFO  o.a.m.s.f.DefaultMavenResourcesFiltering - Copying 1 resource from src\main\resources to target\classes
2025-10-07 15:37:53,116 [Worker-53: Launching App] INFO  o.a.m.s.f.DefaultMavenResourcesFiltering - skip non existing resourceDirectory D:\BackendJava\My_Workspace\Space_Deep\Session03_ORM.JPA\superapp\src\test\resources
2025-10-07 15:49:04,062 [Worker-53: Building] INFO  o.a.m.s.f.DefaultMavenResourcesFiltering - Copying 1 resource from src\main\resources to target\classes
2025-10-07 15:49:04,065 [Worker-53: Building] INFO  o.a.m.s.f.DefaultMavenResourcesFiltering - skip non existing resourceDirectory D:\BackendJava\My_Workspace\Space_Deep\Session03_ORM.JPA\superapp\src\test\resources
2025-10-07 15:53:38,193 [Worker-57: Building] INFO  o.a.m.s.f.DefaultMavenResourcesFiltering - Copying 1 resource from src\main\resources to target\classes
2025-10-07 15:53:38,196 [Worker-57: Building] INFO  o.a.m.s.f.DefaultMavenResourcesFiltering - skip non existing resourceDirectory D:\BackendJava\My_Workspace\Space_Deep\Session03_ORM.JPA\superapp\src\test\resources
2025-10-07 15:54:30,797 [Worker-61: Launching App] INFO  o.a.m.s.f.DefaultMavenResourcesFiltering - Copying 1 resource from src\main\resources to target\classes
2025-10-07 15:54:30,804 [Worker-61: Launching App] INFO  o.a.m.s.f.DefaultMavenResourcesFiltering - skip non existing resourceDirectory D:\BackendJava\My_Workspace\Space_Deep\Session03_ORM.JPA\superapp\src\test\resources
2025-10-07 15:54:52,896 [Worker-60: Launching App] INFO  o.a.m.s.f.DefaultMavenResourcesFiltering - Copying 1 resource from src\main\resources to target\classes
2025-10-07 15:54:52,901 [Worker-60: Launching App] INFO  o.a.m.s.f.DefaultMavenResourcesFiltering - skip non existing resourceDirectory D:\BackendJava\My_Workspace\Space_Deep\Session03_ORM.JPA\superapp\src\test\resources
2025-10-07 15:55:34,191 [Worker-60: Launching App] INFO  o.a.m.s.f.DefaultMavenResourcesFiltering - Copying 1 resource from src\main\resources to target\classes
2025-10-07 15:55:34,200 [Worker-60: Launching App] INFO  o.a.m.s.f.DefaultMavenResourcesFiltering - skip non existing resourceDirectory D:\BackendJava\My_Workspace\Space_Deep\Session03_ORM.JPA\superapp\src\test\resources
2025-10-07 15:57:23,352 [Worker-62: Launching App] INFO  o.a.m.s.f.DefaultMavenResourcesFiltering - Copying 1 resource from src\main\resources to target\classes
2025-10-07 15:57:23,355 [Worker-62: Launching App] INFO  o.a.m.s.f.DefaultMavenResourcesFiltering - skip non existing resourceDirectory D:\BackendJava\My_Workspace\Space_Deep\Session03_ORM.JPA\superapp\src\test\resources
2025-10-07 16:00:56,810 [Worker-66: Building] INFO  o.a.m.s.f.DefaultMavenResourcesFiltering - Copying 1 resource from src\main\resources to target\classes
2025-10-07 16:00:56,813 [Worker-66: Building] INFO  o.a.m.s.f.DefaultMavenResourcesFiltering - skip non existing resourceDirectory D:\BackendJava\My_Workspace\Space_Deep\Session03_ORM.JPA\superapp\src\test\resources
2025-10-07 16:03:04,309 [Worker-65: Launching App] INFO  o.a.m.s.f.DefaultMavenResourcesFiltering - Copying 1 resource from src\main\resources to target\classes
2025-10-07 16:03:04,311 [Worker-65: Launching App] INFO  o.a.m.s.f.DefaultMavenResourcesFiltering - skip non existing resourceDirectory D:\BackendJava\My_Workspace\Space_Deep\Session03_ORM.JPA\superapp\src\test\resources
2025-10-07 16:12:25,349 [Worker-69: Launching App] INFO  o.a.m.s.f.DefaultMavenResourcesFiltering - Copying 1 resource from src\main\resources to target\classes
2025-10-07 16:12:25,353 [Worker-69: Launching App] INFO  o.a.m.s.f.DefaultMavenResourcesFiltering - skip non existing resourceDirectory D:\BackendJava\My_Workspace\Space_Deep\Session03_ORM.JPA\superapp\src\test\resources
2025-10-07 16:19:05,324 [Worker-76: Updating Maven Dependencies] ERROR o.e.m.j.i.l.MavenLaunchConfigurationListener - Launch configuration App references closed project superapp
org.eclipse.core.runtime.CoreException: Launch configuration App references closed project superapp
	at org.eclipse.jdt.launching.JavaRuntime.abort(JavaRuntime.java:1870)
	at org.eclipse.jdt.launching.JavaRuntime.getJavaProject(JavaRuntime.java:1744)
	at org.eclipse.m2e.jdt.internal.launch.MavenLaunchConfigurationListener.updateLaunchConfiguration(MavenLaunchConfigurationListener.java:66)
	at org.eclipse.m2e.jdt.internal.launch.MavenLaunchConfigurationListener.launchConfigurationChanged(MavenLaunchConfigurationListener.java:52)
	at org.eclipse.debug.internal.core.LaunchManager$ConfigurationNotifier.run(LaunchManager.java:219)
	at org.eclipse.core.runtime.SafeRunner.run(SafeRunner.java:47)
	at org.eclipse.debug.internal.core.LaunchManager$ConfigurationNotifier.notify(LaunchManager.java:203)
	at org.eclipse.debug.internal.core.LaunchConfigurationWorkingCopy.setDirty(LaunchConfigurationWorkingCopy.java:527)
	at org.eclipse.debug.internal.core.LaunchConfigurationWorkingCopy.setAttribute(LaunchConfigurationWorkingCopy.java:415)
	at org.eclipse.m2e.jdt.internal.launch.MavenRuntimeClasspathProvider.disable(MavenRuntimeClasspathProvider.java:409)
	at org.eclipse.m2e.jdt.internal.launch.MavenRuntimeClasspathProvider.disable(MavenRuntimeClasspathProvider.java:435)
	at org.eclipse.m2e.jdt.internal.launch.MavenLaunchConfigurationListener.mavenProjectChanged(MavenLaunchConfigurationListener.java:137)
	at org.eclipse.m2e.core.internal.project.registry.ProjectRegistryManager.notifyProjectChangeListeners(ProjectRegistryManager.java:892)
	at org.eclipse.m2e.core.internal.project.registry.ProjectRegistryManager.applyMutableProjectRegistry(ProjectRegistryManager.java:1042)
	at org.eclipse.m2e.core.internal.project.registry.ProjectRegistryRefreshJob.lambda$0(ProjectRegistryRefreshJob.java:162)
	at org.eclipse.m2e.core.internal.embedder.MavenExecutionContext.executeBare(MavenExecutionContext.java:458)
	at org.eclipse.m2e.core.internal.embedder.MavenExecutionContext.execute(MavenExecutionContext.java:339)
	at org.eclipse.m2e.core.internal.embedder.MavenExecutionContext.execute(MavenExecutionContext.java:278)
	at org.eclipse.m2e.core.internal.project.registry.ProjectRegistryRefreshJob.run(ProjectRegistryRefreshJob.java:106)
	at org.eclipse.core.internal.jobs.Worker.run(Worker.java:63)
2025-10-07 16:19:05,335 [Worker-76: Updating Maven Dependencies] ERROR o.e.m.j.i.l.MavenLaunchConfigurationListener - Launch configuration App references closed project superapp
org.eclipse.core.runtime.CoreException: Launch configuration App references closed project superapp
	at org.eclipse.jdt.launching.JavaRuntime.abort(JavaRuntime.java:1870)
	at org.eclipse.jdt.launching.JavaRuntime.getJavaProject(JavaRuntime.java:1744)
	at org.eclipse.m2e.jdt.internal.launch.MavenLaunchConfigurationListener.updateLaunchConfiguration(MavenLaunchConfigurationListener.java:66)
	at org.eclipse.m2e.jdt.internal.launch.MavenLaunchConfigurationListener.launchConfigurationChanged(MavenLaunchConfigurationListener.java:52)
	at org.eclipse.debug.internal.core.LaunchManager$ConfigurationNotifier.run(LaunchManager.java:219)
	at org.eclipse.core.runtime.SafeRunner.run(SafeRunner.java:47)
	at org.eclipse.debug.internal.core.LaunchManager$ConfigurationNotifier.notify(LaunchManager.java:203)
	at org.eclipse.debug.internal.core.LaunchConfigurationWorkingCopy.setDirty(LaunchConfigurationWorkingCopy.java:527)
	at org.eclipse.debug.internal.core.LaunchConfigurationWorkingCopy.setAttribute(LaunchConfigurationWorkingCopy.java:415)
	at org.eclipse.m2e.jdt.internal.launch.MavenRuntimeClasspathProvider.disable(MavenRuntimeClasspathProvider.java:410)
	at org.eclipse.m2e.jdt.internal.launch.MavenRuntimeClasspathProvider.disable(MavenRuntimeClasspathProvider.java:435)
	at org.eclipse.m2e.jdt.internal.launch.MavenLaunchConfigurationListener.mavenProjectChanged(MavenLaunchConfigurationListener.java:137)
	at org.eclipse.m2e.core.internal.project.registry.ProjectRegistryManager.notifyProjectChangeListeners(ProjectRegistryManager.java:892)
	at org.eclipse.m2e.core.internal.project.registry.ProjectRegistryManager.applyMutableProjectRegistry(ProjectRegistryManager.java:1042)
	at org.eclipse.m2e.core.internal.project.registry.ProjectRegistryRefreshJob.lambda$0(ProjectRegistryRefreshJob.java:162)
	at org.eclipse.m2e.core.internal.embedder.MavenExecutionContext.executeBare(MavenExecutionContext.java:458)
	at org.eclipse.m2e.core.internal.embedder.MavenExecutionContext.execute(MavenExecutionContext.java:339)
	at org.eclipse.m2e.core.internal.embedder.MavenExecutionContext.execute(MavenExecutionContext.java:278)
	at org.eclipse.m2e.core.internal.project.registry.ProjectRegistryRefreshJob.run(ProjectRegistryRefreshJob.java:106)
	at org.eclipse.core.internal.jobs.Worker.run(Worker.java:63)
2025-10-07 16:19:05,357 [Worker-76: Updating Maven Dependencies] ERROR o.e.m.j.i.l.MavenLaunchConfigurationListener - Launch configuration App references closed project superapp
org.eclipse.core.runtime.CoreException: Launch configuration App references closed project superapp
	at org.eclipse.jdt.launching.JavaRuntime.abort(JavaRuntime.java:1870)
	at org.eclipse.jdt.launching.JavaRuntime.getJavaProject(JavaRuntime.java:1744)
	at org.eclipse.m2e.jdt.internal.launch.MavenLaunchConfigurationListener.updateLaunchConfiguration(MavenLaunchConfigurationListener.java:66)
	at org.eclipse.m2e.jdt.internal.launch.MavenLaunchConfigurationListener.launchConfigurationChanged(MavenLaunchConfigurationListener.java:52)
	at org.eclipse.debug.internal.core.LaunchManager$ConfigurationNotifier.run(LaunchManager.java:219)
	at org.eclipse.core.runtime.SafeRunner.run(SafeRunner.java:47)
	at org.eclipse.debug.internal.core.LaunchManager$ConfigurationNotifier.notify(LaunchManager.java:203)
	at org.eclipse.debug.internal.core.LaunchManager.launchConfigurationChanged(LaunchManager.java:1960)
	at org.eclipse.debug.internal.core.LaunchConfigurationWorkingCopy.writeNewFile(LaunchConfigurationWorkingCopy.java:380)
	at org.eclipse.debug.internal.core.LaunchConfigurationWorkingCopy.doSave0(LaunchConfigurationWorkingCopy.java:259)
	at org.eclipse.debug.internal.core.LaunchConfigurationWorkingCopy.doSave(LaunchConfigurationWorkingCopy.java:229)
	at org.eclipse.debug.internal.core.LaunchConfigurationWorkingCopy.doSave(LaunchConfigurationWorkingCopy.java:187)
	at org.eclipse.m2e.jdt.internal.launch.MavenRuntimeClasspathProvider.disable(MavenRuntimeClasspathProvider.java:411)
	at org.eclipse.m2e.jdt.internal.launch.MavenRuntimeClasspathProvider.disable(MavenRuntimeClasspathProvider.java:435)
	at org.eclipse.m2e.jdt.internal.launch.MavenLaunchConfigurationListener.mavenProjectChanged(MavenLaunchConfigurationListener.java:137)
	at org.eclipse.m2e.core.internal.project.registry.ProjectRegistryManager.notifyProjectChangeListeners(ProjectRegistryManager.java:892)
	at org.eclipse.m2e.core.internal.project.registry.ProjectRegistryManager.applyMutableProjectRegistry(ProjectRegistryManager.java:1042)
	at org.eclipse.m2e.core.internal.project.registry.ProjectRegistryRefreshJob.lambda$0(ProjectRegistryRefreshJob.java:162)
	at org.eclipse.m2e.core.internal.embedder.MavenExecutionContext.executeBare(MavenExecutionContext.java:458)
	at org.eclipse.m2e.core.internal.embedder.MavenExecutionContext.execute(MavenExecutionContext.java:339)
	at org.eclipse.m2e.core.internal.embedder.MavenExecutionContext.execute(MavenExecutionContext.java:278)
	at org.eclipse.m2e.core.internal.project.registry.ProjectRegistryRefreshJob.run(ProjectRegistryRefreshJob.java:106)
	at org.eclipse.core.internal.jobs.Worker.run(Worker.java:63)
2025-10-07 16:22:32,525 [Worker-5: Loading available Gradle versions] INFO  o.e.b.c.i.u.g.PublishedGradleVersions - Gradle version information cache is out-of-date. Trying to update.
2025-10-07 16:30:07,714 [Worker-7: Loading available Gradle versions] INFO  o.e.b.c.i.u.g.PublishedGradleVersions - Gradle version information cache is up-to-date. Trying to read.
2025-10-07 16:35:17,935 [Worker-3: Building] INFO  o.e.m.c.i.l.LifecycleMappingFactory - Using org.eclipse.m2e.jdt.JarLifecycleMapping lifecycle mapping for MavenProject: com.jone:superapp:0.0.1-SNAPSHOT @ D:\BackendJava\My_Workspace\Space_Deep\Session03_ORM.JPA\superapp.eclipselink\pom.xml.
2025-10-07 16:35:17,935 [Worker-29: Updating Maven Dependencies] INFO  o.e.m.c.i.l.LifecycleMappingFactory - Using org.eclipse.m2e.jdt.JarLifecycleMapping lifecycle mapping for MavenProject: com.jone:superapp:0.0.1-SNAPSHOT @ D:\BackendJava\My_Workspace\Space_Deep\Session03_ORM.JPA\superapp.eclipselink\pom.xml.
2025-10-07 16:35:19,099 [Worker-3: Building] INFO  o.a.m.s.f.DefaultMavenResourcesFiltering - Copying 1 resource from src\main\resources to target\classes
2025-10-07 16:35:19,114 [Worker-3: Building] INFO  o.a.m.s.f.DefaultMavenResourcesFiltering - skip non existing resourceDirectory D:\BackendJava\My_Workspace\Space_Deep\Session03_ORM.JPA\superapp.eclipselink\src\test\resources
2025-10-07 16:35:20,397 [Worker-3: Updating Maven Dependencies] INFO  o.e.m.c.i.l.LifecycleMappingFactory - Using org.eclipse.m2e.jdt.JarLifecycleMapping lifecycle mapping for MavenProject: com.jone:superapp:0.0.1-SNAPSHOT @ D:\BackendJava\My_Workspace\Space_Deep\Session03_ORM.JPA\superapp.eclipselink\pom.xml.
2025-10-07 16:35:22,894 [Worker-6: Building] INFO  o.a.m.s.f.DefaultMavenResourcesFiltering - Copying 1 resource from src\main\resources to target\classes
2025-10-07 16:35:22,906 [Worker-6: Building] INFO  o.a.m.s.f.DefaultMavenResourcesFiltering - skip non existing resourceDirectory D:\BackendJava\My_Workspace\Space_Deep\Session03_ORM.JPA\superapp.eclipselink\src\test\resources
2025-10-07 16:40:23,620 [Worker-25: Building] INFO  o.e.m.c.i.l.LifecycleMappingFactory - Using org.eclipse.m2e.jdt.JarLifecycleMapping lifecycle mapping for MavenProject: com.jone:superapp:0.0.1-SNAPSHOT @ D:\BackendJava\My_Workspace\Space_Deep\Session03_ORM.JPA\superapp.eclipselink\pom.xml.
2025-10-07 16:40:23,768 [Worker-25: Building] INFO  o.a.m.s.f.DefaultMavenResourcesFiltering - Copying 0 resource from src\main\resources to target\classes
2025-10-07 16:40:23,771 [Worker-25: Building] INFO  o.a.m.s.f.DefaultMavenResourcesFiltering - skip non existing resourceDirectory D:\BackendJava\My_Workspace\Space_Deep\Session03_ORM.JPA\superapp.eclipselink\src\test\resources
2025-10-07 16:40:24,924 [Worker-25: Building] INFO  o.a.m.s.f.DefaultMavenResourcesFiltering - Copying 1 resource from src\main\resources to target\classes
2025-10-07 16:40:24,931 [Worker-25: Building] INFO  o.a.m.s.f.DefaultMavenResourcesFiltering - skip non existing resourceDirectory D:\BackendJava\My_Workspace\Space_Deep\Session03_ORM.JPA\superapp.eclipselink\src\test\resources
2025-10-07 16:43:14,971 [Worker-32: Building] INFO  o.e.m.c.i.l.LifecycleMappingFactory - Using org.eclipse.m2e.jdt.JarLifecycleMapping lifecycle mapping for MavenProject: com.jone:superapp:0.0.1-SNAPSHOT @ D:\BackendJava\My_Workspace\Space_Deep\Session03_ORM.JPA\superapp.eclipselink\pom.xml.
2025-10-07 16:43:15,360 [Worker-32: Building] INFO  o.e.m.c.i.e.AbstractTransferListenerAdapter - Downloading https://repo.maven.apache.org/maven2/org/eclipse/persistence/org.eclipse.persistence.jpa/4.0.6/org.eclipse.persistence.jpa-4.0.6.pom
2025-10-07 16:43:15,404 [Worker-32: Building] INFO  o.e.m.c.i.e.AbstractTransferListenerAdapter - Downloaded https://repo.maven.apache.org/maven2/org/eclipse/persistence/org.eclipse.persistence.jpa/4.0.6/org.eclipse.persistence.jpa-4.0.6.pom
2025-10-07 16:43:15,511 [Worker-32: Building] INFO  o.e.m.c.i.e.AbstractTransferListenerAdapter - Downloading https://repo.maven.apache.org/maven2/org/eclipse/persistence/org.eclipse.persistence.parent/4.0.6/org.eclipse.persistence.parent-4.0.6.pom
2025-10-07 16:43:15,571 [Worker-32: Building] INFO  o.e.m.c.i.e.AbstractTransferListenerAdapter - Downloaded https://repo.maven.apache.org/maven2/org/eclipse/persistence/org.eclipse.persistence.parent/4.0.6/org.eclipse.persistence.parent-4.0.6.pom
2025-10-07 16:43:15,685 [Worker-32: Building] INFO  o.e.m.c.i.e.AbstractTransferListenerAdapter - Downloading https://repo.maven.apache.org/maven2/com/oracle/database/jdbc/ojdbc-bom/23.3.0.23.09/ojdbc-bom-23.3.0.23.09.pom
2025-10-07 16:43:15,722 [Worker-32: Building] INFO  o.e.m.c.i.e.AbstractTransferListenerAdapter - Downloaded https://repo.maven.apache.org/maven2/com/oracle/database/jdbc/ojdbc-bom/23.3.0.23.09/ojdbc-bom-23.3.0.23.09.pom
2025-10-07 16:43:15,838 [Worker-32: Building] INFO  o.e.m.c.i.e.AbstractTransferListenerAdapter - Downloading https://repo.maven.apache.org/maven2/org/eclipse/persistence/org.eclipse.persistence.asm/9.8.0/org.eclipse.persistence.asm-9.8.0.pom
2025-10-07 16:43:15,883 [Worker-32: Building] INFO  o.e.m.c.i.e.AbstractTransferListenerAdapter - Downloaded https://repo.maven.apache.org/maven2/org/eclipse/persistence/org.eclipse.persistence.asm/9.8.0/org.eclipse.persistence.asm-9.8.0.pom
2025-10-07 16:43:16,013 [Worker-32: Building] INFO  o.e.m.c.i.e.AbstractTransferListenerAdapter - Downloading https://repo.maven.apache.org/maven2/org/eclipse/persistence/org.eclipse.persistence.core/4.0.6/org.eclipse.persistence.core-4.0.6.pom
2025-10-07 16:43:16,058 [Worker-32: Building] INFO  o.e.m.c.i.e.AbstractTransferListenerAdapter - Downloaded https://repo.maven.apache.org/maven2/org/eclipse/persistence/org.eclipse.persistence.core/4.0.6/org.eclipse.persistence.core-4.0.6.pom
2025-10-07 16:43:16,162 [Worker-32: Building] INFO  o.e.m.c.i.e.AbstractTransferListenerAdapter - Downloading https://repo.maven.apache.org/maven2/org/eclipse/persistence/org.eclipse.persistence.jpa.jpql/4.0.6/org.eclipse.persistence.jpa.jpql-4.0.6.pom
2025-10-07 16:43:16,223 [Worker-32: Building] INFO  o.e.m.c.i.e.AbstractTransferListenerAdapter - Downloaded https://repo.maven.apache.org/maven2/org/eclipse/persistence/org.eclipse.persistence.jpa.jpql/4.0.6/org.eclipse.persistence.jpa.jpql-4.0.6.pom
2025-10-07 16:43:16,328 [Worker-32: Building] INFO  o.e.m.c.i.e.AbstractTransferListenerAdapter - Downloading https://repo.maven.apache.org/maven2/org/eclipse/persistence/org.eclipse.persistence.jpa/4.0.6/org.eclipse.persistence.jpa-4.0.6.jar
2025-10-07 16:43:17,184 [Worker-32: Building] INFO  o.e.m.c.i.e.AbstractTransferListenerAdapter - Downloaded https://repo.maven.apache.org/maven2/org/eclipse/persistence/org.eclipse.persistence.jpa/4.0.6/org.eclipse.persistence.jpa-4.0.6.jar
2025-10-07 16:43:17,262 [BasicRepositoryConnector-repo.maven.apache.org-0-2] INFO  o.e.m.c.i.e.AbstractTransferListenerAdapter - Downloading https://repo.maven.apache.org/maven2/org/eclipse/persistence/org.eclipse.persistence.jpa.jpql/4.0.6/org.eclipse.persistence.jpa.jpql-4.0.6.jar
2025-10-07 16:43:17,594 [BasicRepositoryConnector-repo.maven.apache.org-0-1] INFO  o.e.m.c.i.e.AbstractTransferListenerAdapter - Downloading https://repo.maven.apache.org/maven2/org/eclipse/persistence/org.eclipse.persistence.core/4.0.6/org.eclipse.persistence.core-4.0.6.jar
2025-10-07 16:43:17,637 [BasicRepositoryConnector-repo.maven.apache.org-0-0] INFO  o.e.m.c.i.e.AbstractTransferListenerAdapter - Downloading https://repo.maven.apache.org/maven2/org/eclipse/persistence/org.eclipse.persistence.asm/9.8.0/org.eclipse.persistence.asm-9.8.0.jar
2025-10-07 16:43:17,791 [BasicRepositoryConnector-repo.maven.apache.org-0-2] INFO  o.e.m.c.i.e.AbstractTransferListenerAdapter - Downloaded https://repo.maven.apache.org/maven2/org/eclipse/persistence/org.eclipse.persistence.jpa.jpql/4.0.6/org.eclipse.persistence.jpa.jpql-4.0.6.jar
2025-10-07 16:43:17,994 [BasicRepositoryConnector-repo.maven.apache.org-0-0] INFO  o.e.m.c.i.e.AbstractTransferListenerAdapter - Downloaded https://repo.maven.apache.org/maven2/org/eclipse/persistence/org.eclipse.persistence.asm/9.8.0/org.eclipse.persistence.asm-9.8.0.jar
2025-10-07 16:43:19,455 [BasicRepositoryConnector-repo.maven.apache.org-0-1] INFO  o.e.m.c.i.e.AbstractTransferListenerAdapter - Downloaded https://repo.maven.apache.org/maven2/org/eclipse/persistence/org.eclipse.persistence.core/4.0.6/org.eclipse.persistence.core-4.0.6.jar
2025-10-07 16:43:19,660 [Worker-32: Building] INFO  o.a.m.s.f.DefaultMavenResourcesFiltering - Copying 0 resource from src\main\resources to target\classes
2025-10-07 16:43:19,664 [Worker-32: Building] INFO  o.a.m.s.f.DefaultMavenResourcesFiltering - skip non existing resourceDirectory D:\BackendJava\My_Workspace\Space_Deep\Session03_ORM.JPA\superapp.eclipselink\src\test\resources
2025-10-07 16:43:20,952 [Worker-37: Building] INFO  o.a.m.s.f.DefaultMavenResourcesFiltering - Copying 1 resource from src\main\resources to target\classes
2025-10-07 16:43:20,962 [Worker-37: Building] INFO  o.a.m.s.f.DefaultMavenResourcesFiltering - skip non existing resourceDirectory D:\BackendJava\My_Workspace\Space_Deep\Session03_ORM.JPA\superapp.eclipselink\src\test\resources
2025-10-07 16:43:22,196 [Worker-32: Download sources and javadoc] INFO  o.e.m.c.i.e.AbstractTransferListenerAdapter - Downloading https://repo.maven.apache.org/maven2/org/eclipse/persistence/org.eclipse.persistence.jpa/4.0.6/org.eclipse.persistence.jpa-4.0.6-sources.jar
2025-10-07 16:43:23,189 [Worker-32: Download sources and javadoc] INFO  o.e.m.c.i.e.AbstractTransferListenerAdapter - Downloaded https://repo.maven.apache.org/maven2/org/eclipse/persistence/org.eclipse.persistence.jpa/4.0.6/org.eclipse.persistence.jpa-4.0.6-sources.jar
2025-10-07 16:43:23,193 [Worker-32: Download sources and javadoc] INFO  o.e.m.j.internal.DownloadSourcesJob - Downloaded sources for org.eclipse.persistence:org.eclipse.persistence.jpa:4.0.6
2025-10-07 16:43:23,468 [Worker-32: Download sources and javadoc] INFO  o.e.m.c.i.e.AbstractTransferListenerAdapter - Downloading https://repo.maven.apache.org/maven2/org/eclipse/persistence/org.eclipse.persistence.asm/9.8.0/org.eclipse.persistence.asm-9.8.0-sources.jar
2025-10-07 16:43:23,705 [Worker-32: Download sources and javadoc] INFO  o.e.m.c.i.e.AbstractTransferListenerAdapter - Downloaded https://repo.maven.apache.org/maven2/org/eclipse/persistence/org.eclipse.persistence.asm/9.8.0/org.eclipse.persistence.asm-9.8.0-sources.jar
2025-10-07 16:43:23,708 [Worker-32: Download sources and javadoc] INFO  o.e.m.j.internal.DownloadSourcesJob - Downloaded sources for org.eclipse.persistence:org.eclipse.persistence.asm:9.8.0
2025-10-07 16:43:24,065 [Worker-32: Download sources and javadoc] INFO  o.e.m.c.i.e.AbstractTransferListenerAdapter - Downloading https://repo.maven.apache.org/maven2/org/eclipse/persistence/org.eclipse.persistence.core/4.0.6/org.eclipse.persistence.core-4.0.6-sources.jar
2025-10-07 16:43:25,617 [Worker-32: Download sources and javadoc] INFO  o.e.m.c.i.e.AbstractTransferListenerAdapter - Downloaded https://repo.maven.apache.org/maven2/org/eclipse/persistence/org.eclipse.persistence.core/4.0.6/org.eclipse.persistence.core-4.0.6-sources.jar
2025-10-07 16:43:25,625 [Worker-32: Download sources and javadoc] INFO  o.e.m.j.internal.DownloadSourcesJob - Downloaded sources for org.eclipse.persistence:org.eclipse.persistence.core:4.0.6
2025-10-07 16:43:27,076 [Worker-32: Download sources and javadoc] INFO  o.e.m.c.i.e.AbstractTransferListenerAdapter - Downloading https://repo.maven.apache.org/maven2/org/eclipse/persistence/org.eclipse.persistence.jpa.jpql/4.0.6/org.eclipse.persistence.jpa.jpql-4.0.6-sources.jar
2025-10-07 16:43:27,796 [Worker-32: Download sources and javadoc] INFO  o.e.m.c.i.e.AbstractTransferListenerAdapter - Downloaded https://repo.maven.apache.org/maven2/org/eclipse/persistence/org.eclipse.persistence.jpa.jpql/4.0.6/org.eclipse.persistence.jpa.jpql-4.0.6-sources.jar
2025-10-07 16:43:27,799 [Worker-32: Download sources and javadoc] INFO  o.e.m.j.internal.DownloadSourcesJob - Downloaded sources for org.eclipse.persistence:org.eclipse.persistence.jpa.jpql:4.0.6
2025-10-07 16:49:23,064 [Worker-36: Building] INFO  o.a.m.s.f.DefaultMavenResourcesFiltering - Copying 1 resource from src\main\resources to target\classes
2025-10-07 16:49:23,069 [Worker-36: Building] INFO  o.a.m.s.f.DefaultMavenResourcesFiltering - skip non existing resourceDirectory D:\BackendJava\My_Workspace\Space_Deep\Session03_ORM.JPA\superapp.eclipselink\src\test\resources
2025-10-07 16:51:29,091 [Worker-36: Building] INFO  o.a.m.s.f.DefaultMavenResourcesFiltering - Copying 1 resource from src\main\resources to target\classes
2025-10-07 16:51:29,094 [Worker-36: Building] INFO  o.a.m.s.f.DefaultMavenResourcesFiltering - skip non existing resourceDirectory D:\BackendJava\My_Workspace\Space_Deep\Session03_ORM.JPA\superapp.eclipselink\src\test\resources
2025-10-07 16:52:14,699 [Worker-41: Building] INFO  o.a.m.s.f.DefaultMavenResourcesFiltering - Copying 1 resource from src\main\resources to target\classes
2025-10-07 16:52:14,702 [Worker-41: Building] INFO  o.a.m.s.f.DefaultMavenResourcesFiltering - skip non existing resourceDirectory D:\BackendJava\My_Workspace\Space_Deep\Session03_ORM.JPA\superapp.eclipselink\src\test\resources
2025-10-07 16:52:36,992 [Worker-36: Building] INFO  o.a.m.s.f.DefaultMavenResourcesFiltering - Copying 1 resource from src\main\resources to target\classes
2025-10-07 16:52:36,995 [Worker-36: Building] INFO  o.a.m.s.f.DefaultMavenResourcesFiltering - skip non existing resourceDirectory D:\BackendJava\My_Workspace\Space_Deep\Session03_ORM.JPA\superapp.eclipselink\src\test\resources
2025-10-07 16:53:03,626 [Worker-39: Building] INFO  o.a.m.s.f.DefaultMavenResourcesFiltering - Copying 1 resource from src\main\resources to target\classes
2025-10-07 16:53:03,629 [Worker-39: Building] INFO  o.a.m.s.f.DefaultMavenResourcesFiltering - skip non existing resourceDirectory D:\BackendJava\My_Workspace\Space_Deep\Session03_ORM.JPA\superapp.eclipselink\src\test\resources
2025-10-07 16:55:14,399 [Worker-3: Building] INFO  o.a.m.s.f.DefaultMavenResourcesFiltering - Copying 1 resource from src\main\resources to target\classes
2025-10-07 16:55:14,402 [Worker-3: Building] INFO  o.a.m.s.f.DefaultMavenResourcesFiltering - skip non existing resourceDirectory D:\BackendJava\My_Workspace\Space_Deep\Session03_ORM.JPA\superapp.eclipselink\src\test\resources
2025-10-07 17:00:21,652 [Worker-44: Building] INFO  o.a.m.s.f.DefaultMavenResourcesFiltering - Copying 1 resource from src\main\resources to target\classes
2025-10-07 17:00:21,655 [Worker-44: Building] INFO  o.a.m.s.f.DefaultMavenResourcesFiltering - skip non existing resourceDirectory D:\BackendJava\My_Workspace\Space_Deep\Session03_ORM.JPA\superapp.eclipselink\src\test\resources
2025-10-07 17:01:39,151 [Worker-41: Building] INFO  o.a.m.s.f.DefaultMavenResourcesFiltering - Copying 1 resource from src\main\resources to target\classes
2025-10-07 17:01:39,154 [Worker-41: Building] INFO  o.a.m.s.f.DefaultMavenResourcesFiltering - skip non existing resourceDirectory D:\BackendJava\My_Workspace\Space_Deep\Session03_ORM.JPA\superapp.eclipselink\src\test\resources
2025-10-07 17:02:02,871 [Worker-40: Building] INFO  o.a.m.s.f.DefaultMavenResourcesFiltering - Copying 1 resource from src\main\resources to target\classes
2025-10-07 17:02:02,874 [Worker-40: Building] INFO  o.a.m.s.f.DefaultMavenResourcesFiltering - skip non existing resourceDirectory D:\BackendJava\My_Workspace\Space_Deep\Session03_ORM.JPA\superapp.eclipselink\src\test\resources
2025-10-07 17:03:14,167 [Worker-40: Building] INFO  o.a.m.s.f.DefaultMavenResourcesFiltering - Copying 1 resource from src\main\resources to target\classes
2025-10-07 17:03:14,170 [Worker-40: Building] INFO  o.a.m.s.f.DefaultMavenResourcesFiltering - skip non existing resourceDirectory D:\BackendJava\My_Workspace\Space_Deep\Session03_ORM.JPA\superapp.eclipselink\src\test\resources
2025-10-07 17:03:30,990 [Worker-45: Building] INFO  o.a.m.s.f.DefaultMavenResourcesFiltering - Copying 1 resource from src\main\resources to target\classes
2025-10-07 17:03:30,993 [Worker-45: Building] INFO  o.a.m.s.f.DefaultMavenResourcesFiltering - skip non existing resourceDirectory D:\BackendJava\My_Workspace\Space_Deep\Session03_ORM.JPA\superapp.eclipselink\src\test\resources
2025-10-07 17:03:43,534 [Worker-41: Building] INFO  o.a.m.s.f.DefaultMavenResourcesFiltering - Copying 1 resource from src\main\resources to target\classes
2025-10-07 17:03:43,537 [Worker-41: Building] INFO  o.a.m.s.f.DefaultMavenResourcesFiltering - skip non existing resourceDirectory D:\BackendJava\My_Workspace\Space_Deep\Session03_ORM.JPA\superapp.eclipselink\src\test\resources
2025-10-07 17:03:46,612 [Worker-41: Building] INFO  o.a.m.s.f.DefaultMavenResourcesFiltering - Copying 1 resource from src\main\resources to target\classes
2025-10-07 17:03:46,615 [Worker-41: Building] INFO  o.a.m.s.f.DefaultMavenResourcesFiltering - skip non existing resourceDirectory D:\BackendJava\My_Workspace\Space_Deep\Session03_ORM.JPA\superapp.eclipselink\src\test\resources
2025-10-07 17:03:57,063 [Worker-45: Building] INFO  o.a.m.s.f.DefaultMavenResourcesFiltering - Copying 1 resource from src\main\resources to target\classes
2025-10-07 17:03:57,066 [Worker-45: Building] INFO  o.a.m.s.f.DefaultMavenResourcesFiltering - skip non existing resourceDirectory D:\BackendJava\My_Workspace\Space_Deep\Session03_ORM.JPA\superapp.eclipselink\src\test\resources
2025-10-07 17:08:07,017 [Worker-45: Updating Maven Project] INFO  o.e.m.c.i.p.ProjectConfigurationManager - Update started
2025-10-07 17:08:07,094 [Worker-45: Updating Maven Project] INFO  o.e.m.c.i.l.LifecycleMappingFactory - Using org.eclipse.m2e.jdt.JarLifecycleMapping lifecycle mapping for MavenProject: com.jone:superapp:0.0.1-SNAPSHOT @ D:\BackendJava\My_Workspace\Space_Deep\Session03_ORM.JPA\superapp.eclipselink\pom.xml.
2025-10-07 17:08:07,252 [Worker-45: Updating Maven Project] INFO  o.e.m.j.i.AbstractJavaProjectConfigurator - Adding source folder /superapp.eclipselink/src/main/java
2025-10-07 17:08:07,253 [Worker-45: Updating Maven Project] INFO  o.e.m.j.i.AbstractJavaProjectConfigurator - Adding resource folder /superapp.eclipselink/src/main/resources
2025-10-07 17:08:07,253 [Worker-45: Updating Maven Project] INFO  o.e.m.j.i.AbstractJavaProjectConfigurator - Adding source folder /superapp.eclipselink/src/test/java
2025-10-07 17:08:07,254 [Worker-45: Updating Maven Project] INFO  o.e.m.j.i.AbstractJavaProjectConfigurator - Adding resource folder /superapp.eclipselink/src/test/resources
2025-10-07 17:08:07,364 [Worker-45: Updating Maven Project] INFO  o.e.m.c.i.p.ProjectConfigurationManager - Update completed for 1 poms: local refresh takes 0.00 sec, refresh facades takes 0.00 sec, update config takes 0.00 sec 
2025-10-07 17:08:07,880 [Worker-45: Building] INFO  o.a.m.s.f.DefaultMavenResourcesFiltering - Copying 1 resource from src\main\resources to target\classes
2025-10-07 17:08:07,892 [Worker-45: Building] INFO  o.a.m.s.f.DefaultMavenResourcesFiltering - skip non existing resourceDirectory D:\BackendJava\My_Workspace\Space_Deep\Session03_ORM.JPA\superapp.eclipselink\src\test\resources
2025-10-07 17:08:38,124 [Worker-46: Building] INFO  o.a.m.s.f.DefaultMavenResourcesFiltering - Copying 1 resource from src\main\resources to target\classes
2025-10-07 17:08:38,128 [Worker-46: Building] INFO  o.a.m.s.f.DefaultMavenResourcesFiltering - skip non existing resourceDirectory D:\BackendJava\My_Workspace\Space_Deep\Session03_ORM.JPA\superapp.eclipselink\src\test\resources
2025-10-07 17:09:03,587 [Worker-49: Building] INFO  o.a.m.s.f.DefaultMavenResourcesFiltering - Copying 1 resource from src\main\resources to target\classes
2025-10-07 17:09:03,589 [Worker-49: Building] INFO  o.a.m.s.f.DefaultMavenResourcesFiltering - skip non existing resourceDirectory D:\BackendJava\My_Workspace\Space_Deep\Session03_ORM.JPA\superapp.eclipselink\src\test\resources
2025-10-07 17:12:30,631 [Worker-49: Updating Maven Project] INFO  o.e.m.c.i.p.ProjectConfigurationManager - Update started
2025-10-07 17:12:30,685 [Worker-49: Updating Maven Project] INFO  o.e.m.c.i.l.LifecycleMappingFactory - Using org.eclipse.m2e.jdt.JarLifecycleMapping lifecycle mapping for MavenProject: com.jone:superapp:0.0.1-SNAPSHOT @ D:\BackendJava\My_Workspace\Space_Deep\Session03_ORM.JPA\superapp.eclipselink\pom.xml.
2025-10-07 17:12:30,809 [Worker-49: Updating Maven Project] INFO  o.e.m.j.i.AbstractJavaProjectConfigurator - Adding source folder /superapp.eclipselink/src/main/java
2025-10-07 17:12:30,809 [Worker-49: Updating Maven Project] INFO  o.e.m.j.i.AbstractJavaProjectConfigurator - Adding resource folder /superapp.eclipselink/src/main/resources
2025-10-07 17:12:30,810 [Worker-49: Updating Maven Project] INFO  o.e.m.j.i.AbstractJavaProjectConfigurator - Adding source folder /superapp.eclipselink/src/test/java
2025-10-07 17:12:30,810 [Worker-49: Updating Maven Project] INFO  o.e.m.j.i.AbstractJavaProjectConfigurator - Adding resource folder /superapp.eclipselink/src/test/resources
2025-10-07 17:12:30,886 [Worker-49: Updating Maven Project] INFO  o.e.m.c.i.p.ProjectConfigurationManager - Update completed for 1 poms: local refresh takes 0.00 sec, refresh facades takes 0.00 sec, update config takes 0.00 sec 
2025-10-07 17:12:31,332 [Worker-50: Building] INFO  o.a.m.s.f.DefaultMavenResourcesFiltering - Copying 1 resource from src\main\resources to target\classes
2025-10-07 17:12:31,339 [Worker-50: Building] INFO  o.a.m.s.f.DefaultMavenResourcesFiltering - skip non existing resourceDirectory D:\BackendJava\My_Workspace\Space_Deep\Session03_ORM.JPA\superapp.eclipselink\src\test\resources
2025-10-07 17:12:55,860 [Worker-0: Loading available Gradle versions] INFO  o.e.b.c.i.u.g.PublishedGradleVersions - Gradle version information cache is up-to-date. Trying to read.
2025-10-07 17:16:52,567 [Worker-0: Building] INFO  o.a.m.s.f.DefaultMavenResourcesFiltering - Copying 1 resource from src\main\resources to target\classes
2025-10-07 17:16:52,574 [Worker-0: Building] INFO  o.a.m.s.f.DefaultMavenResourcesFiltering - skip non existing resourceDirectory D:\BackendJava\My_Workspace\Space_Deep\Session03_ORM.JPA\superapp.eclipselink\src\test\resources
2025-10-07 17:19:01,546 [Worker-0: Building] INFO  o.a.m.s.f.DefaultMavenResourcesFiltering - Copying 1 resource from src\main\resources to target\classes
2025-10-07 17:19:01,549 [Worker-0: Building] INFO  o.a.m.s.f.DefaultMavenResourcesFiltering - skip non existing resourceDirectory D:\BackendJava\My_Workspace\Space_Deep\Session03_ORM.JPA\superapp.eclipselink\src\test\resources
2025-10-07 17:22:28,317 [Worker-2: Building] INFO  o.a.m.s.f.DefaultMavenResourcesFiltering - Copying 1 resource from src\main\resources to target\classes
2025-10-07 17:22:28,321 [Worker-2: Building] INFO  o.a.m.s.f.DefaultMavenResourcesFiltering - skip non existing resourceDirectory D:\BackendJava\My_Workspace\Space_Deep\Session03_ORM.JPA\superapp.eclipselink\src\test\resources
2025-10-07 17:23:32,686 [Worker-21: Building] INFO  o.a.m.s.f.DefaultMavenResourcesFiltering - Copying 1 resource from src\main\resources to target\classes
2025-10-07 17:23:32,689 [Worker-21: Building] INFO  o.a.m.s.f.DefaultMavenResourcesFiltering - skip non existing resourceDirectory D:\BackendJava\My_Workspace\Space_Deep\Session03_ORM.JPA\superapp.eclipselink\src\test\resources
2025-10-07 17:24:25,011 [Worker-24: Building] INFO  o.a.m.s.f.DefaultMavenResourcesFiltering - Copying 1 resource from src\main\resources to target\classes
2025-10-07 17:24:25,013 [Worker-24: Building] INFO  o.a.m.s.f.DefaultMavenResourcesFiltering - skip non existing resourceDirectory D:\BackendJava\My_Workspace\Space_Deep\Session03_ORM.JPA\superapp.eclipselink\src\test\resources
2025-10-07 17:26:38,970 [Worker-26: Building] INFO  o.a.m.s.f.DefaultMavenResourcesFiltering - Copying 1 resource from src\main\resources to target\classes
2025-10-07 17:26:38,974 [Worker-26: Building] INFO  o.a.m.s.f.DefaultMavenResourcesFiltering - skip non existing resourceDirectory D:\BackendJava\My_Workspace\Space_Deep\Session03_ORM.JPA\superapp.eclipselink\src\test\resources
2025-10-07 17:27:34,180 [Worker-28: Launching App (1)] INFO  o.a.m.s.f.DefaultMavenResourcesFiltering - Copying 1 resource from src\main\resources to target\classes
2025-10-07 17:27:34,184 [Worker-28: Launching App (1)] INFO  o.a.m.s.f.DefaultMavenResourcesFiltering - skip non existing resourceDirectory D:\BackendJava\My_Workspace\Space_Deep\Session03_ORM.JPA\superapp.eclipselink\src\test\resources
2025-10-07 17:31:19,759 [Worker-32: Building] INFO  o.a.m.s.f.DefaultMavenResourcesFiltering - Copying 1 resource from src\main\resources to target\classes
2025-10-07 17:31:19,762 [Worker-32: Building] INFO  o.a.m.s.f.DefaultMavenResourcesFiltering - skip non existing resourceDirectory D:\BackendJava\My_Workspace\Space_Deep\Session03_ORM.JPA\superapp.eclipselink\src\test\resources
2025-10-07 17:32:06,912 [Worker-27: Building] INFO  o.a.m.s.f.DefaultMavenResourcesFiltering - Copying 1 resource from src\main\resources to target\classes
2025-10-07 17:32:06,915 [Worker-27: Building] INFO  o.a.m.s.f.DefaultMavenResourcesFiltering - skip non existing resourceDirectory D:\BackendJava\My_Workspace\Space_Deep\Session03_ORM.JPA\superapp.eclipselink\src\test\resources
2025-10-07 21:02:40,246 [Worker-0: Loading available Gradle versions] INFO  o.e.b.c.i.u.g.PublishedGradleVersions - Gradle version information cache is up-to-date. Trying to read.
2025-10-07 22:26:10,544 [Worker-44: Updating Maven Dependencies] ERROR o.e.m.j.i.l.MavenLaunchConfigurationListener - Launch configuration App (1) references closed project superapp.eclipselink
org.eclipse.core.runtime.CoreException: Launch configuration App (1) references closed project superapp.eclipselink
	at org.eclipse.jdt.launching.JavaRuntime.abort(JavaRuntime.java:1870)
	at org.eclipse.jdt.launching.JavaRuntime.getJavaProject(JavaRuntime.java:1744)
	at org.eclipse.m2e.jdt.internal.launch.MavenLaunchConfigurationListener.updateLaunchConfiguration(MavenLaunchConfigurationListener.java:66)
	at org.eclipse.m2e.jdt.internal.launch.MavenLaunchConfigurationListener.launchConfigurationChanged(MavenLaunchConfigurationListener.java:52)
	at org.eclipse.debug.internal.core.LaunchManager$ConfigurationNotifier.run(LaunchManager.java:219)
	at org.eclipse.core.runtime.SafeRunner.run(SafeRunner.java:47)
	at org.eclipse.debug.internal.core.LaunchManager$ConfigurationNotifier.notify(LaunchManager.java:203)
	at org.eclipse.debug.internal.core.LaunchConfigurationWorkingCopy.setDirty(LaunchConfigurationWorkingCopy.java:527)
	at org.eclipse.debug.internal.core.LaunchConfigurationWorkingCopy.setAttribute(LaunchConfigurationWorkingCopy.java:415)
	at org.eclipse.m2e.jdt.internal.launch.MavenRuntimeClasspathProvider.disable(MavenRuntimeClasspathProvider.java:409)
	at org.eclipse.m2e.jdt.internal.launch.MavenRuntimeClasspathProvider.disable(MavenRuntimeClasspathProvider.java:435)
	at org.eclipse.m2e.jdt.internal.launch.MavenLaunchConfigurationListener.mavenProjectChanged(MavenLaunchConfigurationListener.java:137)
	at org.eclipse.m2e.core.internal.project.registry.ProjectRegistryManager.notifyProjectChangeListeners(ProjectRegistryManager.java:892)
	at org.eclipse.m2e.core.internal.project.registry.ProjectRegistryManager.applyMutableProjectRegistry(ProjectRegistryManager.java:1042)
	at org.eclipse.m2e.core.internal.project.registry.ProjectRegistryRefreshJob.lambda$0(ProjectRegistryRefreshJob.java:162)
	at org.eclipse.m2e.core.internal.embedder.MavenExecutionContext.executeBare(MavenExecutionContext.java:458)
	at org.eclipse.m2e.core.internal.embedder.MavenExecutionContext.execute(MavenExecutionContext.java:339)
	at org.eclipse.m2e.core.internal.embedder.MavenExecutionContext.execute(MavenExecutionContext.java:278)
	at org.eclipse.m2e.core.internal.project.registry.ProjectRegistryRefreshJob.run(ProjectRegistryRefreshJob.java:106)
	at org.eclipse.core.internal.jobs.Worker.run(Worker.java:63)
2025-10-07 22:26:10,553 [Worker-44: Updating Maven Dependencies] ERROR o.e.m.j.i.l.MavenLaunchConfigurationListener - Launch configuration App (1) references closed project superapp.eclipselink
org.eclipse.core.runtime.CoreException: Launch configuration App (1) references closed project superapp.eclipselink
	at org.eclipse.jdt.launching.JavaRuntime.abort(JavaRuntime.java:1870)
	at org.eclipse.jdt.launching.JavaRuntime.getJavaProject(JavaRuntime.java:1744)
	at org.eclipse.m2e.jdt.internal.launch.MavenLaunchConfigurationListener.updateLaunchConfiguration(MavenLaunchConfigurationListener.java:66)
	at org.eclipse.m2e.jdt.internal.launch.MavenLaunchConfigurationListener.launchConfigurationChanged(MavenLaunchConfigurationListener.java:52)
	at org.eclipse.debug.internal.core.LaunchManager$ConfigurationNotifier.run(LaunchManager.java:219)
	at org.eclipse.core.runtime.SafeRunner.run(SafeRunner.java:47)
	at org.eclipse.debug.internal.core.LaunchManager$ConfigurationNotifier.notify(LaunchManager.java:203)
	at org.eclipse.debug.internal.core.LaunchConfigurationWorkingCopy.setDirty(LaunchConfigurationWorkingCopy.java:527)
	at org.eclipse.debug.internal.core.LaunchConfigurationWorkingCopy.setAttribute(LaunchConfigurationWorkingCopy.java:415)
	at org.eclipse.m2e.jdt.internal.launch.MavenRuntimeClasspathProvider.disable(MavenRuntimeClasspathProvider.java:410)
	at org.eclipse.m2e.jdt.internal.launch.MavenRuntimeClasspathProvider.disable(MavenRuntimeClasspathProvider.java:435)
	at org.eclipse.m2e.jdt.internal.launch.MavenLaunchConfigurationListener.mavenProjectChanged(MavenLaunchConfigurationListener.java:137)
	at org.eclipse.m2e.core.internal.project.registry.ProjectRegistryManager.notifyProjectChangeListeners(ProjectRegistryManager.java:892)
	at org.eclipse.m2e.core.internal.project.registry.ProjectRegistryManager.applyMutableProjectRegistry(ProjectRegistryManager.java:1042)
	at org.eclipse.m2e.core.internal.project.registry.ProjectRegistryRefreshJob.lambda$0(ProjectRegistryRefreshJob.java:162)
	at org.eclipse.m2e.core.internal.embedder.MavenExecutionContext.executeBare(MavenExecutionContext.java:458)
	at org.eclipse.m2e.core.internal.embedder.MavenExecutionContext.execute(MavenExecutionContext.java:339)
	at org.eclipse.m2e.core.internal.embedder.MavenExecutionContext.execute(MavenExecutionContext.java:278)
	at org.eclipse.m2e.core.internal.project.registry.ProjectRegistryRefreshJob.run(ProjectRegistryRefreshJob.java:106)
	at org.eclipse.core.internal.jobs.Worker.run(Worker.java:63)
2025-10-07 22:26:10,569 [Worker-44: Updating Maven Dependencies] ERROR o.e.m.j.i.l.MavenLaunchConfigurationListener - Launch configuration App (1) references closed project superapp.eclipselink
org.eclipse.core.runtime.CoreException: Launch configuration App (1) references closed project superapp.eclipselink
	at org.eclipse.jdt.launching.JavaRuntime.abort(JavaRuntime.java:1870)
	at org.eclipse.jdt.launching.JavaRuntime.getJavaProject(JavaRuntime.java:1744)
	at org.eclipse.m2e.jdt.internal.launch.MavenLaunchConfigurationListener.updateLaunchConfiguration(MavenLaunchConfigurationListener.java:66)
	at org.eclipse.m2e.jdt.internal.launch.MavenLaunchConfigurationListener.launchConfigurationChanged(MavenLaunchConfigurationListener.java:52)
	at org.eclipse.debug.internal.core.LaunchManager$ConfigurationNotifier.run(LaunchManager.java:219)
	at org.eclipse.core.runtime.SafeRunner.run(SafeRunner.java:47)
	at org.eclipse.debug.internal.core.LaunchManager$ConfigurationNotifier.notify(LaunchManager.java:203)
	at org.eclipse.debug.internal.core.LaunchManager.launchConfigurationChanged(LaunchManager.java:1960)
	at org.eclipse.debug.internal.core.LaunchConfigurationWorkingCopy.writeNewFile(LaunchConfigurationWorkingCopy.java:380)
	at org.eclipse.debug.internal.core.LaunchConfigurationWorkingCopy.doSave0(LaunchConfigurationWorkingCopy.java:259)
	at org.eclipse.debug.internal.core.LaunchConfigurationWorkingCopy.doSave(LaunchConfigurationWorkingCopy.java:229)
	at org.eclipse.debug.internal.core.LaunchConfigurationWorkingCopy.doSave(LaunchConfigurationWorkingCopy.java:187)
	at org.eclipse.m2e.jdt.internal.launch.MavenRuntimeClasspathProvider.disable(MavenRuntimeClasspathProvider.java:411)
	at org.eclipse.m2e.jdt.internal.launch.MavenRuntimeClasspathProvider.disable(MavenRuntimeClasspathProvider.java:435)
	at org.eclipse.m2e.jdt.internal.launch.MavenLaunchConfigurationListener.mavenProjectChanged(MavenLaunchConfigurationListener.java:137)
	at org.eclipse.m2e.core.internal.project.registry.ProjectRegistryManager.notifyProjectChangeListeners(ProjectRegistryManager.java:892)
	at org.eclipse.m2e.core.internal.project.registry.ProjectRegistryManager.applyMutableProjectRegistry(ProjectRegistryManager.java:1042)
	at org.eclipse.m2e.core.internal.project.registry.ProjectRegistryRefreshJob.lambda$0(ProjectRegistryRefreshJob.java:162)
	at org.eclipse.m2e.core.internal.embedder.MavenExecutionContext.executeBare(MavenExecutionContext.java:458)
	at org.eclipse.m2e.core.internal.embedder.MavenExecutionContext.execute(MavenExecutionContext.java:339)
	at org.eclipse.m2e.core.internal.embedder.MavenExecutionContext.execute(MavenExecutionContext.java:278)
	at org.eclipse.m2e.core.internal.project.registry.ProjectRegistryRefreshJob.run(ProjectRegistryRefreshJob.java:106)
	at org.eclipse.core.internal.jobs.Worker.run(Worker.java:63)
2025-10-07 22:28:39,707 [Worker-39: Launching mavenrun-cfb30eaf-d5b6-44c0-899c-23d698bade27] INFO  o.eclipse.m2e.core.internal.Bundles - getClasspathEntries(Bundle=org.eclipse.m2e.maven.runtime_3.9.900.20240824-1409 [640])
2025-10-07 22:28:39,708 [Worker-39: Launching mavenrun-cfb30eaf-d5b6-44c0-899c-23d698bade27] INFO  o.eclipse.m2e.core.internal.Bundles - 	Entry: C:\Users\PHAN ANH TUAN\.p2\pool\plugins\org.eclipse.m2e.maven.runtime_3.9.900.20240824-1409
2025-10-07 22:28:39,708 [Worker-39: Launching mavenrun-cfb30eaf-d5b6-44c0-899c-23d698bade27] INFO  o.eclipse.m2e.core.internal.Bundles - 	Entry: C:\Users\PHAN ANH TUAN\.p2\pool\plugins\org.eclipse.m2e.maven.runtime_3.9.900.20240824-1409\jars\aopalliance-1.0.jar
2025-10-07 22:28:39,708 [Worker-39: Launching mavenrun-cfb30eaf-d5b6-44c0-899c-23d698bade27] INFO  o.eclipse.m2e.core.internal.Bundles - 	Entry: C:\Users\PHAN ANH TUAN\.p2\pool\plugins\org.eclipse.m2e.maven.runtime_3.9.900.20240824-1409\jars\guice-5.1.0.jar
2025-10-07 22:28:39,709 [Worker-39: Launching mavenrun-cfb30eaf-d5b6-44c0-899c-23d698bade27] INFO  o.eclipse.m2e.core.internal.Bundles - 	Entry: C:\Users\PHAN ANH TUAN\.p2\pool\plugins\org.eclipse.m2e.maven.runtime_3.9.900.20240824-1409\jars\httpclient-4.5.14.jar
2025-10-07 22:28:39,709 [Worker-39: Launching mavenrun-cfb30eaf-d5b6-44c0-899c-23d698bade27] INFO  o.eclipse.m2e.core.internal.Bundles - 	Entry: C:\Users\PHAN ANH TUAN\.p2\pool\plugins\org.eclipse.m2e.maven.runtime_3.9.900.20240824-1409\jars\httpcore-4.4.16.jar
2025-10-07 22:28:39,709 [Worker-39: Launching mavenrun-cfb30eaf-d5b6-44c0-899c-23d698bade27] INFO  o.eclipse.m2e.core.internal.Bundles - 	Entry: C:\Users\PHAN ANH TUAN\.p2\pool\plugins\org.eclipse.m2e.maven.runtime_3.9.900.20240824-1409\jars\jansi-2.4.1.jar
2025-10-07 22:28:39,709 [Worker-39: Launching mavenrun-cfb30eaf-d5b6-44c0-899c-23d698bade27] INFO  o.eclipse.m2e.core.internal.Bundles - 	Entry: C:\Users\PHAN ANH TUAN\.p2\pool\plugins\org.eclipse.m2e.maven.runtime_3.9.900.20240824-1409\jars\jcl-over-slf4j-1.7.36.jar
2025-10-07 22:28:39,710 [Worker-39: Launching mavenrun-cfb30eaf-d5b6-44c0-899c-23d698bade27] INFO  o.eclipse.m2e.core.internal.Bundles - 	Entry: C:\Users\PHAN ANH TUAN\.p2\pool\plugins\org.eclipse.m2e.maven.runtime_3.9.900.20240824-1409\jars\maven-artifact-3.9.9.jar
2025-10-07 22:28:39,710 [Worker-39: Launching mavenrun-cfb30eaf-d5b6-44c0-899c-23d698bade27] INFO  o.eclipse.m2e.core.internal.Bundles - 	Entry: C:\Users\PHAN ANH TUAN\.p2\pool\plugins\org.eclipse.m2e.maven.runtime_3.9.900.20240824-1409\jars\maven-builder-support-3.9.9.jar
2025-10-07 22:28:39,710 [Worker-39: Launching mavenrun-cfb30eaf-d5b6-44c0-899c-23d698bade27] INFO  o.eclipse.m2e.core.internal.Bundles - 	Entry: C:\Users\PHAN ANH TUAN\.p2\pool\plugins\org.eclipse.m2e.maven.runtime_3.9.900.20240824-1409\jars\maven-compat-3.9.9.jar
2025-10-07 22:28:39,710 [Worker-39: Launching mavenrun-cfb30eaf-d5b6-44c0-899c-23d698bade27] INFO  o.eclipse.m2e.core.internal.Bundles - 	Entry: C:\Users\PHAN ANH TUAN\.p2\pool\plugins\org.eclipse.m2e.maven.runtime_3.9.900.20240824-1409\jars\maven-core-3.9.9.jar
2025-10-07 22:28:39,711 [Worker-39: Launching mavenrun-cfb30eaf-d5b6-44c0-899c-23d698bade27] INFO  o.eclipse.m2e.core.internal.Bundles - 	Entry: C:\Users\PHAN ANH TUAN\.p2\pool\plugins\org.eclipse.m2e.maven.runtime_3.9.900.20240824-1409\jars\maven-embedder-3.9.9.jar
2025-10-07 22:28:39,711 [Worker-39: Launching mavenrun-cfb30eaf-d5b6-44c0-899c-23d698bade27] INFO  o.eclipse.m2e.core.internal.Bundles - 	Entry: C:\Users\PHAN ANH TUAN\.p2\pool\plugins\org.eclipse.m2e.maven.runtime_3.9.900.20240824-1409\jars\maven-model-3.9.9.jar
2025-10-07 22:28:39,712 [Worker-39: Launching mavenrun-cfb30eaf-d5b6-44c0-899c-23d698bade27] INFO  o.eclipse.m2e.core.internal.Bundles - 	Entry: C:\Users\PHAN ANH TUAN\.p2\pool\plugins\org.eclipse.m2e.maven.runtime_3.9.900.20240824-1409\jars\maven-model-builder-3.9.9.jar
2025-10-07 22:28:39,712 [Worker-39: Launching mavenrun-cfb30eaf-d5b6-44c0-899c-23d698bade27] INFO  o.eclipse.m2e.core.internal.Bundles - 	Entry: C:\Users\PHAN ANH TUAN\.p2\pool\plugins\org.eclipse.m2e.maven.runtime_3.9.900.20240824-1409\jars\maven-plugin-api-3.9.9.jar
2025-10-07 22:28:39,712 [Worker-39: Launching mavenrun-cfb30eaf-d5b6-44c0-899c-23d698bade27] INFO  o.eclipse.m2e.core.internal.Bundles - 	Entry: C:\Users\PHAN ANH TUAN\.p2\pool\plugins\org.eclipse.m2e.maven.runtime_3.9.900.20240824-1409\jars\maven-repository-metadata-3.9.9.jar
2025-10-07 22:28:39,712 [Worker-39: Launching mavenrun-cfb30eaf-d5b6-44c0-899c-23d698bade27] INFO  o.eclipse.m2e.core.internal.Bundles - 	Entry: C:\Users\PHAN ANH TUAN\.p2\pool\plugins\org.eclipse.m2e.maven.runtime_3.9.900.20240824-1409\jars\maven-resolver-api-1.9.22.jar
2025-10-07 22:28:39,713 [Worker-39: Launching mavenrun-cfb30eaf-d5b6-44c0-899c-23d698bade27] INFO  o.eclipse.m2e.core.internal.Bundles - 	Entry: C:\Users\PHAN ANH TUAN\.p2\pool\plugins\org.eclipse.m2e.maven.runtime_3.9.900.20240824-1409\jars\maven-resolver-connector-basic-1.9.22.jar
2025-10-07 22:28:39,713 [Worker-39: Launching mavenrun-cfb30eaf-d5b6-44c0-899c-23d698bade27] INFO  o.eclipse.m2e.core.internal.Bundles - 	Entry: C:\Users\PHAN ANH TUAN\.p2\pool\plugins\org.eclipse.m2e.maven.runtime_3.9.900.20240824-1409\jars\maven-resolver-impl-1.9.22.jar
2025-10-07 22:28:39,713 [Worker-39: Launching mavenrun-cfb30eaf-d5b6-44c0-899c-23d698bade27] INFO  o.eclipse.m2e.core.internal.Bundles - 	Entry: C:\Users\PHAN ANH TUAN\.p2\pool\plugins\org.eclipse.m2e.maven.runtime_3.9.900.20240824-1409\jars\maven-resolver-named-locks-1.9.22.jar
2025-10-07 22:28:39,713 [Worker-39: Launching mavenrun-cfb30eaf-d5b6-44c0-899c-23d698bade27] INFO  o.eclipse.m2e.core.internal.Bundles - 	Entry: C:\Users\PHAN ANH TUAN\.p2\pool\plugins\org.eclipse.m2e.maven.runtime_3.9.900.20240824-1409\jars\maven-resolver-provider-3.9.9.jar
2025-10-07 22:28:39,713 [Worker-39: Launching mavenrun-cfb30eaf-d5b6-44c0-899c-23d698bade27] INFO  o.eclipse.m2e.core.internal.Bundles - 	Entry: C:\Users\PHAN ANH TUAN\.p2\pool\plugins\org.eclipse.m2e.maven.runtime_3.9.900.20240824-1409\jars\maven-resolver-spi-1.9.22.jar
2025-10-07 22:28:39,713 [Worker-39: Launching mavenrun-cfb30eaf-d5b6-44c0-899c-23d698bade27] INFO  o.eclipse.m2e.core.internal.Bundles - 	Entry: C:\Users\PHAN ANH TUAN\.p2\pool\plugins\org.eclipse.m2e.maven.runtime_3.9.900.20240824-1409\jars\maven-resolver-transport-file-1.9.22.jar
2025-10-07 22:28:39,714 [Worker-39: Launching mavenrun-cfb30eaf-d5b6-44c0-899c-23d698bade27] INFO  o.eclipse.m2e.core.internal.Bundles - 	Entry: C:\Users\PHAN ANH TUAN\.p2\pool\plugins\org.eclipse.m2e.maven.runtime_3.9.900.20240824-1409\jars\maven-resolver-transport-http-1.9.22.jar
2025-10-07 22:28:39,714 [Worker-39: Launching mavenrun-cfb30eaf-d5b6-44c0-899c-23d698bade27] INFO  o.eclipse.m2e.core.internal.Bundles - 	Entry: C:\Users\PHAN ANH TUAN\.p2\pool\plugins\org.eclipse.m2e.maven.runtime_3.9.900.20240824-1409\jars\maven-resolver-transport-wagon-1.9.22.jar
2025-10-07 22:28:39,714 [Worker-39: Launching mavenrun-cfb30eaf-d5b6-44c0-899c-23d698bade27] INFO  o.eclipse.m2e.core.internal.Bundles - 	Entry: C:\Users\PHAN ANH TUAN\.p2\pool\plugins\org.eclipse.m2e.maven.runtime_3.9.900.20240824-1409\jars\maven-resolver-util-1.9.22.jar
2025-10-07 22:28:39,714 [Worker-39: Launching mavenrun-cfb30eaf-d5b6-44c0-899c-23d698bade27] INFO  o.eclipse.m2e.core.internal.Bundles - 	Entry: C:\Users\PHAN ANH TUAN\.p2\pool\plugins\org.eclipse.m2e.maven.runtime_3.9.900.20240824-1409\jars\maven-settings-3.9.9.jar
2025-10-07 22:28:39,714 [Worker-39: Launching mavenrun-cfb30eaf-d5b6-44c0-899c-23d698bade27] INFO  o.eclipse.m2e.core.internal.Bundles - 	Entry: C:\Users\PHAN ANH TUAN\.p2\pool\plugins\org.eclipse.m2e.maven.runtime_3.9.900.20240824-1409\jars\maven-settings-builder-3.9.9.jar
2025-10-07 22:28:39,714 [Worker-39: Launching mavenrun-cfb30eaf-d5b6-44c0-899c-23d698bade27] INFO  o.eclipse.m2e.core.internal.Bundles - 	Entry: C:\Users\PHAN ANH TUAN\.p2\pool\plugins\org.eclipse.m2e.maven.runtime_3.9.900.20240824-1409\jars\maven-shared-utils-3.4.2.jar
2025-10-07 22:28:39,714 [Worker-39: Launching mavenrun-cfb30eaf-d5b6-44c0-899c-23d698bade27] INFO  o.eclipse.m2e.core.internal.Bundles - 	Entry: C:\Users\PHAN ANH TUAN\.p2\pool\plugins\org.eclipse.m2e.maven.runtime_3.9.900.20240824-1409\jars\org.eclipse.sisu.inject-0.9.0.M3.jar
2025-10-07 22:28:39,714 [Worker-39: Launching mavenrun-cfb30eaf-d5b6-44c0-899c-23d698bade27] INFO  o.eclipse.m2e.core.internal.Bundles - 	Entry: C:\Users\PHAN ANH TUAN\.p2\pool\plugins\org.eclipse.m2e.maven.runtime_3.9.900.20240824-1409\jars\org.eclipse.sisu.plexus-0.9.0.M3.jar
2025-10-07 22:28:39,715 [Worker-39: Launching mavenrun-cfb30eaf-d5b6-44c0-899c-23d698bade27] INFO  o.eclipse.m2e.core.internal.Bundles - 	Entry: C:\Users\PHAN ANH TUAN\.p2\pool\plugins\org.eclipse.m2e.maven.runtime_3.9.900.20240824-1409\jars\plexus-build-api-0.0.7.jar
2025-10-07 22:28:39,715 [Worker-39: Launching mavenrun-cfb30eaf-d5b6-44c0-899c-23d698bade27] INFO  o.eclipse.m2e.core.internal.Bundles - 	Entry: C:\Users\PHAN ANH TUAN\.p2\pool\plugins\org.eclipse.m2e.maven.runtime_3.9.900.20240824-1409\jars\plexus-build-api-1.2.0.jar
2025-10-07 22:28:39,715 [Worker-39: Launching mavenrun-cfb30eaf-d5b6-44c0-899c-23d698bade27] INFO  o.eclipse.m2e.core.internal.Bundles - 	Entry: C:\Users\PHAN ANH TUAN\.p2\pool\plugins\org.eclipse.m2e.maven.runtime_3.9.900.20240824-1409\jars\plexus-cipher-2.0.jar
2025-10-07 22:28:39,715 [Worker-39: Launching mavenrun-cfb30eaf-d5b6-44c0-899c-23d698bade27] INFO  o.eclipse.m2e.core.internal.Bundles - 	Entry: C:\Users\PHAN ANH TUAN\.p2\pool\plugins\org.eclipse.m2e.maven.runtime_3.9.900.20240824-1409\jars\plexus-classworlds-2.8.0.jar
2025-10-07 22:28:39,715 [Worker-39: Launching mavenrun-cfb30eaf-d5b6-44c0-899c-23d698bade27] INFO  o.eclipse.m2e.core.internal.Bundles - 	Entry: C:\Users\PHAN ANH TUAN\.p2\pool\plugins\org.eclipse.m2e.maven.runtime_3.9.900.20240824-1409\jars\plexus-component-annotations-2.1.0.jar
2025-10-07 22:28:39,715 [Worker-39: Launching mavenrun-cfb30eaf-d5b6-44c0-899c-23d698bade27] INFO  o.eclipse.m2e.core.internal.Bundles - 	Entry: C:\Users\PHAN ANH TUAN\.p2\pool\plugins\org.eclipse.m2e.maven.runtime_3.9.900.20240824-1409\jars\plexus-interpolation-1.27.jar
2025-10-07 22:28:39,716 [Worker-39: Launching mavenrun-cfb30eaf-d5b6-44c0-899c-23d698bade27] INFO  o.eclipse.m2e.core.internal.Bundles - 	Entry: C:\Users\PHAN ANH TUAN\.p2\pool\plugins\org.eclipse.m2e.maven.runtime_3.9.900.20240824-1409\jars\plexus-sec-dispatcher-2.0.jar
2025-10-07 22:28:39,716 [Worker-39: Launching mavenrun-cfb30eaf-d5b6-44c0-899c-23d698bade27] INFO  o.eclipse.m2e.core.internal.Bundles - 	Entry: C:\Users\PHAN ANH TUAN\.p2\pool\plugins\org.eclipse.m2e.maven.runtime_3.9.900.20240824-1409\jars\plexus-utils-3.5.1.jar
2025-10-07 22:28:39,716 [Worker-39: Launching mavenrun-cfb30eaf-d5b6-44c0-899c-23d698bade27] INFO  o.eclipse.m2e.core.internal.Bundles - 	Entry: C:\Users\PHAN ANH TUAN\.p2\pool\plugins\org.eclipse.m2e.maven.runtime_3.9.900.20240824-1409\jars\plexus-xml-3.0.1.jar
2025-10-07 22:28:39,716 [Worker-39: Launching mavenrun-cfb30eaf-d5b6-44c0-899c-23d698bade27] INFO  o.eclipse.m2e.core.internal.Bundles - 	Entry: C:\Users\PHAN ANH TUAN\.p2\pool\plugins\org.eclipse.m2e.maven.runtime_3.9.900.20240824-1409\jars\wagon-file-3.5.3.jar
2025-10-07 22:28:39,716 [Worker-39: Launching mavenrun-cfb30eaf-d5b6-44c0-899c-23d698bade27] INFO  o.eclipse.m2e.core.internal.Bundles - 	Entry: C:\Users\PHAN ANH TUAN\.p2\pool\plugins\org.eclipse.m2e.maven.runtime_3.9.900.20240824-1409\jars\wagon-http-3.5.3.jar
2025-10-07 22:28:39,716 [Worker-39: Launching mavenrun-cfb30eaf-d5b6-44c0-899c-23d698bade27] INFO  o.eclipse.m2e.core.internal.Bundles - 	Entry: C:\Users\PHAN ANH TUAN\.p2\pool\plugins\org.eclipse.m2e.maven.runtime_3.9.900.20240824-1409\jars\wagon-http-shared-3.5.3.jar
2025-10-07 22:28:39,716 [Worker-39: Launching mavenrun-cfb30eaf-d5b6-44c0-899c-23d698bade27] INFO  o.eclipse.m2e.core.internal.Bundles - 	Entry: C:\Users\PHAN ANH TUAN\.p2\pool\plugins\org.eclipse.m2e.maven.runtime_3.9.900.20240824-1409\jars\wagon-provider-api-3.5.3.jar
2025-10-07 22:28:39,717 [Worker-39: Launching mavenrun-cfb30eaf-d5b6-44c0-899c-23d698bade27] INFO  o.eclipse.m2e.core.internal.Bundles - getClasspathEntries(Bundle=com.google.guava_33.3.1.jre [1026])
2025-10-07 22:28:39,717 [Worker-39: Launching mavenrun-cfb30eaf-d5b6-44c0-899c-23d698bade27] INFO  o.eclipse.m2e.core.internal.Bundles - 	Entry: C:\Users\PHAN ANH TUAN\.p2\pool\plugins\com.google.guava_33.3.1.jre.jar
2025-10-07 22:28:39,717 [Worker-39: Launching mavenrun-cfb30eaf-d5b6-44c0-899c-23d698bade27] INFO  o.eclipse.m2e.core.internal.Bundles - getClasspathEntries(Bundle=slf4j.api_2.0.16 [1005])
2025-10-07 22:28:39,718 [Worker-39: Launching mavenrun-cfb30eaf-d5b6-44c0-899c-23d698bade27] INFO  o.eclipse.m2e.core.internal.Bundles - 	Entry: C:\Users\PHAN ANH TUAN\.p2\pool\plugins\slf4j.api_2.0.16.jar
2025-10-07 22:28:39,718 [Worker-39: Launching mavenrun-cfb30eaf-d5b6-44c0-899c-23d698bade27] INFO  o.eclipse.m2e.core.internal.Bundles - getClasspathEntries(Bundle=jakarta.inject.jakarta.inject-api_1.0.5 [34])
2025-10-07 22:28:39,718 [Worker-39: Launching mavenrun-cfb30eaf-d5b6-44c0-899c-23d698bade27] INFO  o.eclipse.m2e.core.internal.Bundles - 	Entry: C:\Users\PHAN ANH TUAN\.p2\pool\plugins\jakarta.inject.jakarta.inject-api_1.0.5.jar
2025-10-07 22:28:39,718 [Worker-39: Launching mavenrun-cfb30eaf-d5b6-44c0-899c-23d698bade27] INFO  o.eclipse.m2e.core.internal.Bundles - getClasspathEntries(Bundle=jakarta.annotation-api_1.3.5 [29])
2025-10-07 22:28:39,718 [Worker-39: Launching mavenrun-cfb30eaf-d5b6-44c0-899c-23d698bade27] INFO  o.eclipse.m2e.core.internal.Bundles - 	Entry: C:\Users\PHAN ANH TUAN\.p2\pool\plugins\jakarta.annotation-api_1.3.5.jar
2025-10-07 22:28:39,718 [Worker-39: Launching mavenrun-cfb30eaf-d5b6-44c0-899c-23d698bade27] INFO  o.eclipse.m2e.core.internal.Bundles - getClasspathEntries(Bundle=org.apache.commons.cli_1.9.0 [78])
2025-10-07 22:28:39,718 [Worker-39: Launching mavenrun-cfb30eaf-d5b6-44c0-899c-23d698bade27] INFO  o.eclipse.m2e.core.internal.Bundles - 	Entry: C:\Users\PHAN ANH TUAN\.p2\pool\plugins\org.apache.commons.cli_1.9.0.jar
2025-10-07 22:28:39,718 [Worker-39: Launching mavenrun-cfb30eaf-d5b6-44c0-899c-23d698bade27] INFO  o.eclipse.m2e.core.internal.Bundles - getClasspathEntries(Bundle=org.apache.commons.commons-codec_1.16.0 [81])
2025-10-07 22:28:39,719 [Worker-39: Launching mavenrun-cfb30eaf-d5b6-44c0-899c-23d698bade27] INFO  o.eclipse.m2e.core.internal.Bundles - 	Entry: C:\Users\PHAN ANH TUAN\.p2\pool\plugins\org.apache.commons.commons-codec_1.16.0.jar
2025-10-07 22:28:39,719 [Worker-39: Launching mavenrun-cfb30eaf-d5b6-44c0-899c-23d698bade27] INFO  o.eclipse.m2e.core.internal.Bundles - getClasspathEntries(Bundle=com.google.guava.failureaccess_1.0.2 [17])
2025-10-07 22:28:39,719 [Worker-39: Launching mavenrun-cfb30eaf-d5b6-44c0-899c-23d698bade27] INFO  o.eclipse.m2e.core.internal.Bundles - 	Entry: C:\Users\PHAN ANH TUAN\.p2\pool\plugins\com.google.guava.failureaccess_1.0.2.jar
2025-10-07 22:28:39,721 [Worker-39: Launching mavenrun-cfb30eaf-d5b6-44c0-899c-23d698bade27] INFO  o.e.m.i.launch.MavenLaunchDelegate - Run build in "C:\Users\PHANAN~1\AppData\Local\Temp\m2e-archetypeGenerator9727523725132650662":
2025-10-07 22:28:39,739 [Worker-39: Launching mavenrun-cfb30eaf-d5b6-44c0-899c-23d698bade27] INFO  o.e.m.i.launch.MavenLaunchDelegate -  mvn  -DarchetypeGroupId=org.apache.maven.archetypes -DarchetypeArtifactId=maven-archetype-quickstart -DarchetypeVersion=1.1 -DgroupId=com.jone.superapp -DartifactId=fap-student-layered -Dversion=0.0.1-SNAPSHOT -Dpackage=com.jone.superapp.fap_student_layered -DoutputDirectory=D:\BackendJava\My_Workspace\Space_Deep\Session03_ORM.JPA -B -Dstyle.color=always -U archetype:generate
2025-10-07 22:29:09,389 [Worker-46: Creating maven-archetype-quickstart] INFO  o.e.m.c.i.p.ProjectConfigurationManager - Collecting project info '/pom.xml' D:\BackendJava\My_Workspace\Space_Deep\Session03_ORM.JPA\fap-student-layered\pom.xml
2025-10-07 22:29:12,898 [Worker-46: Creating maven-archetype-quickstart] INFO  o.e.m.c.i.l.LifecycleMappingFactory - Using org.eclipse.m2e.jdt.JarLifecycleMapping lifecycle mapping for MavenProject: com.jone.superapp:fap-student-layered:0.0.1-SNAPSHOT @ D:\BackendJava\My_Workspace\Space_Deep\Session03_ORM.JPA\fap-student-layered\pom.xml.
2025-10-07 22:29:14,764 [Worker-46: Creating maven-archetype-quickstart] INFO  o.e.m.j.i.AbstractJavaProjectConfigurator - Adding source folder /fap-student-layered/src/main/java
2025-10-07 22:29:14,767 [Worker-46: Creating maven-archetype-quickstart] INFO  o.e.m.j.i.AbstractJavaProjectConfigurator - Adding resource folder /fap-student-layered/src/main/resources
2025-10-07 22:29:14,780 [Worker-46: Creating maven-archetype-quickstart] INFO  o.e.m.j.i.AbstractJavaProjectConfigurator - Adding source folder /fap-student-layered/src/test/java
2025-10-07 22:29:14,781 [Worker-46: Creating maven-archetype-quickstart] INFO  o.e.m.j.i.AbstractJavaProjectConfigurator - Adding resource folder /fap-student-layered/src/test/resources
2025-10-07 22:29:14,986 [Worker-46: Creating maven-archetype-quickstart] INFO  o.e.m.c.i.p.ProjectConfigurationManager - Imported and configured 1 project(s) in 5 sec
2025-10-07 22:29:15,399 [Worker-52: Building] INFO  o.a.m.s.f.DefaultMavenResourcesFiltering - skip non existing resourceDirectory D:\BackendJava\My_Workspace\Space_Deep\Session03_ORM.JPA\fap-student-layered\src\main\resources
2025-10-07 22:29:15,404 [Worker-52: Building] INFO  o.a.m.s.f.DefaultMavenResourcesFiltering - skip non existing resourceDirectory D:\BackendJava\My_Workspace\Space_Deep\Session03_ORM.JPA\fap-student-layered\src\test\resources
2025-10-07 22:31:14,280 [Worker-51: Building] INFO  o.e.m.c.i.l.LifecycleMappingFactory - Using org.eclipse.m2e.jdt.JarLifecycleMapping lifecycle mapping for MavenProject: com.jone.superapp:fap-student-layered:0.0.1-SNAPSHOT @ D:\BackendJava\My_Workspace\Space_Deep\Session03_ORM.JPA\fap-student-layered\pom.xml.
2025-10-07 22:31:14,370 [Worker-51: Building] INFO  o.a.m.s.f.DefaultMavenResourcesFiltering - skip non existing resourceDirectory D:\BackendJava\My_Workspace\Space_Deep\Session03_ORM.JPA\fap-student-layered\src\main\resources
2025-10-07 22:31:14,373 [Worker-51: Building] INFO  o.a.m.s.f.DefaultMavenResourcesFiltering - skip non existing resourceDirectory D:\BackendJava\My_Workspace\Space_Deep\Session03_ORM.JPA\fap-student-layered\src\test\resources
2025-10-07 22:31:15,729 [Worker-49: Building] INFO  o.a.m.s.f.DefaultMavenResourcesFiltering - skip non existing resourceDirectory D:\BackendJava\My_Workspace\Space_Deep\Session03_ORM.JPA\fap-student-layered\src\main\resources
2025-10-07 22:31:15,732 [Worker-49: Building] INFO  o.a.m.s.f.DefaultMavenResourcesFiltering - skip non existing resourceDirectory D:\BackendJava\My_Workspace\Space_Deep\Session03_ORM.JPA\fap-student-layered\src\test\resources
2025-10-07 22:31:24,593 [Worker-53: Building] INFO  o.a.m.s.f.DefaultMavenResourcesFiltering - skip non existing resourceDirectory D:\BackendJava\My_Workspace\Space_Deep\Session03_ORM.JPA\fap-student-layered\src\main\resources
2025-10-07 22:31:24,595 [Worker-53: Building] INFO  o.a.m.s.f.DefaultMavenResourcesFiltering - skip non existing resourceDirectory D:\BackendJava\My_Workspace\Space_Deep\Session03_ORM.JPA\fap-student-layered\src\test\resources
2025-10-07 22:38:01,726 [Worker-49: Building] INFO  o.a.m.s.f.DefaultMavenResourcesFiltering - skip non existing resourceDirectory D:\BackendJava\My_Workspace\Space_Deep\Session03_ORM.JPA\fap-student-layered\src\main\resources
2025-10-07 22:38:01,731 [Worker-49: Building] INFO  o.a.m.s.f.DefaultMavenResourcesFiltering - skip non existing resourceDirectory D:\BackendJava\My_Workspace\Space_Deep\Session03_ORM.JPA\fap-student-layered\src\test\resources
2025-10-07 22:54:08,861 [Worker-61: Building] INFO  o.e.m.c.i.l.LifecycleMappingFactory - Using org.eclipse.m2e.jdt.JarLifecycleMapping lifecycle mapping for MavenProject: com.jone.superapp:fap-student-layered:0.0.1-SNAPSHOT @ D:\BackendJava\My_Workspace\Space_Deep\Session03_ORM.JPA\fap-student-layered\pom.xml.
2025-10-07 22:54:10,472 [Worker-61: Building] INFO  o.a.m.s.f.DefaultMavenResourcesFiltering - skip non existing resourceDirectory D:\BackendJava\My_Workspace\Space_Deep\Session03_ORM.JPA\fap-student-layered\src\main\resources
2025-10-07 22:54:10,476 [Worker-61: Building] INFO  o.a.m.s.f.DefaultMavenResourcesFiltering - skip non existing resourceDirectory D:\BackendJava\My_Workspace\Space_Deep\Session03_ORM.JPA\fap-student-layered\src\test\resources
2025-10-07 22:54:11,850 [Worker-67: Building] INFO  o.a.m.s.f.DefaultMavenResourcesFiltering - skip non existing resourceDirectory D:\BackendJava\My_Workspace\Space_Deep\Session03_ORM.JPA\fap-student-layered\src\main\resources
2025-10-07 22:54:11,854 [Worker-67: Building] INFO  o.a.m.s.f.DefaultMavenResourcesFiltering - skip non existing resourceDirectory D:\BackendJava\My_Workspace\Space_Deep\Session03_ORM.JPA\fap-student-layered\src\test\resources
2025-10-07 22:54:26,459 [Worker-61: Building] INFO  o.e.m.c.i.l.LifecycleMappingFactory - Using org.eclipse.m2e.jdt.JarLifecycleMapping lifecycle mapping for MavenProject: com.jone.superapp:fap-student-layered:0.0.1-SNAPSHOT @ D:\BackendJava\My_Workspace\Space_Deep\Session03_ORM.JPA\fap-student-layered\pom.xml.
2025-10-07 22:54:26,647 [Worker-61: Building] INFO  o.a.m.s.f.DefaultMavenResourcesFiltering - skip non existing resourceDirectory D:\BackendJava\My_Workspace\Space_Deep\Session03_ORM.JPA\fap-student-layered\src\main\resources
2025-10-07 22:54:26,650 [Worker-61: Building] INFO  o.a.m.s.f.DefaultMavenResourcesFiltering - skip non existing resourceDirectory D:\BackendJava\My_Workspace\Space_Deep\Session03_ORM.JPA\fap-student-layered\src\test\resources
2025-10-07 22:56:35,187 [Worker-66: Building] INFO  o.a.m.s.f.DefaultMavenResourcesFiltering - Copying 0 resource from src\main\resources to target\classes
2025-10-07 22:56:35,189 [Worker-66: Building] INFO  o.a.m.s.f.DefaultMavenResourcesFiltering - skip non existing resourceDirectory D:\BackendJava\My_Workspace\Space_Deep\Session03_ORM.JPA\fap-student-layered\src\test\resources
2025-10-07 22:56:42,634 [Worker-65: Building] INFO  o.a.m.s.f.DefaultMavenResourcesFiltering - skip non existing resourceDirectory D:\BackendJava\My_Workspace\Space_Deep\Session03_ORM.JPA\fap-student-layered\src\main\resources
2025-10-07 22:56:42,636 [Worker-65: Building] INFO  o.a.m.s.f.DefaultMavenResourcesFiltering - skip non existing resourceDirectory D:\BackendJava\My_Workspace\Space_Deep\Session03_ORM.JPA\fap-student-layered\src\test\resources
2025-10-07 23:00:37,873 [Worker-67: Building] INFO  o.a.m.s.f.DefaultMavenResourcesFiltering - Copying 0 resource from src\main\resources to target\classes
2025-10-07 23:00:37,875 [Worker-67: Building] INFO  o.a.m.s.f.DefaultMavenResourcesFiltering - skip non existing resourceDirectory D:\BackendJava\My_Workspace\Space_Deep\Session03_ORM.JPA\fap-student-layered\src\test\resources
2025-10-07 23:01:07,935 [Worker-69: Building] INFO  o.a.m.s.f.DefaultMavenResourcesFiltering - Copying 1 resource from src\main\resources to target\classes
2025-10-07 23:01:07,940 [Worker-69: Building] INFO  o.a.m.s.f.DefaultMavenResourcesFiltering - skip non existing resourceDirectory D:\BackendJava\My_Workspace\Space_Deep\Session03_ORM.JPA\fap-student-layered\src\test\resources
2025-10-07 23:02:03,828 [Worker-67: Building] INFO  o.a.m.s.f.DefaultMavenResourcesFiltering - Copying 1 resource from src\main\resources to target\classes
2025-10-07 23:02:03,830 [Worker-67: Building] INFO  o.a.m.s.f.DefaultMavenResourcesFiltering - skip non existing resourceDirectory D:\BackendJava\My_Workspace\Space_Deep\Session03_ORM.JPA\fap-student-layered\src\test\resources
2025-10-07 23:04:47,844 [Worker-70: Building] INFO  o.a.m.s.f.DefaultMavenResourcesFiltering - Copying 1 resource from src\main\resources to target\classes
2025-10-07 23:04:47,847 [Worker-70: Building] INFO  o.a.m.s.f.DefaultMavenResourcesFiltering - skip non existing resourceDirectory D:\BackendJava\My_Workspace\Space_Deep\Session03_ORM.JPA\fap-student-layered\src\test\resources
2025-10-08 08:18:50,181 [Worker-2: Loading available Gradle versions] INFO  o.e.b.c.i.u.g.PublishedGradleVersions - Gradle version information cache is up-to-date. Trying to read.
2025-10-08 08:26:50,274 [Worker-1: Building] INFO  o.a.m.s.f.DefaultMavenResourcesFiltering - Copying 1 resource from src\main\resources to target\classes
2025-10-08 08:26:50,283 [Worker-1: Building] INFO  o.a.m.s.f.DefaultMavenResourcesFiltering - skip non existing resourceDirectory D:\BackendJava\My_Workspace\Space_Deep\Session03_ORM.JPA\fap-student-layered\src\test\resources
2025-10-08 08:29:24,394 [Worker-22: Building] INFO  o.a.m.s.f.DefaultMavenResourcesFiltering - Copying 1 resource from src\main\resources to target\classes
2025-10-08 08:29:24,396 [Worker-22: Building] INFO  o.a.m.s.f.DefaultMavenResourcesFiltering - skip non existing resourceDirectory D:\BackendJava\My_Workspace\Space_Deep\Session03_ORM.JPA\fap-student-layered\src\test\resources
2025-10-08 08:29:27,334 [Worker-21: Building] INFO  o.a.m.s.f.DefaultMavenResourcesFiltering - Copying 1 resource from src\main\resources to target\classes
2025-10-08 08:29:27,338 [Worker-21: Building] INFO  o.a.m.s.f.DefaultMavenResourcesFiltering - skip non existing resourceDirectory D:\BackendJava\My_Workspace\Space_Deep\Session03_ORM.JPA\fap-student-layered\src\test\resources
2025-10-08 08:29:55,357 [Worker-8: Building] INFO  o.a.m.s.f.DefaultMavenResourcesFiltering - Copying 1 resource from src\main\resources to target\classes
2025-10-08 08:29:55,363 [Worker-8: Building] INFO  o.a.m.s.f.DefaultMavenResourcesFiltering - skip non existing resourceDirectory D:\BackendJava\My_Workspace\Space_Deep\Session03_ORM.JPA\fap-student-layered\src\test\resources
2025-10-08 08:31:09,770 [Worker-21: Building] INFO  o.a.m.s.f.DefaultMavenResourcesFiltering - Copying 1 resource from src\main\resources to target\classes
2025-10-08 08:31:09,773 [Worker-21: Building] INFO  o.a.m.s.f.DefaultMavenResourcesFiltering - skip non existing resourceDirectory D:\BackendJava\My_Workspace\Space_Deep\Session03_ORM.JPA\fap-student-layered\src\test\resources
2025-10-08 08:35:48,884 [Worker-27: Building] INFO  o.a.m.s.f.DefaultMavenResourcesFiltering - Copying 1 resource from src\main\resources to target\classes
2025-10-08 08:35:48,887 [Worker-27: Building] INFO  o.a.m.s.f.DefaultMavenResourcesFiltering - skip non existing resourceDirectory D:\BackendJava\My_Workspace\Space_Deep\Session03_ORM.JPA\fap-student-layered\src\test\resources
2025-10-08 08:36:07,288 [Worker-29: Building] INFO  o.a.m.s.f.DefaultMavenResourcesFiltering - Copying 1 resource from src\main\resources to target\classes
2025-10-08 08:36:07,295 [Worker-29: Building] INFO  o.a.m.s.f.DefaultMavenResourcesFiltering - skip non existing resourceDirectory D:\BackendJava\My_Workspace\Space_Deep\Session03_ORM.JPA\fap-student-layered\src\test\resources
2025-10-08 08:37:41,663 [Worker-27: Building] INFO  o.a.m.s.f.DefaultMavenResourcesFiltering - Copying 1 resource from src\main\resources to target\classes
2025-10-08 08:37:41,665 [Worker-27: Building] INFO  o.a.m.s.f.DefaultMavenResourcesFiltering - skip non existing resourceDirectory D:\BackendJava\My_Workspace\Space_Deep\Session03_ORM.JPA\fap-student-layered\src\test\resources
2025-10-08 09:00:08,787 [Worker-31: Building] INFO  o.a.m.s.f.DefaultMavenResourcesFiltering - Copying 1 resource from src\main\resources to target\classes
2025-10-08 09:00:08,789 [Worker-31: Building] INFO  o.a.m.s.f.DefaultMavenResourcesFiltering - skip non existing resourceDirectory D:\BackendJava\My_Workspace\Space_Deep\Session03_ORM.JPA\fap-student-layered\src\test\resources
2025-10-08 09:00:35,877 [Worker-34: Building] INFO  o.a.m.s.f.DefaultMavenResourcesFiltering - Copying 1 resource from src\main\resources to target\classes
2025-10-08 09:00:35,879 [Worker-34: Building] INFO  o.a.m.s.f.DefaultMavenResourcesFiltering - skip non existing resourceDirectory D:\BackendJava\My_Workspace\Space_Deep\Session03_ORM.JPA\fap-student-layered\src\test\resources
2025-10-08 09:01:39,196 [Worker-32: Building] INFO  o.a.m.s.f.DefaultMavenResourcesFiltering - Copying 1 resource from src\main\resources to target\classes
2025-10-08 09:01:39,199 [Worker-32: Building] INFO  o.a.m.s.f.DefaultMavenResourcesFiltering - skip non existing resourceDirectory D:\BackendJava\My_Workspace\Space_Deep\Session03_ORM.JPA\fap-student-layered\src\test\resources
2025-10-08 09:02:46,283 [Worker-34: Building] INFO  o.a.m.s.f.DefaultMavenResourcesFiltering - Copying 1 resource from src\main\resources to target\classes
2025-10-08 09:02:46,284 [Worker-34: Building] INFO  o.a.m.s.f.DefaultMavenResourcesFiltering - skip non existing resourceDirectory D:\BackendJava\My_Workspace\Space_Deep\Session03_ORM.JPA\fap-student-layered\src\test\resources
2025-10-08 09:03:22,294 [Worker-31: Building] INFO  o.a.m.s.f.DefaultMavenResourcesFiltering - Copying 1 resource from src\main\resources to target\classes
2025-10-08 09:03:22,296 [Worker-31: Building] INFO  o.a.m.s.f.DefaultMavenResourcesFiltering - skip non existing resourceDirectory D:\BackendJava\My_Workspace\Space_Deep\Session03_ORM.JPA\fap-student-layered\src\test\resources
2025-10-08 09:03:34,070 [Worker-32: Building] INFO  o.a.m.s.f.DefaultMavenResourcesFiltering - Copying 1 resource from src\main\resources to target\classes
2025-10-08 09:03:34,074 [Worker-32: Building] INFO  o.a.m.s.f.DefaultMavenResourcesFiltering - skip non existing resourceDirectory D:\BackendJava\My_Workspace\Space_Deep\Session03_ORM.JPA\fap-student-layered\src\test\resources
2025-10-08 09:03:55,333 [Worker-30: Building] INFO  o.a.m.s.f.DefaultMavenResourcesFiltering - Copying 1 resource from src\main\resources to target\classes
2025-10-08 09:03:55,335 [Worker-30: Building] INFO  o.a.m.s.f.DefaultMavenResourcesFiltering - skip non existing resourceDirectory D:\BackendJava\My_Workspace\Space_Deep\Session03_ORM.JPA\fap-student-layered\src\test\resources
2025-10-08 09:06:34,504 [Worker-31: Building] INFO  o.a.m.s.f.DefaultMavenResourcesFiltering - Copying 1 resource from src\main\resources to target\classes
2025-10-08 09:06:34,506 [Worker-31: Building] INFO  o.a.m.s.f.DefaultMavenResourcesFiltering - skip non existing resourceDirectory D:\BackendJava\My_Workspace\Space_Deep\Session03_ORM.JPA\fap-student-layered\src\test\resources
2025-10-08 09:08:02,264 [Worker-33: Building] INFO  o.a.m.s.f.DefaultMavenResourcesFiltering - Copying 1 resource from src\main\resources to target\classes
2025-10-08 09:08:02,266 [Worker-33: Building] INFO  o.a.m.s.f.DefaultMavenResourcesFiltering - skip non existing resourceDirectory D:\BackendJava\My_Workspace\Space_Deep\Session03_ORM.JPA\fap-student-layered\src\test\resources
2025-10-08 09:09:10,330 [Worker-33: Building] INFO  o.a.m.s.f.DefaultMavenResourcesFiltering - Copying 1 resource from src\main\resources to target\classes
2025-10-08 09:09:10,332 [Worker-33: Building] INFO  o.a.m.s.f.DefaultMavenResourcesFiltering - skip non existing resourceDirectory D:\BackendJava\My_Workspace\Space_Deep\Session03_ORM.JPA\fap-student-layered\src\test\resources
2025-10-08 09:10:15,752 [Worker-35: Building] INFO  o.a.m.s.f.DefaultMavenResourcesFiltering - Copying 1 resource from src\main\resources to target\classes
2025-10-08 09:10:15,754 [Worker-35: Building] INFO  o.a.m.s.f.DefaultMavenResourcesFiltering - skip non existing resourceDirectory D:\BackendJava\My_Workspace\Space_Deep\Session03_ORM.JPA\fap-student-layered\src\test\resources
2025-10-08 09:10:18,484 [Worker-33: Building] INFO  o.a.m.s.f.DefaultMavenResourcesFiltering - Copying 1 resource from src\main\resources to target\classes
2025-10-08 09:10:18,487 [Worker-33: Building] INFO  o.a.m.s.f.DefaultMavenResourcesFiltering - skip non existing resourceDirectory D:\BackendJava\My_Workspace\Space_Deep\Session03_ORM.JPA\fap-student-layered\src\test\resources
2025-10-08 09:10:34,245 [Worker-33: Building] INFO  o.a.m.s.f.DefaultMavenResourcesFiltering - Copying 1 resource from src\main\resources to target\classes
2025-10-08 09:10:34,248 [Worker-33: Building] INFO  o.a.m.s.f.DefaultMavenResourcesFiltering - skip non existing resourceDirectory D:\BackendJava\My_Workspace\Space_Deep\Session03_ORM.JPA\fap-student-layered\src\test\resources
2025-10-08 09:10:41,343 [Worker-32: Building] INFO  o.a.m.s.f.DefaultMavenResourcesFiltering - Copying 1 resource from src\main\resources to target\classes
2025-10-08 09:10:41,345 [Worker-32: Building] INFO  o.a.m.s.f.DefaultMavenResourcesFiltering - skip non existing resourceDirectory D:\BackendJava\My_Workspace\Space_Deep\Session03_ORM.JPA\fap-student-layered\src\test\resources
2025-10-08 09:11:16,821 [Worker-36: Building] INFO  o.a.m.s.f.DefaultMavenResourcesFiltering - Copying 1 resource from src\main\resources to target\classes
2025-10-08 09:11:16,823 [Worker-36: Building] INFO  o.a.m.s.f.DefaultMavenResourcesFiltering - skip non existing resourceDirectory D:\BackendJava\My_Workspace\Space_Deep\Session03_ORM.JPA\fap-student-layered\src\test\resources
2025-10-08 09:33:41,392 [Worker-45: Building] INFO  o.a.m.s.f.DefaultMavenResourcesFiltering - Copying 1 resource from src\main\resources to target\classes
2025-10-08 09:33:41,395 [Worker-45: Building] INFO  o.a.m.s.f.DefaultMavenResourcesFiltering - skip non existing resourceDirectory D:\BackendJava\My_Workspace\Space_Deep\Session03_ORM.JPA\fap-student-layered\src\test\resources
2025-10-08 09:39:20,631 [Worker-41: Building] INFO  o.a.m.s.f.DefaultMavenResourcesFiltering - Copying 1 resource from src\main\resources to target\classes
2025-10-08 09:39:20,633 [Worker-41: Building] INFO  o.a.m.s.f.DefaultMavenResourcesFiltering - skip non existing resourceDirectory D:\BackendJava\My_Workspace\Space_Deep\Session03_ORM.JPA\fap-student-layered\src\test\resources
2025-10-08 09:39:54,146 [Worker-46: Building] INFO  o.a.m.s.f.DefaultMavenResourcesFiltering - Copying 1 resource from src\main\resources to target\classes
2025-10-08 09:39:54,148 [Worker-46: Building] INFO  o.a.m.s.f.DefaultMavenResourcesFiltering - skip non existing resourceDirectory D:\BackendJava\My_Workspace\Space_Deep\Session03_ORM.JPA\fap-student-layered\src\test\resources
2025-10-08 09:40:14,533 [Worker-46: Building] INFO  o.a.m.s.f.DefaultMavenResourcesFiltering - Copying 1 resource from src\main\resources to target\classes
2025-10-08 09:40:14,535 [Worker-46: Building] INFO  o.a.m.s.f.DefaultMavenResourcesFiltering - skip non existing resourceDirectory D:\BackendJava\My_Workspace\Space_Deep\Session03_ORM.JPA\fap-student-layered\src\test\resources
2025-10-08 09:41:31,473 [Worker-43: Building] INFO  o.a.m.s.f.DefaultMavenResourcesFiltering - Copying 1 resource from src\main\resources to target\classes
2025-10-08 09:41:31,475 [Worker-43: Building] INFO  o.a.m.s.f.DefaultMavenResourcesFiltering - skip non existing resourceDirectory D:\BackendJava\My_Workspace\Space_Deep\Session03_ORM.JPA\fap-student-layered\src\test\resources
2025-10-08 09:41:39,112 [Worker-50: Building] INFO  o.a.m.s.f.DefaultMavenResourcesFiltering - Copying 1 resource from src\main\resources to target\classes
2025-10-08 09:41:39,114 [Worker-50: Building] INFO  o.a.m.s.f.DefaultMavenResourcesFiltering - skip non existing resourceDirectory D:\BackendJava\My_Workspace\Space_Deep\Session03_ORM.JPA\fap-student-layered\src\test\resources
2025-10-08 09:41:48,423 [Worker-41: Building] INFO  o.a.m.s.f.DefaultMavenResourcesFiltering - Copying 1 resource from src\main\resources to target\classes
2025-10-08 09:41:48,424 [Worker-41: Building] INFO  o.a.m.s.f.DefaultMavenResourcesFiltering - skip non existing resourceDirectory D:\BackendJava\My_Workspace\Space_Deep\Session03_ORM.JPA\fap-student-layered\src\test\resources
2025-10-08 09:42:11,169 [Worker-48: Building] INFO  o.a.m.s.f.DefaultMavenResourcesFiltering - Copying 1 resource from src\main\resources to target\classes
2025-10-08 09:42:11,172 [Worker-48: Building] INFO  o.a.m.s.f.DefaultMavenResourcesFiltering - skip non existing resourceDirectory D:\BackendJava\My_Workspace\Space_Deep\Session03_ORM.JPA\fap-student-layered\src\test\resources
2025-10-08 09:50:05,703 [Worker-43: Building] INFO  o.a.m.s.f.DefaultMavenResourcesFiltering - Copying 1 resource from src\main\resources to target\classes
2025-10-08 09:50:05,704 [Worker-43: Building] INFO  o.a.m.s.f.DefaultMavenResourcesFiltering - skip non existing resourceDirectory D:\BackendJava\My_Workspace\Space_Deep\Session03_ORM.JPA\fap-student-layered\src\test\resources
2025-10-08 09:50:23,501 [Worker-50: Building] INFO  o.a.m.s.f.DefaultMavenResourcesFiltering - Copying 1 resource from src\main\resources to target\classes
2025-10-08 09:50:23,502 [Worker-50: Building] INFO  o.a.m.s.f.DefaultMavenResourcesFiltering - skip non existing resourceDirectory D:\BackendJava\My_Workspace\Space_Deep\Session03_ORM.JPA\fap-student-layered\src\test\resources
2025-10-08 09:50:47,785 [Worker-43: Building] INFO  o.a.m.s.f.DefaultMavenResourcesFiltering - Copying 1 resource from src\main\resources to target\classes
2025-10-08 09:50:47,788 [Worker-43: Building] INFO  o.a.m.s.f.DefaultMavenResourcesFiltering - skip non existing resourceDirectory D:\BackendJava\My_Workspace\Space_Deep\Session03_ORM.JPA\fap-student-layered\src\test\resources
2025-10-08 09:50:58,920 [Worker-43: Building] INFO  o.a.m.s.f.DefaultMavenResourcesFiltering - Copying 1 resource from src\main\resources to target\classes
2025-10-08 09:50:58,922 [Worker-43: Building] INFO  o.a.m.s.f.DefaultMavenResourcesFiltering - skip non existing resourceDirectory D:\BackendJava\My_Workspace\Space_Deep\Session03_ORM.JPA\fap-student-layered\src\test\resources
2025-10-08 09:53:37,557 [Worker-53: Launching StudentService] INFO  o.a.m.s.f.DefaultMavenResourcesFiltering - Copying 1 resource from src\main\resources to target\classes
2025-10-08 09:53:37,559 [Worker-53: Launching StudentService] INFO  o.a.m.s.f.DefaultMavenResourcesFiltering - skip non existing resourceDirectory D:\BackendJava\My_Workspace\Space_Deep\Session03_ORM.JPA\fap-student-layered\src\test\resources
2025-10-08 09:53:48,781 [Worker-52: Building] INFO  o.a.m.s.f.DefaultMavenResourcesFiltering - Copying 1 resource from src\main\resources to target\classes
2025-10-08 09:53:48,783 [Worker-52: Building] INFO  o.a.m.s.f.DefaultMavenResourcesFiltering - skip non existing resourceDirectory D:\BackendJava\My_Workspace\Space_Deep\Session03_ORM.JPA\fap-student-layered\src\test\resources
2025-10-08 09:53:51,828 [Worker-50: Building] INFO  o.a.m.s.f.DefaultMavenResourcesFiltering - Copying 1 resource from src\main\resources to target\classes
2025-10-08 09:53:51,830 [Worker-50: Building] INFO  o.a.m.s.f.DefaultMavenResourcesFiltering - skip non existing resourceDirectory D:\BackendJava\My_Workspace\Space_Deep\Session03_ORM.JPA\fap-student-layered\src\test\resources
2025-10-08 09:54:04,988 [Worker-51: Building] INFO  o.a.m.s.f.DefaultMavenResourcesFiltering - Copying 1 resource from src\main\resources to target\classes
2025-10-08 09:54:04,990 [Worker-51: Building] INFO  o.a.m.s.f.DefaultMavenResourcesFiltering - skip non existing resourceDirectory D:\BackendJava\My_Workspace\Space_Deep\Session03_ORM.JPA\fap-student-layered\src\test\resources
2025-10-08 09:56:43,568 [Worker-54: Building] INFO  o.a.m.s.f.DefaultMavenResourcesFiltering - Copying 1 resource from src\main\resources to target\classes
2025-10-08 09:56:43,570 [Worker-54: Building] INFO  o.a.m.s.f.DefaultMavenResourcesFiltering - skip non existing resourceDirectory D:\BackendJava\My_Workspace\Space_Deep\Session03_ORM.JPA\fap-student-layered\src\test\resources
2025-10-08 09:58:27,257 [Worker-55: Building] INFO  o.a.m.s.f.DefaultMavenResourcesFiltering - Copying 1 resource from src\main\resources to target\classes
2025-10-08 09:58:27,259 [Worker-55: Building] INFO  o.a.m.s.f.DefaultMavenResourcesFiltering - skip non existing resourceDirectory D:\BackendJava\My_Workspace\Space_Deep\Session03_ORM.JPA\fap-student-layered\src\test\resources
2025-10-08 09:59:15,086 [Worker-55: Building] INFO  o.a.m.s.f.DefaultMavenResourcesFiltering - Copying 1 resource from src\main\resources to target\classes
2025-10-08 09:59:15,088 [Worker-55: Building] INFO  o.a.m.s.f.DefaultMavenResourcesFiltering - skip non existing resourceDirectory D:\BackendJava\My_Workspace\Space_Deep\Session03_ORM.JPA\fap-student-layered\src\test\resources
2025-10-08 10:00:14,561 [Worker-51: Building] INFO  o.a.m.s.f.DefaultMavenResourcesFiltering - Copying 1 resource from src\main\resources to target\classes
2025-10-08 10:00:14,563 [Worker-51: Building] INFO  o.a.m.s.f.DefaultMavenResourcesFiltering - skip non existing resourceDirectory D:\BackendJava\My_Workspace\Space_Deep\Session03_ORM.JPA\fap-student-layered\src\test\resources
2025-10-08 10:04:18,078 [Worker-58: Building] INFO  o.a.m.s.f.DefaultMavenResourcesFiltering - Copying 1 resource from src\main\resources to target\classes
2025-10-08 10:04:18,080 [Worker-58: Building] INFO  o.a.m.s.f.DefaultMavenResourcesFiltering - skip non existing resourceDirectory D:\BackendJava\My_Workspace\Space_Deep\Session03_ORM.JPA\fap-student-layered\src\test\resources
2025-10-08 10:05:11,226 [Worker-58: Launching App (2)] INFO  o.a.m.s.f.DefaultMavenResourcesFiltering - Copying 1 resource from src\main\resources to target\classes
2025-10-08 10:05:11,230 [Worker-58: Launching App (2)] INFO  o.a.m.s.f.DefaultMavenResourcesFiltering - skip non existing resourceDirectory D:\BackendJava\My_Workspace\Space_Deep\Session03_ORM.JPA\fap-student-layered\src\test\resources
2025-10-08 10:09:56,146 [Worker-60: Building] INFO  o.a.m.s.f.DefaultMavenResourcesFiltering - Copying 1 resource from src\main\resources to target\classes
2025-10-08 10:09:56,148 [Worker-60: Building] INFO  o.a.m.s.f.DefaultMavenResourcesFiltering - skip non existing resourceDirectory D:\BackendJava\My_Workspace\Space_Deep\Session03_ORM.JPA\fap-student-layered\src\test\resources
2025-10-08 10:10:29,223 [Worker-59: Building] INFO  o.a.m.s.f.DefaultMavenResourcesFiltering - Copying 1 resource from src\main\resources to target\classes
2025-10-08 10:10:29,224 [Worker-59: Building] INFO  o.a.m.s.f.DefaultMavenResourcesFiltering - skip non existing resourceDirectory D:\BackendJava\My_Workspace\Space_Deep\Session03_ORM.JPA\fap-student-layered\src\test\resources
2025-10-08 10:11:22,725 [Worker-59: Building] INFO  o.a.m.s.f.DefaultMavenResourcesFiltering - Copying 1 resource from src\main\resources to target\classes
2025-10-08 10:11:22,726 [Worker-59: Building] INFO  o.a.m.s.f.DefaultMavenResourcesFiltering - skip non existing resourceDirectory D:\BackendJava\My_Workspace\Space_Deep\Session03_ORM.JPA\fap-student-layered\src\test\resources
2025-10-08 10:14:03,452 [Worker-61: Building] INFO  o.a.m.s.f.DefaultMavenResourcesFiltering - Copying 1 resource from src\main\resources to target\classes
2025-10-08 10:14:03,453 [Worker-61: Building] INFO  o.a.m.s.f.DefaultMavenResourcesFiltering - skip non existing resourceDirectory D:\BackendJava\My_Workspace\Space_Deep\Session03_ORM.JPA\fap-student-layered\src\test\resources
2025-10-08 10:16:29,630 [Worker-67: Building] INFO  o.a.m.s.f.DefaultMavenResourcesFiltering - Copying 1 resource from src\main\resources to target\classes
2025-10-08 10:16:29,632 [Worker-67: Building] INFO  o.a.m.s.f.DefaultMavenResourcesFiltering - skip non existing resourceDirectory D:\BackendJava\My_Workspace\Space_Deep\Session03_ORM.JPA\fap-student-layered\src\test\resources
2025-10-08 10:19:40,674 [Worker-68: Launching App (2)] INFO  o.a.m.s.f.DefaultMavenResourcesFiltering - Copying 1 resource from src\main\resources to target\classes
2025-10-08 10:19:40,676 [Worker-68: Launching App (2)] INFO  o.a.m.s.f.DefaultMavenResourcesFiltering - skip non existing resourceDirectory D:\BackendJava\My_Workspace\Space_Deep\Session03_ORM.JPA\fap-student-layered\src\test\resources
2025-10-08 10:33:34,819 [Worker-77: Launching App (2)] INFO  o.a.m.s.f.DefaultMavenResourcesFiltering - Copying 1 resource from src\main\resources to target\classes
2025-10-08 10:33:34,821 [Worker-77: Launching App (2)] INFO  o.a.m.s.f.DefaultMavenResourcesFiltering - skip non existing resourceDirectory D:\BackendJava\My_Workspace\Space_Deep\Session03_ORM.JPA\fap-student-layered\src\test\resources
2025-10-08 10:33:55,087 [Worker-61: Building] INFO  o.a.m.s.f.DefaultMavenResourcesFiltering - Copying 1 resource from src\main\resources to target\classes
2025-10-08 10:33:55,088 [Worker-61: Building] INFO  o.a.m.s.f.DefaultMavenResourcesFiltering - skip non existing resourceDirectory D:\BackendJava\My_Workspace\Space_Deep\Session03_ORM.JPA\fap-student-layered\src\test\resources
2025-10-08 10:38:55,425 [Worker-84: Building] INFO  o.a.m.s.f.DefaultMavenResourcesFiltering - Copying 1 resource from src\main\resources to target\classes
2025-10-08 10:38:55,426 [Worker-84: Building] INFO  o.a.m.s.f.DefaultMavenResourcesFiltering - skip non existing resourceDirectory D:\BackendJava\My_Workspace\Space_Deep\Session03_ORM.JPA\fap-student-layered\src\test\resources
2025-10-08 10:39:49,764 [Worker-85: Building] INFO  o.a.m.s.f.DefaultMavenResourcesFiltering - Copying 1 resource from src\main\resources to target\classes
2025-10-08 10:39:49,765 [Worker-85: Building] INFO  o.a.m.s.f.DefaultMavenResourcesFiltering - skip non existing resourceDirectory D:\BackendJava\My_Workspace\Space_Deep\Session03_ORM.JPA\fap-student-layered\src\test\resources
2025-10-08 10:41:04,339 [Worker-84: Launching App (2)] INFO  o.a.m.s.f.DefaultMavenResourcesFiltering - Copying 1 resource from src\main\resources to target\classes
2025-10-08 10:41:04,340 [Worker-84: Launching App (2)] INFO  o.a.m.s.f.DefaultMavenResourcesFiltering - skip non existing resourceDirectory D:\BackendJava\My_Workspace\Space_Deep\Session03_ORM.JPA\fap-student-layered\src\test\resources
2025-10-08 10:43:26,368 [Worker-90: Building] INFO  o.a.m.s.f.DefaultMavenResourcesFiltering - Copying 1 resource from src\main\resources to target\classes
2025-10-08 10:43:26,370 [Worker-90: Building] INFO  o.a.m.s.f.DefaultMavenResourcesFiltering - skip non existing resourceDirectory D:\BackendJava\My_Workspace\Space_Deep\Session03_ORM.JPA\fap-student-layered\src\test\resources
2025-10-08 10:43:51,794 [Worker-83: Building] INFO  o.a.m.s.f.DefaultMavenResourcesFiltering - Copying 1 resource from src\main\resources to target\classes
2025-10-08 10:43:51,796 [Worker-83: Building] INFO  o.a.m.s.f.DefaultMavenResourcesFiltering - skip non existing resourceDirectory D:\BackendJava\My_Workspace\Space_Deep\Session03_ORM.JPA\fap-student-layered\src\test\resources
2025-10-08 13:52:01,267 [Worker-4: Building] INFO  o.a.m.s.f.DefaultMavenResourcesFiltering - Copying 1 resource from src\main\resources to target\classes
2025-10-08 13:52:01,279 [Worker-4: Building] INFO  o.a.m.s.f.DefaultMavenResourcesFiltering - skip non existing resourceDirectory D:\BackendJava\My_Workspace\Space_Deep\Session03_ORM.JPA\fap-student-layered\src\test\resources
2025-10-08 13:52:25,767 [Worker-7: Building] INFO  o.a.m.s.f.DefaultMavenResourcesFiltering - Copying 1 resource from src\main\resources to target\classes
2025-10-08 13:52:25,771 [Worker-7: Building] INFO  o.a.m.s.f.DefaultMavenResourcesFiltering - skip non existing resourceDirectory D:\BackendJava\My_Workspace\Space_Deep\Session03_ORM.JPA\fap-student-layered\src\test\resources
2025-10-08 13:52:31,909 [Worker-8: Building] INFO  o.a.m.s.f.DefaultMavenResourcesFiltering - Copying 1 resource from src\main\resources to target\classes
2025-10-08 13:52:31,911 [Worker-8: Building] INFO  o.a.m.s.f.DefaultMavenResourcesFiltering - skip non existing resourceDirectory D:\BackendJava\My_Workspace\Space_Deep\Session03_ORM.JPA\fap-student-layered\src\test\resources
2025-10-08 13:53:05,232 [Worker-9: Loading available Gradle versions] INFO  o.e.b.c.i.u.g.PublishedGradleVersions - Gradle version information cache is up-to-date. Trying to read.
2025-10-08 13:53:18,325 [Worker-17: Building] INFO  o.a.m.s.f.DefaultMavenResourcesFiltering - Copying 1 resource from src\main\resources to target\classes
2025-10-08 13:53:18,329 [Worker-17: Building] INFO  o.a.m.s.f.DefaultMavenResourcesFiltering - skip non existing resourceDirectory D:\BackendJava\My_Workspace\Space_Deep\Session03_ORM.JPA\fap-student-layered\src\test\resources
2025-10-08 14:02:21,072 [Worker-18: Building] INFO  o.a.m.s.f.DefaultMavenResourcesFiltering - Copying 1 resource from src\main\resources to target\classes
2025-10-08 14:02:21,075 [Worker-18: Building] INFO  o.a.m.s.f.DefaultMavenResourcesFiltering - skip non existing resourceDirectory D:\BackendJava\My_Workspace\Space_Deep\Session03_ORM.JPA\fap-student-layered\src\test\resources
2025-10-08 14:02:36,169 [Worker-21: Building] INFO  o.a.m.s.f.DefaultMavenResourcesFiltering - Copying 1 resource from src\main\resources to target\classes
2025-10-08 14:02:36,170 [Worker-21: Building] INFO  o.a.m.s.f.DefaultMavenResourcesFiltering - skip non existing resourceDirectory D:\BackendJava\My_Workspace\Space_Deep\Session03_ORM.JPA\fap-student-layered\src\test\resources
2025-10-08 14:05:43,642 [Worker-21: Building] INFO  o.a.m.s.f.DefaultMavenResourcesFiltering - Copying 1 resource from src\main\resources to target\classes
2025-10-08 14:05:43,646 [Worker-21: Building] INFO  o.a.m.s.f.DefaultMavenResourcesFiltering - skip non existing resourceDirectory D:\BackendJava\My_Workspace\Space_Deep\Session03_ORM.JPA\fap-student-layered\src\test\resources
2025-10-08 14:06:28,682 [Worker-22: Building] INFO  o.a.m.s.f.DefaultMavenResourcesFiltering - Copying 1 resource from src\main\resources to target\classes
2025-10-08 14:06:28,686 [Worker-22: Building] INFO  o.a.m.s.f.DefaultMavenResourcesFiltering - skip non existing resourceDirectory D:\BackendJava\My_Workspace\Space_Deep\Session03_ORM.JPA\fap-student-layered\src\test\resources
2025-10-08 14:07:07,888 [Worker-22: Launching App (2)] INFO  o.a.m.s.f.DefaultMavenResourcesFiltering - Copying 1 resource from src\main\resources to target\classes
2025-10-08 14:07:07,891 [Worker-22: Launching App (2)] INFO  o.a.m.s.f.DefaultMavenResourcesFiltering - skip non existing resourceDirectory D:\BackendJava\My_Workspace\Space_Deep\Session03_ORM.JPA\fap-student-layered\src\test\resources
2025-10-08 14:08:15,729 [Worker-24: Launching App (2)] INFO  o.a.m.s.f.DefaultMavenResourcesFiltering - Copying 1 resource from src\main\resources to target\classes
2025-10-08 14:08:15,732 [Worker-24: Launching App (2)] INFO  o.a.m.s.f.DefaultMavenResourcesFiltering - skip non existing resourceDirectory D:\BackendJava\My_Workspace\Space_Deep\Session03_ORM.JPA\fap-student-layered\src\test\resources
2025-10-08 14:18:34,433 [Worker-22: Building] INFO  o.a.m.s.f.DefaultMavenResourcesFiltering - Copying 1 resource from src\main\resources to target\classes
2025-10-08 14:18:34,435 [Worker-22: Building] INFO  o.a.m.s.f.DefaultMavenResourcesFiltering - skip non existing resourceDirectory D:\BackendJava\My_Workspace\Space_Deep\Session03_ORM.JPA\fap-student-layered\src\test\resources
2025-10-08 14:26:51,479 [Worker-23: Building] INFO  o.a.m.s.f.DefaultMavenResourcesFiltering - Copying 1 resource from src\main\resources to target\classes
2025-10-08 14:26:51,481 [Worker-23: Building] INFO  o.a.m.s.f.DefaultMavenResourcesFiltering - skip non existing resourceDirectory D:\BackendJava\My_Workspace\Space_Deep\Session03_ORM.JPA\fap-student-layered\src\test\resources
2025-10-08 14:29:47,988 [Worker-30: Building] INFO  o.a.m.s.f.DefaultMavenResourcesFiltering - Copying 1 resource from src\main\resources to target\classes
2025-10-08 14:29:47,992 [Worker-30: Building] INFO  o.a.m.s.f.DefaultMavenResourcesFiltering - skip non existing resourceDirectory D:\BackendJava\My_Workspace\Space_Deep\Session03_ORM.JPA\fap-student-layered\src\test\resources
2025-10-08 14:36:24,879 [Worker-31: Building] INFO  o.a.m.s.f.DefaultMavenResourcesFiltering - Copying 1 resource from src\main\resources to target\classes
2025-10-08 14:36:24,882 [Worker-31: Building] INFO  o.a.m.s.f.DefaultMavenResourcesFiltering - skip non existing resourceDirectory D:\BackendJava\My_Workspace\Space_Deep\Session03_ORM.JPA\fap-student-layered\src\test\resources
2025-10-08 14:36:50,548 [Worker-32: Building] INFO  o.a.m.s.f.DefaultMavenResourcesFiltering - Copying 1 resource from src\main\resources to target\classes
2025-10-08 14:36:50,550 [Worker-32: Building] INFO  o.a.m.s.f.DefaultMavenResourcesFiltering - skip non existing resourceDirectory D:\BackendJava\My_Workspace\Space_Deep\Session03_ORM.JPA\fap-student-layered\src\test\resources
2025-10-08 15:10:17,552 [Worker-41: Building] INFO  o.e.m.c.i.l.LifecycleMappingFactory - Using org.eclipse.m2e.jdt.JarLifecycleMapping lifecycle mapping for MavenProject: com.jone.superapp:fap-student-layered:0.0.1-SNAPSHOT @ D:\BackendJava\My_Workspace\Space_Deep\Session03_ORM.JPA\fap-student-layered\pom.xml.
2025-10-08 15:10:57,183 [Worker-40: Updating Maven Project] INFO  o.e.m.c.i.p.ProjectConfigurationManager - Update started
2025-10-08 15:10:57,351 [Worker-40: Updating Maven Project] INFO  o.e.m.c.i.l.LifecycleMappingFactory - Using org.eclipse.m2e.jdt.JarLifecycleMapping lifecycle mapping for MavenProject: com.jone.superapp:fap-student-layered:0.0.1-SNAPSHOT @ D:\BackendJava\My_Workspace\Space_Deep\Session03_ORM.JPA\fap-student-layered\pom.xml.
2025-10-08 15:10:57,557 [Worker-40: Updating Maven Project] INFO  o.e.m.j.i.AbstractJavaProjectConfigurator - Adding resource folder /fap-student-layered/src/main/resources
2025-10-08 15:10:57,564 [Worker-40: Updating Maven Project] INFO  o.e.m.j.i.AbstractJavaProjectConfigurator - Adding resource folder /fap-student-layered/src/test/resources
2025-10-08 15:10:58,669 [Worker-40: Updating Maven Project] INFO  o.e.m.c.i.p.ProjectConfigurationManager - Update completed for 1 poms: local refresh takes 0.00 sec, refresh facades takes 0.00 sec, update config takes 0.00 sec 
2025-10-08 15:12:10,301 [Worker-28: Building] INFO  o.e.m.c.i.l.LifecycleMappingFactory - Using org.eclipse.m2e.jdt.JarLifecycleMapping lifecycle mapping for MavenProject: com.jone.superapp:fap-student-layered:0.0.1-SNAPSHOT @ D:\BackendJava\My_Workspace\Space_Deep\Session03_ORM.JPA\fap-student-layered\pom.xml.
2025-10-08 15:12:10,478 [Worker-28: Building] INFO  o.a.m.s.f.DefaultMavenResourcesFiltering - Copying 0 resource from src\main\resources to target\classes
2025-10-08 15:12:10,481 [Worker-28: Building] INFO  o.a.m.s.f.DefaultMavenResourcesFiltering - skip non existing resourceDirectory D:\BackendJava\My_Workspace\Space_Deep\Session03_ORM.JPA\fap-student-layered\src\test\resources
2025-10-08 15:15:09,650 [Worker-46: Building] INFO  o.e.m.c.i.l.LifecycleMappingFactory - Using org.eclipse.m2e.jdt.JarLifecycleMapping lifecycle mapping for MavenProject: com.jone.superapp:fap-student-layered:0.0.1-SNAPSHOT @ D:\BackendJava\My_Workspace\Space_Deep\Session03_ORM.JPA\fap-student-layered\pom.xml.
2025-10-08 15:15:10,020 [Worker-46: Building] INFO  o.e.m.c.i.e.AbstractTransferListenerAdapter - Downloading https://repo.maven.apache.org/maven2/org/springframework/security/spring-security-crypto/6.3.2/spring-security-crypto-6.3.2.pom
2025-10-08 15:15:10,052 [Worker-46: Building] INFO  o.e.m.c.i.e.AbstractTransferListenerAdapter - Downloaded https://repo.maven.apache.org/maven2/org/springframework/security/spring-security-crypto/6.3.2/spring-security-crypto-6.3.2.pom
2025-10-08 15:15:10,158 [Worker-46: Building] INFO  o.e.m.c.i.e.AbstractTransferListenerAdapter - Downloading https://repo.maven.apache.org/maven2/org/springframework/security/spring-security-crypto/6.3.2/spring-security-crypto-6.3.2.jar
2025-10-08 15:15:10,246 [Worker-46: Building] INFO  o.e.m.c.i.e.AbstractTransferListenerAdapter - Downloaded https://repo.maven.apache.org/maven2/org/springframework/security/spring-security-crypto/6.3.2/spring-security-crypto-6.3.2.jar
2025-10-08 15:15:10,384 [Worker-46: Building] INFO  o.a.m.s.f.DefaultMavenResourcesFiltering - Copying 0 resource from src\main\resources to target\classes
2025-10-08 15:15:10,388 [Worker-46: Building] INFO  o.a.m.s.f.DefaultMavenResourcesFiltering - skip non existing resourceDirectory D:\BackendJava\My_Workspace\Space_Deep\Session03_ORM.JPA\fap-student-layered\src\test\resources
2025-10-08 15:15:11,682 [Worker-47: Building] INFO  o.a.m.s.f.DefaultMavenResourcesFiltering - Copying 1 resource from src\main\resources to target\classes
2025-10-08 15:15:11,688 [Worker-47: Building] INFO  o.a.m.s.f.DefaultMavenResourcesFiltering - skip non existing resourceDirectory D:\BackendJava\My_Workspace\Space_Deep\Session03_ORM.JPA\fap-student-layered\src\test\resources
2025-10-08 15:15:12,572 [Worker-49: Download sources and javadoc] INFO  o.e.m.c.i.e.AbstractTransferListenerAdapter - Downloading https://repo.maven.apache.org/maven2/org/springframework/security/spring-security-crypto/6.3.2/spring-security-crypto-6.3.2-sources.jar
2025-10-08 15:15:12,641 [Worker-49: Download sources and javadoc] INFO  o.e.m.c.i.e.AbstractTransferListenerAdapter - Downloaded https://repo.maven.apache.org/maven2/org/springframework/security/spring-security-crypto/6.3.2/spring-security-crypto-6.3.2-sources.jar
2025-10-08 15:15:12,645 [Worker-49: Download sources and javadoc] INFO  o.e.m.j.internal.DownloadSourcesJob - Downloaded sources for org.springframework.security:spring-security-crypto:6.3.2
2025-10-08 15:16:17,904 [Worker-47: Building] INFO  o.a.m.s.f.DefaultMavenResourcesFiltering - Copying 0 resource from src\main\resources to target\classes
2025-10-08 15:16:17,905 [Worker-47: Building] INFO  o.a.m.s.f.DefaultMavenResourcesFiltering - skip non existing resourceDirectory D:\BackendJava\My_Workspace\Space_Deep\Session03_ORM.JPA\fap-student-layered\src\test\resources
2025-10-08 15:16:43,499 [Worker-48: Updating Maven Project] INFO  o.e.m.c.i.p.ProjectConfigurationManager - Update started
2025-10-08 15:16:43,645 [Worker-48: Updating Maven Project] INFO  o.e.m.c.i.l.LifecycleMappingFactory - Using org.eclipse.m2e.jdt.JarLifecycleMapping lifecycle mapping for MavenProject: com.jone.superapp:fap-student-layered:0.0.1-SNAPSHOT @ D:\BackendJava\My_Workspace\Space_Deep\Session03_ORM.JPA\fap-student-layered\pom.xml.
2025-10-08 15:16:43,820 [Worker-48: Updating Maven Project] INFO  o.e.m.j.i.AbstractJavaProjectConfigurator - Adding source folder /fap-student-layered/src/main/java
2025-10-08 15:16:43,821 [Worker-48: Updating Maven Project] INFO  o.e.m.j.i.AbstractJavaProjectConfigurator - Adding resource folder /fap-student-layered/src/main/resources
2025-10-08 15:16:43,821 [Worker-48: Updating Maven Project] INFO  o.e.m.j.i.AbstractJavaProjectConfigurator - Adding source folder /fap-student-layered/src/test/java
2025-10-08 15:16:43,822 [Worker-48: Updating Maven Project] INFO  o.e.m.j.i.AbstractJavaProjectConfigurator - Adding resource folder /fap-student-layered/src/test/resources
2025-10-08 15:16:44,005 [Worker-48: Updating Maven Project] INFO  o.e.m.c.i.p.ProjectConfigurationManager - Update completed for 1 poms: local refresh takes 0.00 sec, refresh facades takes 0.00 sec, update config takes 0.00 sec 
2025-10-08 15:16:44,893 [Worker-51: Building] INFO  o.a.m.s.f.DefaultMavenResourcesFiltering - Copying 1 resource from src\main\resources to target\classes
2025-10-08 15:16:44,908 [Worker-51: Building] INFO  o.a.m.s.f.DefaultMavenResourcesFiltering - skip non existing resourceDirectory D:\BackendJava\My_Workspace\Space_Deep\Session03_ORM.JPA\fap-student-layered\src\test\resources
2025-10-08 15:17:26,280 [Worker-49: Building] INFO  o.a.m.s.f.DefaultMavenResourcesFiltering - Copying 1 resource from src\main\resources to target\classes
2025-10-08 15:17:26,282 [Worker-49: Building] INFO  o.a.m.s.f.DefaultMavenResourcesFiltering - skip non existing resourceDirectory D:\BackendJava\My_Workspace\Space_Deep\Session03_ORM.JPA\fap-student-layered\src\test\resources
2025-10-08 15:18:16,373 [Worker-47: Building] INFO  o.e.m.c.i.l.LifecycleMappingFactory - Using org.eclipse.m2e.jdt.JarLifecycleMapping lifecycle mapping for MavenProject: com.jone.superapp:fap-student-layered:0.0.1-SNAPSHOT @ D:\BackendJava\My_Workspace\Space_Deep\Session03_ORM.JPA\fap-student-layered\pom.xml.
2025-10-08 15:18:16,573 [Worker-47: Building] INFO  o.a.m.s.f.DefaultMavenResourcesFiltering - Copying 0 resource from src\main\resources to target\classes
2025-10-08 15:18:16,577 [Worker-47: Building] INFO  o.a.m.s.f.DefaultMavenResourcesFiltering - skip non existing resourceDirectory D:\BackendJava\My_Workspace\Space_Deep\Session03_ORM.JPA\fap-student-layered\src\test\resources
2025-10-08 15:18:17,850 [Worker-51: Download sources and javadoc] INFO  o.e.m.c.i.e.AbstractTransferListenerAdapter - Downloading https://repo.maven.apache.org/maven2/commons-logging/commons-logging/1.2/commons-logging-1.2-sources.jar
2025-10-08 15:18:17,895 [Worker-52: Building] INFO  o.a.m.s.f.DefaultMavenResourcesFiltering - Copying 1 resource from src\main\resources to target\classes
2025-10-08 15:18:17,900 [Worker-52: Building] INFO  o.a.m.s.f.DefaultMavenResourcesFiltering - skip non existing resourceDirectory D:\BackendJava\My_Workspace\Space_Deep\Session03_ORM.JPA\fap-student-layered\src\test\resources
2025-10-08 15:18:17,949 [Worker-51: Download sources and javadoc] INFO  o.e.m.c.i.e.AbstractTransferListenerAdapter - Downloaded https://repo.maven.apache.org/maven2/commons-logging/commons-logging/1.2/commons-logging-1.2-sources.jar
2025-10-08 15:18:17,953 [Worker-51: Download sources and javadoc] INFO  o.e.m.j.internal.DownloadSourcesJob - Downloaded sources for commons-logging:commons-logging:1.2
2025-10-08 15:18:53,477 [Worker-51: Building] INFO  o.e.m.c.i.l.LifecycleMappingFactory - Using org.eclipse.m2e.jdt.JarLifecycleMapping lifecycle mapping for MavenProject: com.jone.superapp:fap-student-layered:0.0.1-SNAPSHOT @ D:\BackendJava\My_Workspace\Space_Deep\Session03_ORM.JPA\fap-student-layered\pom.xml.
2025-10-08 15:18:53,611 [Worker-51: Building] INFO  o.a.m.s.f.DefaultMavenResourcesFiltering - Copying 0 resource from src\main\resources to target\classes
2025-10-08 15:18:53,613 [Worker-51: Building] INFO  o.a.m.s.f.DefaultMavenResourcesFiltering - skip non existing resourceDirectory D:\BackendJava\My_Workspace\Space_Deep\Session03_ORM.JPA\fap-student-layered\src\test\resources
2025-10-08 15:18:54,831 [Worker-50: Building] INFO  o.a.m.s.f.DefaultMavenResourcesFiltering - Copying 1 resource from src\main\resources to target\classes
2025-10-08 15:18:54,836 [Worker-50: Building] INFO  o.a.m.s.f.DefaultMavenResourcesFiltering - skip non existing resourceDirectory D:\BackendJava\My_Workspace\Space_Deep\Session03_ORM.JPA\fap-student-layered\src\test\resources
2025-10-08 15:19:10,942 [Worker-47: Building] INFO  o.a.m.s.f.DefaultMavenResourcesFiltering - Copying 1 resource from src\main\resources to target\classes
2025-10-08 15:19:10,944 [Worker-47: Building] INFO  o.a.m.s.f.DefaultMavenResourcesFiltering - skip non existing resourceDirectory D:\BackendJava\My_Workspace\Space_Deep\Session03_ORM.JPA\fap-student-layered\src\test\resources
2025-10-08 16:11:35,913 [Worker-68: Updating Maven Dependencies] ERROR o.e.m.j.i.l.MavenLaunchConfigurationListener - Launch configuration App (2) references closed project fap-student-layered
org.eclipse.core.runtime.CoreException: Launch configuration App (2) references closed project fap-student-layered
	at org.eclipse.jdt.launching.JavaRuntime.abort(JavaRuntime.java:1870)
	at org.eclipse.jdt.launching.JavaRuntime.getJavaProject(JavaRuntime.java:1744)
	at org.eclipse.m2e.jdt.internal.launch.MavenLaunchConfigurationListener.updateLaunchConfiguration(MavenLaunchConfigurationListener.java:66)
	at org.eclipse.m2e.jdt.internal.launch.MavenLaunchConfigurationListener.launchConfigurationChanged(MavenLaunchConfigurationListener.java:52)
	at org.eclipse.debug.internal.core.LaunchManager$ConfigurationNotifier.run(LaunchManager.java:219)
	at org.eclipse.core.runtime.SafeRunner.run(SafeRunner.java:47)
	at org.eclipse.debug.internal.core.LaunchManager$ConfigurationNotifier.notify(LaunchManager.java:203)
	at org.eclipse.debug.internal.core.LaunchConfigurationWorkingCopy.setDirty(LaunchConfigurationWorkingCopy.java:527)
	at org.eclipse.debug.internal.core.LaunchConfigurationWorkingCopy.setAttribute(LaunchConfigurationWorkingCopy.java:415)
	at org.eclipse.m2e.jdt.internal.launch.MavenRuntimeClasspathProvider.disable(MavenRuntimeClasspathProvider.java:409)
	at org.eclipse.m2e.jdt.internal.launch.MavenRuntimeClasspathProvider.disable(MavenRuntimeClasspathProvider.java:435)
	at org.eclipse.m2e.jdt.internal.launch.MavenLaunchConfigurationListener.mavenProjectChanged(MavenLaunchConfigurationListener.java:137)
	at org.eclipse.m2e.core.internal.project.registry.ProjectRegistryManager.notifyProjectChangeListeners(ProjectRegistryManager.java:892)
	at org.eclipse.m2e.core.internal.project.registry.ProjectRegistryManager.applyMutableProjectRegistry(ProjectRegistryManager.java:1042)
	at org.eclipse.m2e.core.internal.project.registry.ProjectRegistryRefreshJob.lambda$0(ProjectRegistryRefreshJob.java:162)
	at org.eclipse.m2e.core.internal.embedder.MavenExecutionContext.executeBare(MavenExecutionContext.java:458)
	at org.eclipse.m2e.core.internal.embedder.MavenExecutionContext.execute(MavenExecutionContext.java:339)
	at org.eclipse.m2e.core.internal.embedder.MavenExecutionContext.execute(MavenExecutionContext.java:278)
	at org.eclipse.m2e.core.internal.project.registry.ProjectRegistryRefreshJob.run(ProjectRegistryRefreshJob.java:106)
	at org.eclipse.core.internal.jobs.Worker.run(Worker.java:63)
2025-10-08 16:11:35,930 [Worker-68: Updating Maven Dependencies] ERROR o.e.m.j.i.l.MavenLaunchConfigurationListener - Launch configuration App (2) references closed project fap-student-layered
org.eclipse.core.runtime.CoreException: Launch configuration App (2) references closed project fap-student-layered
	at org.eclipse.jdt.launching.JavaRuntime.abort(JavaRuntime.java:1870)
	at org.eclipse.jdt.launching.JavaRuntime.getJavaProject(JavaRuntime.java:1744)
	at org.eclipse.m2e.jdt.internal.launch.MavenLaunchConfigurationListener.updateLaunchConfiguration(MavenLaunchConfigurationListener.java:66)
	at org.eclipse.m2e.jdt.internal.launch.MavenLaunchConfigurationListener.launchConfigurationChanged(MavenLaunchConfigurationListener.java:52)
	at org.eclipse.debug.internal.core.LaunchManager$ConfigurationNotifier.run(LaunchManager.java:219)
	at org.eclipse.core.runtime.SafeRunner.run(SafeRunner.java:47)
	at org.eclipse.debug.internal.core.LaunchManager$ConfigurationNotifier.notify(LaunchManager.java:203)
	at org.eclipse.debug.internal.core.LaunchConfigurationWorkingCopy.setDirty(LaunchConfigurationWorkingCopy.java:527)
	at org.eclipse.debug.internal.core.LaunchConfigurationWorkingCopy.setAttribute(LaunchConfigurationWorkingCopy.java:415)
	at org.eclipse.m2e.jdt.internal.launch.MavenRuntimeClasspathProvider.disable(MavenRuntimeClasspathProvider.java:410)
	at org.eclipse.m2e.jdt.internal.launch.MavenRuntimeClasspathProvider.disable(MavenRuntimeClasspathProvider.java:435)
	at org.eclipse.m2e.jdt.internal.launch.MavenLaunchConfigurationListener.mavenProjectChanged(MavenLaunchConfigurationListener.java:137)
	at org.eclipse.m2e.core.internal.project.registry.ProjectRegistryManager.notifyProjectChangeListeners(ProjectRegistryManager.java:892)
	at org.eclipse.m2e.core.internal.project.registry.ProjectRegistryManager.applyMutableProjectRegistry(ProjectRegistryManager.java:1042)
	at org.eclipse.m2e.core.internal.project.registry.ProjectRegistryRefreshJob.lambda$0(ProjectRegistryRefreshJob.java:162)
	at org.eclipse.m2e.core.internal.embedder.MavenExecutionContext.executeBare(MavenExecutionContext.java:458)
	at org.eclipse.m2e.core.internal.embedder.MavenExecutionContext.execute(MavenExecutionContext.java:339)
	at org.eclipse.m2e.core.internal.embedder.MavenExecutionContext.execute(MavenExecutionContext.java:278)
	at org.eclipse.m2e.core.internal.project.registry.ProjectRegistryRefreshJob.run(ProjectRegistryRefreshJob.java:106)
	at org.eclipse.core.internal.jobs.Worker.run(Worker.java:63)
2025-10-08 16:11:35,945 [Worker-68: Updating Maven Dependencies] ERROR o.e.m.j.i.l.MavenLaunchConfigurationListener - Launch configuration App (2) references closed project fap-student-layered
org.eclipse.core.runtime.CoreException: Launch configuration App (2) references closed project fap-student-layered
	at org.eclipse.jdt.launching.JavaRuntime.abort(JavaRuntime.java:1870)
	at org.eclipse.jdt.launching.JavaRuntime.getJavaProject(JavaRuntime.java:1744)
	at org.eclipse.m2e.jdt.internal.launch.MavenLaunchConfigurationListener.updateLaunchConfiguration(MavenLaunchConfigurationListener.java:66)
	at org.eclipse.m2e.jdt.internal.launch.MavenLaunchConfigurationListener.launchConfigurationChanged(MavenLaunchConfigurationListener.java:52)
	at org.eclipse.debug.internal.core.LaunchManager$ConfigurationNotifier.run(LaunchManager.java:219)
	at org.eclipse.core.runtime.SafeRunner.run(SafeRunner.java:47)
	at org.eclipse.debug.internal.core.LaunchManager$ConfigurationNotifier.notify(LaunchManager.java:203)
	at org.eclipse.debug.internal.core.LaunchManager.launchConfigurationChanged(LaunchManager.java:1960)
	at org.eclipse.debug.internal.core.LaunchConfigurationWorkingCopy.writeNewFile(LaunchConfigurationWorkingCopy.java:380)
	at org.eclipse.debug.internal.core.LaunchConfigurationWorkingCopy.doSave0(LaunchConfigurationWorkingCopy.java:259)
	at org.eclipse.debug.internal.core.LaunchConfigurationWorkingCopy.doSave(LaunchConfigurationWorkingCopy.java:229)
	at org.eclipse.debug.internal.core.LaunchConfigurationWorkingCopy.doSave(LaunchConfigurationWorkingCopy.java:187)
	at org.eclipse.m2e.jdt.internal.launch.MavenRuntimeClasspathProvider.disable(MavenRuntimeClasspathProvider.java:411)
	at org.eclipse.m2e.jdt.internal.launch.MavenRuntimeClasspathProvider.disable(MavenRuntimeClasspathProvider.java:435)
	at org.eclipse.m2e.jdt.internal.launch.MavenLaunchConfigurationListener.mavenProjectChanged(MavenLaunchConfigurationListener.java:137)
	at org.eclipse.m2e.core.internal.project.registry.ProjectRegistryManager.notifyProjectChangeListeners(ProjectRegistryManager.java:892)
	at org.eclipse.m2e.core.internal.project.registry.ProjectRegistryManager.applyMutableProjectRegistry(ProjectRegistryManager.java:1042)
	at org.eclipse.m2e.core.internal.project.registry.ProjectRegistryRefreshJob.lambda$0(ProjectRegistryRefreshJob.java:162)
	at org.eclipse.m2e.core.internal.embedder.MavenExecutionContext.executeBare(MavenExecutionContext.java:458)
	at org.eclipse.m2e.core.internal.embedder.MavenExecutionContext.execute(MavenExecutionContext.java:339)
	at org.eclipse.m2e.core.internal.embedder.MavenExecutionContext.execute(MavenExecutionContext.java:278)
	at org.eclipse.m2e.core.internal.project.registry.ProjectRegistryRefreshJob.run(ProjectRegistryRefreshJob.java:106)
	at org.eclipse.core.internal.jobs.Worker.run(Worker.java:63)
2025-10-08 16:11:35,946 [Worker-68: Updating Maven Dependencies] ERROR o.e.m.j.i.l.MavenLaunchConfigurationListener - Launch configuration StudentService references closed project fap-student-layered
org.eclipse.core.runtime.CoreException: Launch configuration StudentService references closed project fap-student-layered
	at org.eclipse.jdt.launching.JavaRuntime.abort(JavaRuntime.java:1870)
	at org.eclipse.jdt.launching.JavaRuntime.getJavaProject(JavaRuntime.java:1744)
	at org.eclipse.m2e.jdt.internal.launch.MavenLaunchConfigurationListener.updateLaunchConfiguration(MavenLaunchConfigurationListener.java:66)
	at org.eclipse.m2e.jdt.internal.launch.MavenLaunchConfigurationListener.launchConfigurationChanged(MavenLaunchConfigurationListener.java:52)
	at org.eclipse.debug.internal.core.LaunchManager$ConfigurationNotifier.run(LaunchManager.java:219)
	at org.eclipse.core.runtime.SafeRunner.run(SafeRunner.java:47)
	at org.eclipse.debug.internal.core.LaunchManager$ConfigurationNotifier.notify(LaunchManager.java:203)
	at org.eclipse.debug.internal.core.LaunchConfigurationWorkingCopy.setDirty(LaunchConfigurationWorkingCopy.java:527)
	at org.eclipse.debug.internal.core.LaunchConfigurationWorkingCopy.setAttribute(LaunchConfigurationWorkingCopy.java:415)
	at org.eclipse.m2e.jdt.internal.launch.MavenRuntimeClasspathProvider.disable(MavenRuntimeClasspathProvider.java:409)
	at org.eclipse.m2e.jdt.internal.launch.MavenRuntimeClasspathProvider.disable(MavenRuntimeClasspathProvider.java:435)
	at org.eclipse.m2e.jdt.internal.launch.MavenLaunchConfigurationListener.mavenProjectChanged(MavenLaunchConfigurationListener.java:137)
	at org.eclipse.m2e.core.internal.project.registry.ProjectRegistryManager.notifyProjectChangeListeners(ProjectRegistryManager.java:892)
	at org.eclipse.m2e.core.internal.project.registry.ProjectRegistryManager.applyMutableProjectRegistry(ProjectRegistryManager.java:1042)
	at org.eclipse.m2e.core.internal.project.registry.ProjectRegistryRefreshJob.lambda$0(ProjectRegistryRefreshJob.java:162)
	at org.eclipse.m2e.core.internal.embedder.MavenExecutionContext.executeBare(MavenExecutionContext.java:458)
	at org.eclipse.m2e.core.internal.embedder.MavenExecutionContext.execute(MavenExecutionContext.java:339)
	at org.eclipse.m2e.core.internal.embedder.MavenExecutionContext.execute(MavenExecutionContext.java:278)
	at org.eclipse.m2e.core.internal.project.registry.ProjectRegistryRefreshJob.run(ProjectRegistryRefreshJob.java:106)
	at org.eclipse.core.internal.jobs.Worker.run(Worker.java:63)
2025-10-08 16:11:35,947 [Worker-68: Updating Maven Dependencies] ERROR o.e.m.j.i.l.MavenLaunchConfigurationListener - Launch configuration StudentService references closed project fap-student-layered
org.eclipse.core.runtime.CoreException: Launch configuration StudentService references closed project fap-student-layered
	at org.eclipse.jdt.launching.JavaRuntime.abort(JavaRuntime.java:1870)
	at org.eclipse.jdt.launching.JavaRuntime.getJavaProject(JavaRuntime.java:1744)
	at org.eclipse.m2e.jdt.internal.launch.MavenLaunchConfigurationListener.updateLaunchConfiguration(MavenLaunchConfigurationListener.java:66)
	at org.eclipse.m2e.jdt.internal.launch.MavenLaunchConfigurationListener.launchConfigurationChanged(MavenLaunchConfigurationListener.java:52)
	at org.eclipse.debug.internal.core.LaunchManager$ConfigurationNotifier.run(LaunchManager.java:219)
	at org.eclipse.core.runtime.SafeRunner.run(SafeRunner.java:47)
	at org.eclipse.debug.internal.core.LaunchManager$ConfigurationNotifier.notify(LaunchManager.java:203)
	at org.eclipse.debug.internal.core.LaunchConfigurationWorkingCopy.setDirty(LaunchConfigurationWorkingCopy.java:527)
	at org.eclipse.debug.internal.core.LaunchConfigurationWorkingCopy.setAttribute(LaunchConfigurationWorkingCopy.java:415)
	at org.eclipse.m2e.jdt.internal.launch.MavenRuntimeClasspathProvider.disable(MavenRuntimeClasspathProvider.java:410)
	at org.eclipse.m2e.jdt.internal.launch.MavenRuntimeClasspathProvider.disable(MavenRuntimeClasspathProvider.java:435)
	at org.eclipse.m2e.jdt.internal.launch.MavenLaunchConfigurationListener.mavenProjectChanged(MavenLaunchConfigurationListener.java:137)
	at org.eclipse.m2e.core.internal.project.registry.ProjectRegistryManager.notifyProjectChangeListeners(ProjectRegistryManager.java:892)
	at org.eclipse.m2e.core.internal.project.registry.ProjectRegistryManager.applyMutableProjectRegistry(ProjectRegistryManager.java:1042)
	at org.eclipse.m2e.core.internal.project.registry.ProjectRegistryRefreshJob.lambda$0(ProjectRegistryRefreshJob.java:162)
	at org.eclipse.m2e.core.internal.embedder.MavenExecutionContext.executeBare(MavenExecutionContext.java:458)
	at org.eclipse.m2e.core.internal.embedder.MavenExecutionContext.execute(MavenExecutionContext.java:339)
	at org.eclipse.m2e.core.internal.embedder.MavenExecutionContext.execute(MavenExecutionContext.java:278)
	at org.eclipse.m2e.core.internal.project.registry.ProjectRegistryRefreshJob.run(ProjectRegistryRefreshJob.java:106)
	at org.eclipse.core.internal.jobs.Worker.run(Worker.java:63)
2025-10-08 16:11:35,959 [Worker-68: Updating Maven Dependencies] ERROR o.e.m.j.i.l.MavenLaunchConfigurationListener - Launch configuration StudentService references closed project fap-student-layered
org.eclipse.core.runtime.CoreException: Launch configuration StudentService references closed project fap-student-layered
	at org.eclipse.jdt.launching.JavaRuntime.abort(JavaRuntime.java:1870)
	at org.eclipse.jdt.launching.JavaRuntime.getJavaProject(JavaRuntime.java:1744)
	at org.eclipse.m2e.jdt.internal.launch.MavenLaunchConfigurationListener.updateLaunchConfiguration(MavenLaunchConfigurationListener.java:66)
	at org.eclipse.m2e.jdt.internal.launch.MavenLaunchConfigurationListener.launchConfigurationChanged(MavenLaunchConfigurationListener.java:52)
	at org.eclipse.debug.internal.core.LaunchManager$ConfigurationNotifier.run(LaunchManager.java:219)
	at org.eclipse.core.runtime.SafeRunner.run(SafeRunner.java:47)
	at org.eclipse.debug.internal.core.LaunchManager$ConfigurationNotifier.notify(LaunchManager.java:203)
	at org.eclipse.debug.internal.core.LaunchManager.launchConfigurationChanged(LaunchManager.java:1960)
	at org.eclipse.debug.internal.core.LaunchConfigurationWorkingCopy.writeNewFile(LaunchConfigurationWorkingCopy.java:380)
	at org.eclipse.debug.internal.core.LaunchConfigurationWorkingCopy.doSave0(LaunchConfigurationWorkingCopy.java:259)
	at org.eclipse.debug.internal.core.LaunchConfigurationWorkingCopy.doSave(LaunchConfigurationWorkingCopy.java:229)
	at org.eclipse.debug.internal.core.LaunchConfigurationWorkingCopy.doSave(LaunchConfigurationWorkingCopy.java:187)
	at org.eclipse.m2e.jdt.internal.launch.MavenRuntimeClasspathProvider.disable(MavenRuntimeClasspathProvider.java:411)
	at org.eclipse.m2e.jdt.internal.launch.MavenRuntimeClasspathProvider.disable(MavenRuntimeClasspathProvider.java:435)
	at org.eclipse.m2e.jdt.internal.launch.MavenLaunchConfigurationListener.mavenProjectChanged(MavenLaunchConfigurationListener.java:137)
	at org.eclipse.m2e.core.internal.project.registry.ProjectRegistryManager.notifyProjectChangeListeners(ProjectRegistryManager.java:892)
	at org.eclipse.m2e.core.internal.project.registry.ProjectRegistryManager.applyMutableProjectRegistry(ProjectRegistryManager.java:1042)
	at org.eclipse.m2e.core.internal.project.registry.ProjectRegistryRefreshJob.lambda$0(ProjectRegistryRefreshJob.java:162)
	at org.eclipse.m2e.core.internal.embedder.MavenExecutionContext.executeBare(MavenExecutionContext.java:458)
	at org.eclipse.m2e.core.internal.embedder.MavenExecutionContext.execute(MavenExecutionContext.java:339)
	at org.eclipse.m2e.core.internal.embedder.MavenExecutionContext.execute(MavenExecutionContext.java:278)
	at org.eclipse.m2e.core.internal.project.registry.ProjectRegistryRefreshJob.run(ProjectRegistryRefreshJob.java:106)
	at org.eclipse.core.internal.jobs.Worker.run(Worker.java:63)
2025-10-08 16:13:36,495 [Worker-50: Launching mavenrun-20f683e3-496d-460c-9498-0e7f92d54ff9] INFO  o.eclipse.m2e.core.internal.Bundles - getClasspathEntries(Bundle=org.eclipse.m2e.maven.runtime_3.9.900.20240824-1409 [640])
2025-10-08 16:13:36,497 [Worker-50: Launching mavenrun-20f683e3-496d-460c-9498-0e7f92d54ff9] INFO  o.eclipse.m2e.core.internal.Bundles - 	Entry: C:\Users\PHAN ANH TUAN\.p2\pool\plugins\org.eclipse.m2e.maven.runtime_3.9.900.20240824-1409
2025-10-08 16:13:36,498 [Worker-50: Launching mavenrun-20f683e3-496d-460c-9498-0e7f92d54ff9] INFO  o.eclipse.m2e.core.internal.Bundles - 	Entry: C:\Users\PHAN ANH TUAN\.p2\pool\plugins\org.eclipse.m2e.maven.runtime_3.9.900.20240824-1409\jars\aopalliance-1.0.jar
2025-10-08 16:13:36,498 [Worker-50: Launching mavenrun-20f683e3-496d-460c-9498-0e7f92d54ff9] INFO  o.eclipse.m2e.core.internal.Bundles - 	Entry: C:\Users\PHAN ANH TUAN\.p2\pool\plugins\org.eclipse.m2e.maven.runtime_3.9.900.20240824-1409\jars\guice-5.1.0.jar
2025-10-08 16:13:36,498 [Worker-50: Launching mavenrun-20f683e3-496d-460c-9498-0e7f92d54ff9] INFO  o.eclipse.m2e.core.internal.Bundles - 	Entry: C:\Users\PHAN ANH TUAN\.p2\pool\plugins\org.eclipse.m2e.maven.runtime_3.9.900.20240824-1409\jars\httpclient-4.5.14.jar
2025-10-08 16:13:36,498 [Worker-50: Launching mavenrun-20f683e3-496d-460c-9498-0e7f92d54ff9] INFO  o.eclipse.m2e.core.internal.Bundles - 	Entry: C:\Users\PHAN ANH TUAN\.p2\pool\plugins\org.eclipse.m2e.maven.runtime_3.9.900.20240824-1409\jars\httpcore-4.4.16.jar
2025-10-08 16:13:36,498 [Worker-50: Launching mavenrun-20f683e3-496d-460c-9498-0e7f92d54ff9] INFO  o.eclipse.m2e.core.internal.Bundles - 	Entry: C:\Users\PHAN ANH TUAN\.p2\pool\plugins\org.eclipse.m2e.maven.runtime_3.9.900.20240824-1409\jars\jansi-2.4.1.jar
2025-10-08 16:13:36,498 [Worker-50: Launching mavenrun-20f683e3-496d-460c-9498-0e7f92d54ff9] INFO  o.eclipse.m2e.core.internal.Bundles - 	Entry: C:\Users\PHAN ANH TUAN\.p2\pool\plugins\org.eclipse.m2e.maven.runtime_3.9.900.20240824-1409\jars\jcl-over-slf4j-1.7.36.jar
2025-10-08 16:13:36,498 [Worker-50: Launching mavenrun-20f683e3-496d-460c-9498-0e7f92d54ff9] INFO  o.eclipse.m2e.core.internal.Bundles - 	Entry: C:\Users\PHAN ANH TUAN\.p2\pool\plugins\org.eclipse.m2e.maven.runtime_3.9.900.20240824-1409\jars\maven-artifact-3.9.9.jar
2025-10-08 16:13:36,498 [Worker-50: Launching mavenrun-20f683e3-496d-460c-9498-0e7f92d54ff9] INFO  o.eclipse.m2e.core.internal.Bundles - 	Entry: C:\Users\PHAN ANH TUAN\.p2\pool\plugins\org.eclipse.m2e.maven.runtime_3.9.900.20240824-1409\jars\maven-builder-support-3.9.9.jar
2025-10-08 16:13:36,498 [Worker-50: Launching mavenrun-20f683e3-496d-460c-9498-0e7f92d54ff9] INFO  o.eclipse.m2e.core.internal.Bundles - 	Entry: C:\Users\PHAN ANH TUAN\.p2\pool\plugins\org.eclipse.m2e.maven.runtime_3.9.900.20240824-1409\jars\maven-compat-3.9.9.jar
2025-10-08 16:13:36,498 [Worker-50: Launching mavenrun-20f683e3-496d-460c-9498-0e7f92d54ff9] INFO  o.eclipse.m2e.core.internal.Bundles - 	Entry: C:\Users\PHAN ANH TUAN\.p2\pool\plugins\org.eclipse.m2e.maven.runtime_3.9.900.20240824-1409\jars\maven-core-3.9.9.jar
2025-10-08 16:13:36,498 [Worker-50: Launching mavenrun-20f683e3-496d-460c-9498-0e7f92d54ff9] INFO  o.eclipse.m2e.core.internal.Bundles - 	Entry: C:\Users\PHAN ANH TUAN\.p2\pool\plugins\org.eclipse.m2e.maven.runtime_3.9.900.20240824-1409\jars\maven-embedder-3.9.9.jar
2025-10-08 16:13:36,498 [Worker-50: Launching mavenrun-20f683e3-496d-460c-9498-0e7f92d54ff9] INFO  o.eclipse.m2e.core.internal.Bundles - 	Entry: C:\Users\PHAN ANH TUAN\.p2\pool\plugins\org.eclipse.m2e.maven.runtime_3.9.900.20240824-1409\jars\maven-model-3.9.9.jar
2025-10-08 16:13:36,499 [Worker-50: Launching mavenrun-20f683e3-496d-460c-9498-0e7f92d54ff9] INFO  o.eclipse.m2e.core.internal.Bundles - 	Entry: C:\Users\PHAN ANH TUAN\.p2\pool\plugins\org.eclipse.m2e.maven.runtime_3.9.900.20240824-1409\jars\maven-model-builder-3.9.9.jar
2025-10-08 16:13:36,499 [Worker-50: Launching mavenrun-20f683e3-496d-460c-9498-0e7f92d54ff9] INFO  o.eclipse.m2e.core.internal.Bundles - 	Entry: C:\Users\PHAN ANH TUAN\.p2\pool\plugins\org.eclipse.m2e.maven.runtime_3.9.900.20240824-1409\jars\maven-plugin-api-3.9.9.jar
2025-10-08 16:13:36,499 [Worker-50: Launching mavenrun-20f683e3-496d-460c-9498-0e7f92d54ff9] INFO  o.eclipse.m2e.core.internal.Bundles - 	Entry: C:\Users\PHAN ANH TUAN\.p2\pool\plugins\org.eclipse.m2e.maven.runtime_3.9.900.20240824-1409\jars\maven-repository-metadata-3.9.9.jar
2025-10-08 16:13:36,499 [Worker-50: Launching mavenrun-20f683e3-496d-460c-9498-0e7f92d54ff9] INFO  o.eclipse.m2e.core.internal.Bundles - 	Entry: C:\Users\PHAN ANH TUAN\.p2\pool\plugins\org.eclipse.m2e.maven.runtime_3.9.900.20240824-1409\jars\maven-resolver-api-1.9.22.jar
2025-10-08 16:13:36,499 [Worker-50: Launching mavenrun-20f683e3-496d-460c-9498-0e7f92d54ff9] INFO  o.eclipse.m2e.core.internal.Bundles - 	Entry: C:\Users\PHAN ANH TUAN\.p2\pool\plugins\org.eclipse.m2e.maven.runtime_3.9.900.20240824-1409\jars\maven-resolver-connector-basic-1.9.22.jar
2025-10-08 16:13:36,499 [Worker-50: Launching mavenrun-20f683e3-496d-460c-9498-0e7f92d54ff9] INFO  o.eclipse.m2e.core.internal.Bundles - 	Entry: C:\Users\PHAN ANH TUAN\.p2\pool\plugins\org.eclipse.m2e.maven.runtime_3.9.900.20240824-1409\jars\maven-resolver-impl-1.9.22.jar
2025-10-08 16:13:36,499 [Worker-50: Launching mavenrun-20f683e3-496d-460c-9498-0e7f92d54ff9] INFO  o.eclipse.m2e.core.internal.Bundles - 	Entry: C:\Users\PHAN ANH TUAN\.p2\pool\plugins\org.eclipse.m2e.maven.runtime_3.9.900.20240824-1409\jars\maven-resolver-named-locks-1.9.22.jar
2025-10-08 16:13:36,499 [Worker-50: Launching mavenrun-20f683e3-496d-460c-9498-0e7f92d54ff9] INFO  o.eclipse.m2e.core.internal.Bundles - 	Entry: C:\Users\PHAN ANH TUAN\.p2\pool\plugins\org.eclipse.m2e.maven.runtime_3.9.900.20240824-1409\jars\maven-resolver-provider-3.9.9.jar
2025-10-08 16:13:36,499 [Worker-50: Launching mavenrun-20f683e3-496d-460c-9498-0e7f92d54ff9] INFO  o.eclipse.m2e.core.internal.Bundles - 	Entry: C:\Users\PHAN ANH TUAN\.p2\pool\plugins\org.eclipse.m2e.maven.runtime_3.9.900.20240824-1409\jars\maven-resolver-spi-1.9.22.jar
2025-10-08 16:13:36,499 [Worker-50: Launching mavenrun-20f683e3-496d-460c-9498-0e7f92d54ff9] INFO  o.eclipse.m2e.core.internal.Bundles - 	Entry: C:\Users\PHAN ANH TUAN\.p2\pool\plugins\org.eclipse.m2e.maven.runtime_3.9.900.20240824-1409\jars\maven-resolver-transport-file-1.9.22.jar
2025-10-08 16:13:36,499 [Worker-50: Launching mavenrun-20f683e3-496d-460c-9498-0e7f92d54ff9] INFO  o.eclipse.m2e.core.internal.Bundles - 	Entry: C:\Users\PHAN ANH TUAN\.p2\pool\plugins\org.eclipse.m2e.maven.runtime_3.9.900.20240824-1409\jars\maven-resolver-transport-http-1.9.22.jar
2025-10-08 16:13:36,500 [Worker-50: Launching mavenrun-20f683e3-496d-460c-9498-0e7f92d54ff9] INFO  o.eclipse.m2e.core.internal.Bundles - 	Entry: C:\Users\PHAN ANH TUAN\.p2\pool\plugins\org.eclipse.m2e.maven.runtime_3.9.900.20240824-1409\jars\maven-resolver-transport-wagon-1.9.22.jar
2025-10-08 16:13:36,500 [Worker-50: Launching mavenrun-20f683e3-496d-460c-9498-0e7f92d54ff9] INFO  o.eclipse.m2e.core.internal.Bundles - 	Entry: C:\Users\PHAN ANH TUAN\.p2\pool\plugins\org.eclipse.m2e.maven.runtime_3.9.900.20240824-1409\jars\maven-resolver-util-1.9.22.jar
2025-10-08 16:13:36,500 [Worker-50: Launching mavenrun-20f683e3-496d-460c-9498-0e7f92d54ff9] INFO  o.eclipse.m2e.core.internal.Bundles - 	Entry: C:\Users\PHAN ANH TUAN\.p2\pool\plugins\org.eclipse.m2e.maven.runtime_3.9.900.20240824-1409\jars\maven-settings-3.9.9.jar
2025-10-08 16:13:36,500 [Worker-50: Launching mavenrun-20f683e3-496d-460c-9498-0e7f92d54ff9] INFO  o.eclipse.m2e.core.internal.Bundles - 	Entry: C:\Users\PHAN ANH TUAN\.p2\pool\plugins\org.eclipse.m2e.maven.runtime_3.9.900.20240824-1409\jars\maven-settings-builder-3.9.9.jar
2025-10-08 16:13:36,500 [Worker-50: Launching mavenrun-20f683e3-496d-460c-9498-0e7f92d54ff9] INFO  o.eclipse.m2e.core.internal.Bundles - 	Entry: C:\Users\PHAN ANH TUAN\.p2\pool\plugins\org.eclipse.m2e.maven.runtime_3.9.900.20240824-1409\jars\maven-shared-utils-3.4.2.jar
2025-10-08 16:13:36,500 [Worker-50: Launching mavenrun-20f683e3-496d-460c-9498-0e7f92d54ff9] INFO  o.eclipse.m2e.core.internal.Bundles - 	Entry: C:\Users\PHAN ANH TUAN\.p2\pool\plugins\org.eclipse.m2e.maven.runtime_3.9.900.20240824-1409\jars\org.eclipse.sisu.inject-0.9.0.M3.jar
2025-10-08 16:13:36,500 [Worker-50: Launching mavenrun-20f683e3-496d-460c-9498-0e7f92d54ff9] INFO  o.eclipse.m2e.core.internal.Bundles - 	Entry: C:\Users\PHAN ANH TUAN\.p2\pool\plugins\org.eclipse.m2e.maven.runtime_3.9.900.20240824-1409\jars\org.eclipse.sisu.plexus-0.9.0.M3.jar
2025-10-08 16:13:36,500 [Worker-50: Launching mavenrun-20f683e3-496d-460c-9498-0e7f92d54ff9] INFO  o.eclipse.m2e.core.internal.Bundles - 	Entry: C:\Users\PHAN ANH TUAN\.p2\pool\plugins\org.eclipse.m2e.maven.runtime_3.9.900.20240824-1409\jars\plexus-build-api-0.0.7.jar
2025-10-08 16:13:36,500 [Worker-50: Launching mavenrun-20f683e3-496d-460c-9498-0e7f92d54ff9] INFO  o.eclipse.m2e.core.internal.Bundles - 	Entry: C:\Users\PHAN ANH TUAN\.p2\pool\plugins\org.eclipse.m2e.maven.runtime_3.9.900.20240824-1409\jars\plexus-build-api-1.2.0.jar
2025-10-08 16:13:36,500 [Worker-50: Launching mavenrun-20f683e3-496d-460c-9498-0e7f92d54ff9] INFO  o.eclipse.m2e.core.internal.Bundles - 	Entry: C:\Users\PHAN ANH TUAN\.p2\pool\plugins\org.eclipse.m2e.maven.runtime_3.9.900.20240824-1409\jars\plexus-cipher-2.0.jar
2025-10-08 16:13:36,500 [Worker-50: Launching mavenrun-20f683e3-496d-460c-9498-0e7f92d54ff9] INFO  o.eclipse.m2e.core.internal.Bundles - 	Entry: C:\Users\PHAN ANH TUAN\.p2\pool\plugins\org.eclipse.m2e.maven.runtime_3.9.900.20240824-1409\jars\plexus-classworlds-2.8.0.jar
2025-10-08 16:13:36,500 [Worker-50: Launching mavenrun-20f683e3-496d-460c-9498-0e7f92d54ff9] INFO  o.eclipse.m2e.core.internal.Bundles - 	Entry: C:\Users\PHAN ANH TUAN\.p2\pool\plugins\org.eclipse.m2e.maven.runtime_3.9.900.20240824-1409\jars\plexus-component-annotations-2.1.0.jar
2025-10-08 16:13:36,500 [Worker-50: Launching mavenrun-20f683e3-496d-460c-9498-0e7f92d54ff9] INFO  o.eclipse.m2e.core.internal.Bundles - 	Entry: C:\Users\PHAN ANH TUAN\.p2\pool\plugins\org.eclipse.m2e.maven.runtime_3.9.900.20240824-1409\jars\plexus-interpolation-1.27.jar
2025-10-08 16:13:36,500 [Worker-50: Launching mavenrun-20f683e3-496d-460c-9498-0e7f92d54ff9] INFO  o.eclipse.m2e.core.internal.Bundles - 	Entry: C:\Users\PHAN ANH TUAN\.p2\pool\plugins\org.eclipse.m2e.maven.runtime_3.9.900.20240824-1409\jars\plexus-sec-dispatcher-2.0.jar
2025-10-08 16:13:36,501 [Worker-50: Launching mavenrun-20f683e3-496d-460c-9498-0e7f92d54ff9] INFO  o.eclipse.m2e.core.internal.Bundles - 	Entry: C:\Users\PHAN ANH TUAN\.p2\pool\plugins\org.eclipse.m2e.maven.runtime_3.9.900.20240824-1409\jars\plexus-utils-3.5.1.jar
2025-10-08 16:13:36,501 [Worker-50: Launching mavenrun-20f683e3-496d-460c-9498-0e7f92d54ff9] INFO  o.eclipse.m2e.core.internal.Bundles - 	Entry: C:\Users\PHAN ANH TUAN\.p2\pool\plugins\org.eclipse.m2e.maven.runtime_3.9.900.20240824-1409\jars\plexus-xml-3.0.1.jar
2025-10-08 16:13:36,501 [Worker-50: Launching mavenrun-20f683e3-496d-460c-9498-0e7f92d54ff9] INFO  o.eclipse.m2e.core.internal.Bundles - 	Entry: C:\Users\PHAN ANH TUAN\.p2\pool\plugins\org.eclipse.m2e.maven.runtime_3.9.900.20240824-1409\jars\wagon-file-3.5.3.jar
2025-10-08 16:13:36,501 [Worker-50: Launching mavenrun-20f683e3-496d-460c-9498-0e7f92d54ff9] INFO  o.eclipse.m2e.core.internal.Bundles - 	Entry: C:\Users\PHAN ANH TUAN\.p2\pool\plugins\org.eclipse.m2e.maven.runtime_3.9.900.20240824-1409\jars\wagon-http-3.5.3.jar
2025-10-08 16:13:36,501 [Worker-50: Launching mavenrun-20f683e3-496d-460c-9498-0e7f92d54ff9] INFO  o.eclipse.m2e.core.internal.Bundles - 	Entry: C:\Users\PHAN ANH TUAN\.p2\pool\plugins\org.eclipse.m2e.maven.runtime_3.9.900.20240824-1409\jars\wagon-http-shared-3.5.3.jar
2025-10-08 16:13:36,501 [Worker-50: Launching mavenrun-20f683e3-496d-460c-9498-0e7f92d54ff9] INFO  o.eclipse.m2e.core.internal.Bundles - 	Entry: C:\Users\PHAN ANH TUAN\.p2\pool\plugins\org.eclipse.m2e.maven.runtime_3.9.900.20240824-1409\jars\wagon-provider-api-3.5.3.jar
2025-10-08 16:13:36,502 [Worker-50: Launching mavenrun-20f683e3-496d-460c-9498-0e7f92d54ff9] INFO  o.eclipse.m2e.core.internal.Bundles - getClasspathEntries(Bundle=com.google.guava_33.3.1.jre [1026])
2025-10-08 16:13:36,502 [Worker-50: Launching mavenrun-20f683e3-496d-460c-9498-0e7f92d54ff9] INFO  o.eclipse.m2e.core.internal.Bundles - 	Entry: C:\Users\PHAN ANH TUAN\.p2\pool\plugins\com.google.guava_33.3.1.jre.jar
2025-10-08 16:13:36,502 [Worker-50: Launching mavenrun-20f683e3-496d-460c-9498-0e7f92d54ff9] INFO  o.eclipse.m2e.core.internal.Bundles - getClasspathEntries(Bundle=slf4j.api_2.0.16 [1005])
2025-10-08 16:13:36,503 [Worker-50: Launching mavenrun-20f683e3-496d-460c-9498-0e7f92d54ff9] INFO  o.eclipse.m2e.core.internal.Bundles - 	Entry: C:\Users\PHAN ANH TUAN\.p2\pool\plugins\slf4j.api_2.0.16.jar
2025-10-08 16:13:36,503 [Worker-50: Launching mavenrun-20f683e3-496d-460c-9498-0e7f92d54ff9] INFO  o.eclipse.m2e.core.internal.Bundles - getClasspathEntries(Bundle=jakarta.inject.jakarta.inject-api_1.0.5 [34])
2025-10-08 16:13:36,503 [Worker-50: Launching mavenrun-20f683e3-496d-460c-9498-0e7f92d54ff9] INFO  o.eclipse.m2e.core.internal.Bundles - 	Entry: C:\Users\PHAN ANH TUAN\.p2\pool\plugins\jakarta.inject.jakarta.inject-api_1.0.5.jar
2025-10-08 16:13:36,503 [Worker-50: Launching mavenrun-20f683e3-496d-460c-9498-0e7f92d54ff9] INFO  o.eclipse.m2e.core.internal.Bundles - getClasspathEntries(Bundle=jakarta.annotation-api_1.3.5 [29])
2025-10-08 16:13:36,503 [Worker-50: Launching mavenrun-20f683e3-496d-460c-9498-0e7f92d54ff9] INFO  o.eclipse.m2e.core.internal.Bundles - 	Entry: C:\Users\PHAN ANH TUAN\.p2\pool\plugins\jakarta.annotation-api_1.3.5.jar
2025-10-08 16:13:36,503 [Worker-50: Launching mavenrun-20f683e3-496d-460c-9498-0e7f92d54ff9] INFO  o.eclipse.m2e.core.internal.Bundles - getClasspathEntries(Bundle=org.apache.commons.cli_1.9.0 [78])
2025-10-08 16:13:36,504 [Worker-50: Launching mavenrun-20f683e3-496d-460c-9498-0e7f92d54ff9] INFO  o.eclipse.m2e.core.internal.Bundles - 	Entry: C:\Users\PHAN ANH TUAN\.p2\pool\plugins\org.apache.commons.cli_1.9.0.jar
2025-10-08 16:13:36,504 [Worker-50: Launching mavenrun-20f683e3-496d-460c-9498-0e7f92d54ff9] INFO  o.eclipse.m2e.core.internal.Bundles - getClasspathEntries(Bundle=org.apache.commons.commons-codec_1.16.0 [81])
2025-10-08 16:13:36,504 [Worker-50: Launching mavenrun-20f683e3-496d-460c-9498-0e7f92d54ff9] INFO  o.eclipse.m2e.core.internal.Bundles - 	Entry: C:\Users\PHAN ANH TUAN\.p2\pool\plugins\org.apache.commons.commons-codec_1.16.0.jar
2025-10-08 16:13:36,504 [Worker-50: Launching mavenrun-20f683e3-496d-460c-9498-0e7f92d54ff9] INFO  o.eclipse.m2e.core.internal.Bundles - getClasspathEntries(Bundle=com.google.guava.failureaccess_1.0.2 [17])
2025-10-08 16:13:36,505 [Worker-50: Launching mavenrun-20f683e3-496d-460c-9498-0e7f92d54ff9] INFO  o.eclipse.m2e.core.internal.Bundles - 	Entry: C:\Users\PHAN ANH TUAN\.p2\pool\plugins\com.google.guava.failureaccess_1.0.2.jar
2025-10-08 16:13:36,510 [Worker-50: Launching mavenrun-20f683e3-496d-460c-9498-0e7f92d54ff9] INFO  o.e.m.i.launch.MavenLaunchDelegate - Run build in "C:\Users\PHANAN~1\AppData\Local\Temp\m2e-archetypeGenerator16974182837238365457":
2025-10-08 16:13:36,510 [Worker-50: Launching mavenrun-20f683e3-496d-460c-9498-0e7f92d54ff9] INFO  o.e.m.i.launch.MavenLaunchDelegate -  mvn  -DarchetypeGroupId=org.apache.maven.archetypes -DarchetypeArtifactId=maven-archetype-quickstart -DarchetypeVersion=1.5 -DgroupId=com.jone.superapp -DartifactId=student-manager-otm-mto-mtm -Dversion=0.0.1-SNAPSHOT -Dpackage=com.jone.superapp.student_manager_otm_mto_mtm -DoutputDirectory=D:\BackendJava\My_Workspace\Space_Deep\Session03_ORM.JPA -Dstyle.color=always -U archetype:generate
2025-10-08 16:13:44,513 [Worker-66: Creating maven-archetype-quickstart] INFO  o.e.m.c.i.p.ProjectConfigurationManager - Collecting project info '/pom.xml' D:\BackendJava\My_Workspace\Space_Deep\Session03_ORM.JPA\student-manager-otm-mto-mtm\pom.xml
2025-10-08 16:13:45,126 [Worker-66: Creating maven-archetype-quickstart] INFO  o.e.m.c.i.l.LifecycleMappingFactory - Using org.eclipse.m2e.jdt.JarLifecycleMapping lifecycle mapping for MavenProject: com.jone.superapp:student-manager-otm-mto-mtm:0.0.1-SNAPSHOT @ D:\BackendJava\My_Workspace\Space_Deep\Session03_ORM.JPA\student-manager-otm-mto-mtm\pom.xml.
2025-10-08 16:13:45,541 [Worker-66: Creating maven-archetype-quickstart] INFO  o.e.m.j.i.AbstractJavaProjectConfigurator - Adding source folder /student-manager-otm-mto-mtm/src/main/java
2025-10-08 16:13:45,542 [Worker-66: Creating maven-archetype-quickstart] INFO  o.e.m.j.i.AbstractJavaProjectConfigurator - Adding resource folder /student-manager-otm-mto-mtm/src/main/resources
2025-10-08 16:13:45,543 [Worker-66: Creating maven-archetype-quickstart] INFO  o.e.m.j.i.AbstractJavaProjectConfigurator - Adding source folder /student-manager-otm-mto-mtm/src/test/java
2025-10-08 16:13:45,544 [Worker-66: Creating maven-archetype-quickstart] INFO  o.e.m.j.i.AbstractJavaProjectConfigurator - Adding resource folder /student-manager-otm-mto-mtm/src/test/resources
2025-10-08 16:13:45,783 [Worker-66: Creating maven-archetype-quickstart] INFO  o.e.m.c.i.p.ProjectConfigurationManager - Imported and configured 1 project(s) in 1 sec
2025-10-08 16:13:46,311 [Worker-73: Building] INFO  o.a.m.s.f.DefaultMavenResourcesFiltering - skip non existing resourceDirectory D:\BackendJava\My_Workspace\Space_Deep\Session03_ORM.JPA\student-manager-otm-mto-mtm\src\main\resources
2025-10-08 16:13:46,316 [Worker-73: Building] INFO  o.a.m.s.f.DefaultMavenResourcesFiltering - skip non existing resourceDirectory D:\BackendJava\My_Workspace\Space_Deep\Session03_ORM.JPA\student-manager-otm-mto-mtm\src\test\resources
2025-10-08 16:14:14,077 [Worker-71: Building] INFO  o.a.m.s.f.DefaultMavenResourcesFiltering - skip non existing resourceDirectory D:\BackendJava\My_Workspace\Space_Deep\Session03_ORM.JPA\student-manager-otm-mto-mtm\src\main\resources
2025-10-08 16:14:14,080 [Worker-71: Building] INFO  o.a.m.s.f.DefaultMavenResourcesFiltering - skip non existing resourceDirectory D:\BackendJava\My_Workspace\Space_Deep\Session03_ORM.JPA\student-manager-otm-mto-mtm\src\test\resources
2025-10-08 16:14:42,342 [Worker-73: Building] INFO  o.e.m.c.i.l.LifecycleMappingFactory - Using org.eclipse.m2e.jdt.JarLifecycleMapping lifecycle mapping for MavenProject: com.jone.superapp:student-manager-otm-mto-mtm:0.0.1-SNAPSHOT @ D:\BackendJava\My_Workspace\Space_Deep\Session03_ORM.JPA\student-manager-otm-mto-mtm\pom.xml.
2025-10-08 16:14:42,418 [Worker-73: Building] INFO  o.a.m.s.f.DefaultMavenResourcesFiltering - skip non existing resourceDirectory D:\BackendJava\My_Workspace\Space_Deep\Session03_ORM.JPA\student-manager-otm-mto-mtm\src\main\resources
2025-10-08 16:14:42,421 [Worker-73: Building] INFO  o.a.m.s.f.DefaultMavenResourcesFiltering - skip non existing resourceDirectory D:\BackendJava\My_Workspace\Space_Deep\Session03_ORM.JPA\student-manager-otm-mto-mtm\src\test\resources
2025-10-08 16:14:42,675 [Worker-73: Updating Maven Project] INFO  o.e.m.c.i.p.ProjectConfigurationManager - Update started
2025-10-08 16:14:42,747 [Worker-73: Updating Maven Project] INFO  o.e.m.c.i.l.LifecycleMappingFactory - Using org.eclipse.m2e.jdt.JarLifecycleMapping lifecycle mapping for MavenProject: com.jone.superapp:student-manager-otm-mto-mtm:0.0.1-SNAPSHOT @ D:\BackendJava\My_Workspace\Space_Deep\Session03_ORM.JPA\student-manager-otm-mto-mtm\pom.xml.
2025-10-08 16:14:42,774 [Worker-73: Updating Maven Project] INFO  o.e.m.j.i.AbstractJavaProjectConfigurator - Adding source folder /student-manager-otm-mto-mtm/src/main/java
2025-10-08 16:14:42,774 [Worker-73: Updating Maven Project] INFO  o.e.m.j.i.AbstractJavaProjectConfigurator - Adding resource folder /student-manager-otm-mto-mtm/src/main/resources
2025-10-08 16:14:42,775 [Worker-73: Updating Maven Project] INFO  o.e.m.j.i.AbstractJavaProjectConfigurator - Adding source folder /student-manager-otm-mto-mtm/src/test/java
2025-10-08 16:14:42,775 [Worker-73: Updating Maven Project] INFO  o.e.m.j.i.AbstractJavaProjectConfigurator - Adding resource folder /student-manager-otm-mto-mtm/src/test/resources
2025-10-08 16:14:42,868 [Worker-73: Updating Maven Project] INFO  o.e.m.c.i.p.ProjectConfigurationManager - Update completed for 1 poms: local refresh takes 0.00 sec, refresh facades takes 0.00 sec, update config takes 0.00 sec 
2025-10-08 16:14:43,744 [Worker-72: Building] INFO  o.a.m.s.f.DefaultMavenResourcesFiltering - skip non existing resourceDirectory D:\BackendJava\My_Workspace\Space_Deep\Session03_ORM.JPA\student-manager-otm-mto-mtm\src\main\resources
2025-10-08 16:14:43,747 [Worker-72: Building] INFO  o.a.m.s.f.DefaultMavenResourcesFiltering - skip non existing resourceDirectory D:\BackendJava\My_Workspace\Space_Deep\Session03_ORM.JPA\student-manager-otm-mto-mtm\src\test\resources
2025-10-08 16:14:52,827 [Worker-69: Building] INFO  o.a.m.s.f.DefaultMavenResourcesFiltering - skip non existing resourceDirectory D:\BackendJava\My_Workspace\Space_Deep\Session03_ORM.JPA\student-manager-otm-mto-mtm\src\main\resources
2025-10-08 16:14:52,828 [Worker-69: Building] INFO  o.a.m.s.f.DefaultMavenResourcesFiltering - skip non existing resourceDirectory D:\BackendJava\My_Workspace\Space_Deep\Session03_ORM.JPA\student-manager-otm-mto-mtm\src\test\resources
2025-10-08 16:16:21,923 [Worker-66: Building] INFO  o.e.m.c.i.l.LifecycleMappingFactory - Using org.eclipse.m2e.jdt.JarLifecycleMapping lifecycle mapping for MavenProject: com.jone.superapp:student-manager-otm-mto-mtm:0.0.1-SNAPSHOT @ D:\BackendJava\My_Workspace\Space_Deep\Session03_ORM.JPA\student-manager-otm-mto-mtm\pom.xml.
2025-10-08 16:16:22,077 [Worker-66: Building] INFO  o.a.m.s.f.DefaultMavenResourcesFiltering - skip non existing resourceDirectory D:\BackendJava\My_Workspace\Space_Deep\Session03_ORM.JPA\student-manager-otm-mto-mtm\src\main\resources
2025-10-08 16:16:22,080 [Worker-66: Building] INFO  o.a.m.s.f.DefaultMavenResourcesFiltering - skip non existing resourceDirectory D:\BackendJava\My_Workspace\Space_Deep\Session03_ORM.JPA\student-manager-otm-mto-mtm\src\test\resources
2025-10-08 16:16:23,263 [Worker-74: Building] INFO  o.a.m.s.f.DefaultMavenResourcesFiltering - skip non existing resourceDirectory D:\BackendJava\My_Workspace\Space_Deep\Session03_ORM.JPA\student-manager-otm-mto-mtm\src\main\resources
2025-10-08 16:16:23,265 [Worker-74: Building] INFO  o.a.m.s.f.DefaultMavenResourcesFiltering - skip non existing resourceDirectory D:\BackendJava\My_Workspace\Space_Deep\Session03_ORM.JPA\student-manager-otm-mto-mtm\src\test\resources
2025-10-08 16:17:51,021 [Worker-73: Building] INFO  o.a.m.s.f.DefaultMavenResourcesFiltering - Copying 0 resource from src\main\resources to target\classes
2025-10-08 16:17:51,023 [Worker-73: Building] INFO  o.a.m.s.f.DefaultMavenResourcesFiltering - skip non existing resourceDirectory D:\BackendJava\My_Workspace\Space_Deep\Session03_ORM.JPA\student-manager-otm-mto-mtm\src\test\resources
2025-10-08 16:20:12,222 [Worker-77: Building] INFO  o.a.m.s.f.DefaultMavenResourcesFiltering - Copying 1 resource from src\main\resources to target\classes
2025-10-08 16:20:12,228 [Worker-77: Building] INFO  o.a.m.s.f.DefaultMavenResourcesFiltering - skip non existing resourceDirectory D:\BackendJava\My_Workspace\Space_Deep\Session03_ORM.JPA\student-manager-otm-mto-mtm\src\test\resources
2025-10-08 16:21:05,878 [Worker-66: Building] INFO  o.a.m.s.f.DefaultMavenResourcesFiltering - Copying 1 resource from src\main\resources to target\classes
2025-10-08 16:21:05,886 [Worker-66: Building] INFO  o.a.m.s.f.DefaultMavenResourcesFiltering - skip non existing resourceDirectory D:\BackendJava\My_Workspace\Space_Deep\Session03_ORM.JPA\student-manager-otm-mto-mtm\src\test\resources
2025-10-08 16:23:30,795 [Worker-82: Building] INFO  o.a.m.s.f.DefaultMavenResourcesFiltering - Copying 1 resource from src\main\resources to target\classes
2025-10-08 16:23:30,797 [Worker-82: Building] INFO  o.a.m.s.f.DefaultMavenResourcesFiltering - skip non existing resourceDirectory D:\BackendJava\My_Workspace\Space_Deep\Session03_ORM.JPA\student-manager-otm-mto-mtm\src\test\resources
2025-10-08 16:30:13,215 [Worker-87: Building] INFO  o.a.m.s.f.DefaultMavenResourcesFiltering - Copying 1 resource from src\main\resources to target\classes
2025-10-08 16:30:13,218 [Worker-87: Building] INFO  o.a.m.s.f.DefaultMavenResourcesFiltering - skip non existing resourceDirectory D:\BackendJava\My_Workspace\Space_Deep\Session03_ORM.JPA\student-manager-otm-mto-mtm\src\test\resources
2025-10-08 16:30:53,180 [Worker-66: Building] INFO  o.a.m.s.f.DefaultMavenResourcesFiltering - Copying 1 resource from src\main\resources to target\classes
2025-10-08 16:30:53,183 [Worker-66: Building] INFO  o.a.m.s.f.DefaultMavenResourcesFiltering - skip non existing resourceDirectory D:\BackendJava\My_Workspace\Space_Deep\Session03_ORM.JPA\student-manager-otm-mto-mtm\src\test\resources
2025-10-08 16:38:48,654 [Worker-91: Building] INFO  o.a.m.s.f.DefaultMavenResourcesFiltering - Copying 1 resource from src\main\resources to target\classes
2025-10-08 16:38:48,662 [Worker-91: Building] INFO  o.a.m.s.f.DefaultMavenResourcesFiltering - skip non existing resourceDirectory D:\BackendJava\My_Workspace\Space_Deep\Session03_ORM.JPA\student-manager-otm-mto-mtm\src\test\resources
2025-10-08 16:38:55,844 [Worker-92: Building] INFO  o.a.m.s.f.DefaultMavenResourcesFiltering - Copying 1 resource from src\main\resources to target\classes
2025-10-08 16:38:55,850 [Worker-92: Building] INFO  o.a.m.s.f.DefaultMavenResourcesFiltering - skip non existing resourceDirectory D:\BackendJava\My_Workspace\Space_Deep\Session03_ORM.JPA\student-manager-otm-mto-mtm\src\test\resources
2025-10-08 16:50:55,454 [Worker-96: Building] INFO  o.a.m.s.f.DefaultMavenResourcesFiltering - Copying 1 resource from src\main\resources to target\classes
2025-10-08 16:50:55,458 [Worker-96: Building] INFO  o.a.m.s.f.DefaultMavenResourcesFiltering - skip non existing resourceDirectory D:\BackendJava\My_Workspace\Space_Deep\Session03_ORM.JPA\student-manager-otm-mto-mtm\src\test\resources
2025-10-08 16:51:43,297 [Worker-93: Building] INFO  o.a.m.s.f.DefaultMavenResourcesFiltering - Copying 1 resource from src\main\resources to target\classes
2025-10-08 16:51:43,299 [Worker-93: Building] INFO  o.a.m.s.f.DefaultMavenResourcesFiltering - skip non existing resourceDirectory D:\BackendJava\My_Workspace\Space_Deep\Session03_ORM.JPA\student-manager-otm-mto-mtm\src\test\resources
2025-10-08 16:51:47,314 [Worker-93: Building] INFO  o.a.m.s.f.DefaultMavenResourcesFiltering - Copying 1 resource from src\main\resources to target\classes
2025-10-08 16:51:47,317 [Worker-93: Building] INFO  o.a.m.s.f.DefaultMavenResourcesFiltering - skip non existing resourceDirectory D:\BackendJava\My_Workspace\Space_Deep\Session03_ORM.JPA\student-manager-otm-mto-mtm\src\test\resources
2025-10-08 16:59:34,143 [Worker-97: Building] INFO  o.a.m.s.f.DefaultMavenResourcesFiltering - Copying 1 resource from src\main\resources to target\classes
2025-10-08 16:59:34,145 [Worker-97: Building] INFO  o.a.m.s.f.DefaultMavenResourcesFiltering - skip non existing resourceDirectory D:\BackendJava\My_Workspace\Space_Deep\Session03_ORM.JPA\student-manager-otm-mto-mtm\src\test\resources
2025-10-08 17:09:10,568 [Worker-105: Building] INFO  o.a.m.s.f.DefaultMavenResourcesFiltering - Copying 1 resource from src\main\resources to target\classes
2025-10-08 17:09:10,569 [Worker-105: Building] INFO  o.a.m.s.f.DefaultMavenResourcesFiltering - skip non existing resourceDirectory D:\BackendJava\My_Workspace\Space_Deep\Session03_ORM.JPA\student-manager-otm-mto-mtm\src\test\resources
2025-10-08 17:12:20,370 [Worker-106: Building] INFO  o.a.m.s.f.DefaultMavenResourcesFiltering - Copying 1 resource from src\main\resources to target\classes
2025-10-08 17:12:20,374 [Worker-106: Building] INFO  o.a.m.s.f.DefaultMavenResourcesFiltering - skip non existing resourceDirectory D:\BackendJava\My_Workspace\Space_Deep\Session03_ORM.JPA\student-manager-otm-mto-mtm\src\test\resources
2025-10-08 17:12:35,342 [Worker-108: Building] INFO  o.a.m.s.f.DefaultMavenResourcesFiltering - Copying 1 resource from src\main\resources to target\classes
2025-10-08 17:12:35,346 [Worker-108: Building] INFO  o.a.m.s.f.DefaultMavenResourcesFiltering - skip non existing resourceDirectory D:\BackendJava\My_Workspace\Space_Deep\Session03_ORM.JPA\student-manager-otm-mto-mtm\src\test\resources
2025-10-08 17:21:42,488 [Worker-107: Building] INFO  o.a.m.s.f.DefaultMavenResourcesFiltering - Copying 1 resource from src\main\resources to target\classes
2025-10-08 17:21:42,490 [Worker-107: Building] INFO  o.a.m.s.f.DefaultMavenResourcesFiltering - skip non existing resourceDirectory D:\BackendJava\My_Workspace\Space_Deep\Session03_ORM.JPA\student-manager-otm-mto-mtm\src\test\resources
2025-10-08 17:31:52,116 [Worker-117: Building] INFO  o.a.m.s.f.DefaultMavenResourcesFiltering - Copying 1 resource from src\main\resources to target\classes
2025-10-08 17:31:52,118 [Worker-117: Building] INFO  o.a.m.s.f.DefaultMavenResourcesFiltering - skip non existing resourceDirectory D:\BackendJava\My_Workspace\Space_Deep\Session03_ORM.JPA\student-manager-otm-mto-mtm\src\test\resources
2025-10-08 17:35:39,119 [Worker-120: Building] INFO  o.a.m.s.f.DefaultMavenResourcesFiltering - Copying 1 resource from src\main\resources to target\classes
2025-10-08 17:35:39,149 [Worker-120: Building] INFO  o.a.m.s.f.DefaultMavenResourcesFiltering - skip non existing resourceDirectory D:\BackendJava\My_Workspace\Space_Deep\Session03_ORM.JPA\student-manager-otm-mto-mtm\src\test\resources
2025-10-08 17:35:50,318 [Worker-121: Building] INFO  o.a.m.s.f.DefaultMavenResourcesFiltering - Copying 1 resource from src\main\resources to target\classes
2025-10-08 17:35:50,320 [Worker-121: Building] INFO  o.a.m.s.f.DefaultMavenResourcesFiltering - skip non existing resourceDirectory D:\BackendJava\My_Workspace\Space_Deep\Session03_ORM.JPA\student-manager-otm-mto-mtm\src\test\resources
2025-10-08 17:36:34,267 [Worker-119: Building] INFO  o.a.m.s.f.DefaultMavenResourcesFiltering - Copying 1 resource from src\main\resources to target\classes
2025-10-08 17:36:34,269 [Worker-119: Building] INFO  o.a.m.s.f.DefaultMavenResourcesFiltering - skip non existing resourceDirectory D:\BackendJava\My_Workspace\Space_Deep\Session03_ORM.JPA\student-manager-otm-mto-mtm\src\test\resources
2025-10-08 17:38:41,588 [Worker-123: Building] INFO  o.a.m.s.f.DefaultMavenResourcesFiltering - Copying 1 resource from src\main\resources to target\classes
2025-10-08 17:38:41,592 [Worker-123: Building] INFO  o.a.m.s.f.DefaultMavenResourcesFiltering - skip non existing resourceDirectory D:\BackendJava\My_Workspace\Space_Deep\Session03_ORM.JPA\student-manager-otm-mto-mtm\src\test\resources
2025-10-08 17:39:38,140 [Worker-126: Launching MainUniOne] INFO  o.a.m.s.f.DefaultMavenResourcesFiltering - Copying 1 resource from src\main\resources to target\classes
2025-10-08 17:39:38,143 [Worker-126: Launching MainUniOne] INFO  o.a.m.s.f.DefaultMavenResourcesFiltering - skip non existing resourceDirectory D:\BackendJava\My_Workspace\Space_Deep\Session03_ORM.JPA\student-manager-otm-mto-mtm\src\test\resources
2025-10-08 19:52:32,232 [Worker-4: Loading available Gradle versions] INFO  o.e.b.c.i.u.g.PublishedGradleVersions - Gradle version information cache is out-of-date. Trying to update.
2025-10-08 20:08:20,025 [Worker-28: Building] INFO  o.a.m.s.f.DefaultMavenResourcesFiltering - Copying 1 resource from src\main\resources to target\classes
2025-10-08 20:08:20,039 [Worker-28: Building] INFO  o.a.m.s.f.DefaultMavenResourcesFiltering - skip non existing resourceDirectory D:\BackendJava\My_Workspace\Space_Deep\Session03_ORM.JPA\student-manager-otm-mto-mtm\src\test\resources
2025-10-08 20:08:41,222 [Worker-27: Building] INFO  o.a.m.s.f.DefaultMavenResourcesFiltering - Copying 1 resource from src\main\resources to target\classes
2025-10-08 20:08:41,228 [Worker-27: Building] INFO  o.a.m.s.f.DefaultMavenResourcesFiltering - skip non existing resourceDirectory D:\BackendJava\My_Workspace\Space_Deep\Session03_ORM.JPA\student-manager-otm-mto-mtm\src\test\resources
2025-10-08 20:08:47,420 [Worker-27: Building] INFO  o.a.m.s.f.DefaultMavenResourcesFiltering - Copying 1 resource from src\main\resources to target\classes
2025-10-08 20:08:47,428 [Worker-27: Building] INFO  o.a.m.s.f.DefaultMavenResourcesFiltering - skip non existing resourceDirectory D:\BackendJava\My_Workspace\Space_Deep\Session03_ORM.JPA\student-manager-otm-mto-mtm\src\test\resources
2025-10-08 20:09:11,609 [Worker-29: Building] INFO  o.a.m.s.f.DefaultMavenResourcesFiltering - Copying 1 resource from src\main\resources to target\classes
2025-10-08 20:09:11,613 [Worker-29: Building] INFO  o.a.m.s.f.DefaultMavenResourcesFiltering - skip non existing resourceDirectory D:\BackendJava\My_Workspace\Space_Deep\Session03_ORM.JPA\student-manager-otm-mto-mtm\src\test\resources
2025-10-08 20:10:42,328 [Worker-29: Building] INFO  o.a.m.s.f.DefaultMavenResourcesFiltering - Copying 1 resource from src\main\resources to target\classes
2025-10-08 20:10:42,332 [Worker-29: Building] INFO  o.a.m.s.f.DefaultMavenResourcesFiltering - skip non existing resourceDirectory D:\BackendJava\My_Workspace\Space_Deep\Session03_ORM.JPA\student-manager-otm-mto-mtm\src\test\resources
2025-10-08 20:11:02,229 [Worker-25: Building] INFO  o.a.m.s.f.DefaultMavenResourcesFiltering - Copying 1 resource from src\main\resources to target\classes
2025-10-08 20:11:02,233 [Worker-25: Building] INFO  o.a.m.s.f.DefaultMavenResourcesFiltering - skip non existing resourceDirectory D:\BackendJava\My_Workspace\Space_Deep\Session03_ORM.JPA\student-manager-otm-mto-mtm\src\test\resources
2025-10-08 20:11:35,464 [Worker-25: Building] INFO  o.a.m.s.f.DefaultMavenResourcesFiltering - Copying 1 resource from src\main\resources to target\classes
2025-10-08 20:11:35,466 [Worker-25: Building] INFO  o.a.m.s.f.DefaultMavenResourcesFiltering - skip non existing resourceDirectory D:\BackendJava\My_Workspace\Space_Deep\Session03_ORM.JPA\student-manager-otm-mto-mtm\src\test\resources
2025-10-08 20:12:25,275 [Worker-26: Building] INFO  o.a.m.s.f.DefaultMavenResourcesFiltering - Copying 1 resource from src\main\resources to target\classes
2025-10-08 20:12:25,280 [Worker-26: Building] INFO  o.a.m.s.f.DefaultMavenResourcesFiltering - skip non existing resourceDirectory D:\BackendJava\My_Workspace\Space_Deep\Session03_ORM.JPA\student-manager-otm-mto-mtm\src\test\resources
2025-10-08 20:22:15,324 [Worker-30: Building] INFO  o.a.m.s.f.DefaultMavenResourcesFiltering - Copying 1 resource from src\main\resources to target\classes
2025-10-08 20:22:15,326 [Worker-30: Building] INFO  o.a.m.s.f.DefaultMavenResourcesFiltering - skip non existing resourceDirectory D:\BackendJava\My_Workspace\Space_Deep\Session03_ORM.JPA\student-manager-otm-mto-mtm\src\test\resources
2025-10-08 20:30:42,233 [Worker-30: Building] INFO  o.a.m.s.f.DefaultMavenResourcesFiltering - Copying 1 resource from src\main\resources to target\classes
2025-10-08 20:30:42,235 [Worker-30: Building] INFO  o.a.m.s.f.DefaultMavenResourcesFiltering - skip non existing resourceDirectory D:\BackendJava\My_Workspace\Space_Deep\Session03_ORM.JPA\student-manager-otm-mto-mtm\src\test\resources
2025-10-08 21:34:22,249 [Worker-44: Building] INFO  o.a.m.s.f.DefaultMavenResourcesFiltering - Copying 1 resource from src\main\resources to target\classes
2025-10-08 21:34:22,252 [Worker-44: Building] INFO  o.a.m.s.f.DefaultMavenResourcesFiltering - skip non existing resourceDirectory D:\BackendJava\My_Workspace\Space_Deep\Session03_ORM.JPA\student-manager-otm-mto-mtm\src\test\resources
2025-10-08 21:40:58,847 [Worker-53: Building] INFO  o.a.m.s.f.DefaultMavenResourcesFiltering - Copying 1 resource from src\main\resources to target\classes
2025-10-08 21:40:58,850 [Worker-53: Building] INFO  o.a.m.s.f.DefaultMavenResourcesFiltering - skip non existing resourceDirectory D:\BackendJava\My_Workspace\Space_Deep\Session03_ORM.JPA\student-manager-otm-mto-mtm\src\test\resources
2025-10-08 21:41:04,832 [Worker-57: Building] INFO  o.a.m.s.f.DefaultMavenResourcesFiltering - Copying 1 resource from src\main\resources to target\classes
2025-10-08 21:41:04,835 [Worker-57: Building] INFO  o.a.m.s.f.DefaultMavenResourcesFiltering - skip non existing resourceDirectory D:\BackendJava\My_Workspace\Space_Deep\Session03_ORM.JPA\student-manager-otm-mto-mtm\src\test\resources
2025-10-08 21:41:19,954 [Worker-58: Building] INFO  o.a.m.s.f.DefaultMavenResourcesFiltering - Copying 1 resource from src\main\resources to target\classes
2025-10-08 21:41:19,956 [Worker-58: Building] INFO  o.a.m.s.f.DefaultMavenResourcesFiltering - skip non existing resourceDirectory D:\BackendJava\My_Workspace\Space_Deep\Session03_ORM.JPA\student-manager-otm-mto-mtm\src\test\resources
2025-10-08 21:41:34,222 [Worker-57: Building] INFO  o.a.m.s.f.DefaultMavenResourcesFiltering - Copying 1 resource from src\main\resources to target\classes
2025-10-08 21:41:34,228 [Worker-57: Building] INFO  o.a.m.s.f.DefaultMavenResourcesFiltering - skip non existing resourceDirectory D:\BackendJava\My_Workspace\Space_Deep\Session03_ORM.JPA\student-manager-otm-mto-mtm\src\test\resources
2025-10-08 21:42:11,097 [Worker-57: Building] INFO  o.a.m.s.f.DefaultMavenResourcesFiltering - Copying 1 resource from src\main\resources to target\classes
2025-10-08 21:42:11,099 [Worker-57: Building] INFO  o.a.m.s.f.DefaultMavenResourcesFiltering - skip non existing resourceDirectory D:\BackendJava\My_Workspace\Space_Deep\Session03_ORM.JPA\student-manager-otm-mto-mtm\src\test\resources
2025-10-08 21:43:28,717 [Worker-55: Building] INFO  o.a.m.s.f.DefaultMavenResourcesFiltering - Copying 1 resource from src\main\resources to target\classes
2025-10-08 21:43:28,719 [Worker-55: Building] INFO  o.a.m.s.f.DefaultMavenResourcesFiltering - skip non existing resourceDirectory D:\BackendJava\My_Workspace\Space_Deep\Session03_ORM.JPA\student-manager-otm-mto-mtm\src\test\resources
2025-10-08 21:44:29,074 [Worker-53: Building] INFO  o.a.m.s.f.DefaultMavenResourcesFiltering - Copying 1 resource from src\main\resources to target\classes
2025-10-08 21:44:29,076 [Worker-53: Building] INFO  o.a.m.s.f.DefaultMavenResourcesFiltering - skip non existing resourceDirectory D:\BackendJava\My_Workspace\Space_Deep\Session03_ORM.JPA\student-manager-otm-mto-mtm\src\test\resources
2025-10-08 21:44:41,613 [Worker-51: Building] INFO  o.a.m.s.f.DefaultMavenResourcesFiltering - Copying 1 resource from src\main\resources to target\classes
2025-10-08 21:44:41,615 [Worker-51: Building] INFO  o.a.m.s.f.DefaultMavenResourcesFiltering - skip non existing resourceDirectory D:\BackendJava\My_Workspace\Space_Deep\Session03_ORM.JPA\student-manager-otm-mto-mtm\src\test\resources
2025-10-08 21:45:33,047 [Worker-59: Building] INFO  o.a.m.s.f.DefaultMavenResourcesFiltering - Copying 1 resource from src\main\resources to target\classes
2025-10-08 21:45:33,049 [Worker-59: Building] INFO  o.a.m.s.f.DefaultMavenResourcesFiltering - skip non existing resourceDirectory D:\BackendJava\My_Workspace\Space_Deep\Session03_ORM.JPA\student-manager-otm-mto-mtm\src\test\resources
2025-10-08 21:46:49,159 [Worker-53: Building] INFO  o.a.m.s.f.DefaultMavenResourcesFiltering - Copying 1 resource from src\main\resources to target\classes
2025-10-08 21:46:49,162 [Worker-53: Building] INFO  o.a.m.s.f.DefaultMavenResourcesFiltering - skip non existing resourceDirectory D:\BackendJava\My_Workspace\Space_Deep\Session03_ORM.JPA\student-manager-otm-mto-mtm\src\test\resources
2025-10-08 21:52:59,542 [Worker-55: Building] INFO  o.a.m.s.f.DefaultMavenResourcesFiltering - Copying 1 resource from src\main\resources to target\classes
2025-10-08 21:52:59,545 [Worker-55: Building] INFO  o.a.m.s.f.DefaultMavenResourcesFiltering - skip non existing resourceDirectory D:\BackendJava\My_Workspace\Space_Deep\Session03_ORM.JPA\student-manager-otm-mto-mtm\src\test\resources
2025-10-08 21:53:05,709 [Worker-55: Building] INFO  o.a.m.s.f.DefaultMavenResourcesFiltering - Copying 1 resource from src\main\resources to target\classes
2025-10-08 21:53:05,716 [Worker-55: Building] INFO  o.a.m.s.f.DefaultMavenResourcesFiltering - skip non existing resourceDirectory D:\BackendJava\My_Workspace\Space_Deep\Session03_ORM.JPA\student-manager-otm-mto-mtm\src\test\resources
2025-10-08 21:53:31,847 [Worker-55: Building] INFO  o.a.m.s.f.DefaultMavenResourcesFiltering - Copying 1 resource from src\main\resources to target\classes
2025-10-08 21:53:31,849 [Worker-55: Building] INFO  o.a.m.s.f.DefaultMavenResourcesFiltering - skip non existing resourceDirectory D:\BackendJava\My_Workspace\Space_Deep\Session03_ORM.JPA\student-manager-otm-mto-mtm\src\test\resources
2025-10-08 21:53:41,055 [Worker-61: Building] INFO  o.a.m.s.f.DefaultMavenResourcesFiltering - Copying 1 resource from src\main\resources to target\classes
2025-10-08 21:53:41,057 [Worker-61: Building] INFO  o.a.m.s.f.DefaultMavenResourcesFiltering - skip non existing resourceDirectory D:\BackendJava\My_Workspace\Space_Deep\Session03_ORM.JPA\student-manager-otm-mto-mtm\src\test\resources
2025-10-08 21:54:05,494 [Worker-61: Building] INFO  o.a.m.s.f.DefaultMavenResourcesFiltering - Copying 1 resource from src\main\resources to target\classes
2025-10-08 21:54:05,497 [Worker-61: Building] INFO  o.a.m.s.f.DefaultMavenResourcesFiltering - skip non existing resourceDirectory D:\BackendJava\My_Workspace\Space_Deep\Session03_ORM.JPA\student-manager-otm-mto-mtm\src\test\resources
2025-10-08 21:54:06,758 [Worker-60: Building] INFO  o.a.m.s.f.DefaultMavenResourcesFiltering - Copying 1 resource from src\main\resources to target\classes
2025-10-08 21:54:06,760 [Worker-60: Building] INFO  o.a.m.s.f.DefaultMavenResourcesFiltering - skip non existing resourceDirectory D:\BackendJava\My_Workspace\Space_Deep\Session03_ORM.JPA\student-manager-otm-mto-mtm\src\test\resources
2025-10-08 21:58:58,295 [Worker-64: Building] INFO  o.a.m.s.f.DefaultMavenResourcesFiltering - Copying 1 resource from src\main\resources to target\classes
2025-10-08 21:58:58,297 [Worker-64: Building] INFO  o.a.m.s.f.DefaultMavenResourcesFiltering - skip non existing resourceDirectory D:\BackendJava\My_Workspace\Space_Deep\Session03_ORM.JPA\student-manager-otm-mto-mtm\src\test\resources
2025-10-08 21:59:21,696 [Worker-60: Building] INFO  o.a.m.s.f.DefaultMavenResourcesFiltering - Copying 1 resource from src\main\resources to target\classes
2025-10-08 21:59:21,700 [Worker-60: Building] INFO  o.a.m.s.f.DefaultMavenResourcesFiltering - skip non existing resourceDirectory D:\BackendJava\My_Workspace\Space_Deep\Session03_ORM.JPA\student-manager-otm-mto-mtm\src\test\resources
2025-10-08 22:46:30,928 [Worker-76: Building] INFO  o.a.m.s.f.DefaultMavenResourcesFiltering - Copying 1 resource from src\main\resources to target\classes
2025-10-08 22:46:30,932 [Worker-76: Building] INFO  o.a.m.s.f.DefaultMavenResourcesFiltering - skip non existing resourceDirectory D:\BackendJava\My_Workspace\Space_Deep\Session03_ORM.JPA\student-manager-otm-mto-mtm\src\test\resources
2025-10-08 22:52:37,223 [Worker-80: Building] INFO  o.a.m.s.f.DefaultMavenResourcesFiltering - Copying 1 resource from src\main\resources to target\classes
2025-10-08 22:52:37,225 [Worker-80: Building] INFO  o.a.m.s.f.DefaultMavenResourcesFiltering - skip non existing resourceDirectory D:\BackendJava\My_Workspace\Space_Deep\Session03_ORM.JPA\student-manager-otm-mto-mtm\src\test\resources
2025-10-08 22:55:30,336 [Worker-81: Building] INFO  o.a.m.s.f.DefaultMavenResourcesFiltering - Copying 1 resource from src\main\resources to target\classes
2025-10-08 22:55:30,339 [Worker-81: Building] INFO  o.a.m.s.f.DefaultMavenResourcesFiltering - skip non existing resourceDirectory D:\BackendJava\My_Workspace\Space_Deep\Session03_ORM.JPA\student-manager-otm-mto-mtm\src\test\resources
2025-10-09 00:15:16,224 [Worker-101: Building] INFO  o.a.m.s.f.DefaultMavenResourcesFiltering - Copying 1 resource from src\main\resources to target\classes
2025-10-09 00:15:16,227 [Worker-101: Building] INFO  o.a.m.s.f.DefaultMavenResourcesFiltering - skip non existing resourceDirectory D:\BackendJava\My_Workspace\Space_Deep\Session03_ORM.JPA\student-manager-otm-mto-mtm\src\test\resources
2025-10-09 00:17:10,568 [Worker-101: Building] INFO  o.a.m.s.f.DefaultMavenResourcesFiltering - Copying 1 resource from src\main\resources to target\classes
2025-10-09 00:17:10,570 [Worker-101: Building] INFO  o.a.m.s.f.DefaultMavenResourcesFiltering - skip non existing resourceDirectory D:\BackendJava\My_Workspace\Space_Deep\Session03_ORM.JPA\student-manager-otm-mto-mtm\src\test\resources
2025-10-09 00:17:14,983 [Worker-101: Building] INFO  o.a.m.s.f.DefaultMavenResourcesFiltering - Copying 1 resource from src\main\resources to target\classes
2025-10-09 00:17:14,986 [Worker-101: Building] INFO  o.a.m.s.f.DefaultMavenResourcesFiltering - skip non existing resourceDirectory D:\BackendJava\My_Workspace\Space_Deep\Session03_ORM.JPA\student-manager-otm-mto-mtm\src\test\resources
2025-10-09 00:19:38,743 [Worker-101: Building] INFO  o.a.m.s.f.DefaultMavenResourcesFiltering - Copying 1 resource from src\main\resources to target\classes
2025-10-09 00:19:38,745 [Worker-101: Building] INFO  o.a.m.s.f.DefaultMavenResourcesFiltering - skip non existing resourceDirectory D:\BackendJava\My_Workspace\Space_Deep\Session03_ORM.JPA\student-manager-otm-mto-mtm\src\test\resources
2025-10-09 00:27:23,000 [Worker-96: Building] INFO  o.a.m.s.f.DefaultMavenResourcesFiltering - Copying 1 resource from src\main\resources to target\classes
2025-10-09 00:27:23,003 [Worker-96: Building] INFO  o.a.m.s.f.DefaultMavenResourcesFiltering - skip non existing resourceDirectory D:\BackendJava\My_Workspace\Space_Deep\Session03_ORM.JPA\student-manager-otm-mto-mtm\src\test\resources
2025-10-09 00:27:55,079 [Worker-101: Launching MainOneMany] INFO  o.a.m.s.f.DefaultMavenResourcesFiltering - Copying 1 resource from src\main\resources to target\classes
2025-10-09 00:27:55,082 [Worker-101: Launching MainOneMany] INFO  o.a.m.s.f.DefaultMavenResourcesFiltering - skip non existing resourceDirectory D:\BackendJava\My_Workspace\Space_Deep\Session03_ORM.JPA\student-manager-otm-mto-mtm\src\test\resources
2025-10-09 00:28:10,140 [Worker-106: Building] INFO  o.a.m.s.f.DefaultMavenResourcesFiltering - Copying 1 resource from src\main\resources to target\classes
2025-10-09 00:28:10,142 [Worker-106: Building] INFO  o.a.m.s.f.DefaultMavenResourcesFiltering - skip non existing resourceDirectory D:\BackendJava\My_Workspace\Space_Deep\Session03_ORM.JPA\student-manager-otm-mto-mtm\src\test\resources
2025-10-09 00:30:46,527 [Worker-109: Building] INFO  o.a.m.s.f.DefaultMavenResourcesFiltering - Copying 1 resource from src\main\resources to target\classes
2025-10-09 00:30:46,532 [Worker-109: Building] INFO  o.a.m.s.f.DefaultMavenResourcesFiltering - skip non existing resourceDirectory D:\BackendJava\My_Workspace\Space_Deep\Session03_ORM.JPA\student-manager-otm-mto-mtm\src\test\resources
2025-10-09 00:31:02,594 [Worker-108: Launching MainOneMany] INFO  o.a.m.s.f.DefaultMavenResourcesFiltering - Copying 1 resource from src\main\resources to target\classes
2025-10-09 00:31:02,597 [Worker-108: Launching MainOneMany] INFO  o.a.m.s.f.DefaultMavenResourcesFiltering - skip non existing resourceDirectory D:\BackendJava\My_Workspace\Space_Deep\Session03_ORM.JPA\student-manager-otm-mto-mtm\src\test\resources
2025-10-09 00:31:54,745 [Worker-110: Launching MainOneMany] INFO  o.a.m.s.f.DefaultMavenResourcesFiltering - Copying 1 resource from src\main\resources to target\classes
2025-10-09 00:31:54,752 [Worker-110: Launching MainOneMany] INFO  o.a.m.s.f.DefaultMavenResourcesFiltering - skip non existing resourceDirectory D:\BackendJava\My_Workspace\Space_Deep\Session03_ORM.JPA\student-manager-otm-mto-mtm\src\test\resources
2025-10-09 00:32:11,143 [Worker-111: Building] INFO  o.a.m.s.f.DefaultMavenResourcesFiltering - Copying 1 resource from src\main\resources to target\classes
2025-10-09 00:32:11,150 [Worker-111: Building] INFO  o.a.m.s.f.DefaultMavenResourcesFiltering - skip non existing resourceDirectory D:\BackendJava\My_Workspace\Space_Deep\Session03_ORM.JPA\student-manager-otm-mto-mtm\src\test\resources
2025-10-09 00:37:47,897 [Worker-113: Building] INFO  o.a.m.s.f.DefaultMavenResourcesFiltering - Copying 1 resource from src\main\resources to target\classes
2025-10-09 00:37:47,898 [Worker-113: Building] INFO  o.a.m.s.f.DefaultMavenResourcesFiltering - skip non existing resourceDirectory D:\BackendJava\My_Workspace\Space_Deep\Session03_ORM.JPA\student-manager-otm-mto-mtm\src\test\resources
2025-10-09 00:40:46,507 [Worker-110: Building] INFO  o.a.m.s.f.DefaultMavenResourcesFiltering - Copying 1 resource from src\main\resources to target\classes
2025-10-09 00:40:46,509 [Worker-110: Building] INFO  o.a.m.s.f.DefaultMavenResourcesFiltering - skip non existing resourceDirectory D:\BackendJava\My_Workspace\Space_Deep\Session03_ORM.JPA\student-manager-otm-mto-mtm\src\test\resources
2025-10-09 00:41:05,210 [Worker-108: Building] INFO  o.a.m.s.f.DefaultMavenResourcesFiltering - Copying 1 resource from src\main\resources to target\classes
2025-10-09 00:41:05,213 [Worker-108: Building] INFO  o.a.m.s.f.DefaultMavenResourcesFiltering - skip non existing resourceDirectory D:\BackendJava\My_Workspace\Space_Deep\Session03_ORM.JPA\student-manager-otm-mto-mtm\src\test\resources
2025-10-09 00:41:46,848 [Worker-108: Launching MainOneMany] INFO  o.a.m.s.f.DefaultMavenResourcesFiltering - Copying 1 resource from src\main\resources to target\classes
2025-10-09 00:41:46,851 [Worker-108: Launching MainOneMany] INFO  o.a.m.s.f.DefaultMavenResourcesFiltering - skip non existing resourceDirectory D:\BackendJava\My_Workspace\Space_Deep\Session03_ORM.JPA\student-manager-otm-mto-mtm\src\test\resources
2025-10-09 00:41:57,877 [Worker-108: Building] INFO  o.a.m.s.f.DefaultMavenResourcesFiltering - Copying 1 resource from src\main\resources to target\classes
2025-10-09 00:41:57,886 [Worker-108: Building] INFO  o.a.m.s.f.DefaultMavenResourcesFiltering - skip non existing resourceDirectory D:\BackendJava\My_Workspace\Space_Deep\Session03_ORM.JPA\student-manager-otm-mto-mtm\src\test\resources
2025-10-09 00:42:09,512 [Worker-108: Building] INFO  o.a.m.s.f.DefaultMavenResourcesFiltering - Copying 1 resource from src\main\resources to target\classes
2025-10-09 00:42:09,513 [Worker-108: Building] INFO  o.a.m.s.f.DefaultMavenResourcesFiltering - skip non existing resourceDirectory D:\BackendJava\My_Workspace\Space_Deep\Session03_ORM.JPA\student-manager-otm-mto-mtm\src\test\resources
2025-10-09 00:42:42,521 [Worker-110: Building] INFO  o.a.m.s.f.DefaultMavenResourcesFiltering - Copying 1 resource from src\main\resources to target\classes
2025-10-09 00:42:42,523 [Worker-110: Building] INFO  o.a.m.s.f.DefaultMavenResourcesFiltering - skip non existing resourceDirectory D:\BackendJava\My_Workspace\Space_Deep\Session03_ORM.JPA\student-manager-otm-mto-mtm\src\test\resources
2025-10-09 00:43:11,307 [Worker-113: Building] INFO  o.a.m.s.f.DefaultMavenResourcesFiltering - Copying 1 resource from src\main\resources to target\classes
2025-10-09 00:43:11,308 [Worker-113: Building] INFO  o.a.m.s.f.DefaultMavenResourcesFiltering - skip non existing resourceDirectory D:\BackendJava\My_Workspace\Space_Deep\Session03_ORM.JPA\student-manager-otm-mto-mtm\src\test\resources
2025-10-09 00:44:06,940 [Worker-114: Building] INFO  o.a.m.s.f.DefaultMavenResourcesFiltering - Copying 1 resource from src\main\resources to target\classes
2025-10-09 00:44:06,942 [Worker-114: Building] INFO  o.a.m.s.f.DefaultMavenResourcesFiltering - skip non existing resourceDirectory D:\BackendJava\My_Workspace\Space_Deep\Session03_ORM.JPA\student-manager-otm-mto-mtm\src\test\resources
2025-10-09 00:44:22,338 [Worker-110: Building] INFO  o.a.m.s.f.DefaultMavenResourcesFiltering - Copying 1 resource from src\main\resources to target\classes
2025-10-09 00:44:22,340 [Worker-110: Building] INFO  o.a.m.s.f.DefaultMavenResourcesFiltering - skip non existing resourceDirectory D:\BackendJava\My_Workspace\Space_Deep\Session03_ORM.JPA\student-manager-otm-mto-mtm\src\test\resources
2025-10-09 00:44:24,343 [Worker-115: Building] INFO  o.a.m.s.f.DefaultMavenResourcesFiltering - Copying 1 resource from src\main\resources to target\classes
2025-10-09 00:44:24,346 [Worker-115: Building] INFO  o.a.m.s.f.DefaultMavenResourcesFiltering - skip non existing resourceDirectory D:\BackendJava\My_Workspace\Space_Deep\Session03_ORM.JPA\student-manager-otm-mto-mtm\src\test\resources
2025-10-09 00:49:02,040 [Worker-108: Building] INFO  o.a.m.s.f.DefaultMavenResourcesFiltering - Copying 1 resource from src\main\resources to target\classes
2025-10-09 00:49:02,043 [Worker-108: Building] INFO  o.a.m.s.f.DefaultMavenResourcesFiltering - skip non existing resourceDirectory D:\BackendJava\My_Workspace\Space_Deep\Session03_ORM.JPA\student-manager-otm-mto-mtm\src\test\resources
2025-10-09 00:49:22,603 [Worker-117: Building] INFO  o.a.m.s.f.DefaultMavenResourcesFiltering - Copying 1 resource from src\main\resources to target\classes
2025-10-09 00:49:22,604 [Worker-117: Building] INFO  o.a.m.s.f.DefaultMavenResourcesFiltering - skip non existing resourceDirectory D:\BackendJava\My_Workspace\Space_Deep\Session03_ORM.JPA\student-manager-otm-mto-mtm\src\test\resources
2025-10-09 08:30:49,368 [Worker-1: Loading available Gradle versions] INFO  o.e.b.c.i.u.g.PublishedGradleVersions - Gradle version information cache is up-to-date. Trying to read.
